CASE_ID,ACCIDENT_YEAR,PROC_DATE,JURIS,COLLISION_DATE,COLLISION_TIME,OFFICER_ID,REPORTING_DISTRICT,DAY_OF_WEEK,CHP_SHIFT,POPULATION,CNTY_CITY_LOC,SPECIAL_COND,BEAT_TYPE,CHP_BEAT_TYPE,CITY_DIVISION_LAPD,CHP_BEAT_CLASS,BEAT_NUMBER,PRIMARY_RD,SECONDARY_RD,DISTANCE,DIRECTION,INTERSECTION,WEATHER_1,WEATHER_2,STATE_HWY_IND,CALTRANS_COUNTY,CALTRANS_DISTRICT,STATE_ROUTE,ROUTE_SUFFIX,POSTMILE_PREFIX,POSTMILE,LOCATION_TYPE,RAMP_INTERSECTION,SIDE_OF_HWY,TOW_AWAY,COLLISION_SEVERITY,NUMBER_KILLED,NUMBER_INJURED,PARTY_COUNT,PRIMARY_COLL_FACTOR,PCF_CODE_OF_VIOL,PCF_VIOL_CATEGORY,PCF_VIOLATION,PCF_VIOL_SUBSECTION,HIT_AND_RUN,TYPE_OF_COLLISION,MVIW,PED_ACTION,ROAD_SURFACE,ROAD_COND_1,ROAD_COND_2,LIGHTING,CONTROL_DEVICE,CHP_ROAD_TYPE,PEDESTRIAN_ACCIDENT,BICYCLE_ACCIDENT,MOTORCYCLE_ACCIDENT,TRUCK_ACCIDENT,NOT_PRIVATE_PROPERTY,ALCOHOL_INVOLVED,STWD_VEHTYPE_AT_FAULT,CHP_VEHTYPE_AT_FAULT,COUNT_SEVERE_INJ,COUNT_VISIBLE_INJ,COUNT_COMPLAINT_PAIN,COUNT_PED_KILLED,COUNT_PED_INJURED,COUNT_BICYCLIST_KILLED,COUNT_BICYCLIST_INJURED,COUNT_MC_KILLED,COUNT_MC_INJURED,PRIMARY_RAMP,SECONDARY_RAMP,LATITUDE,LONGITUDE,COUNTY,CITY,POINT_X,POINT_Y
5223242,2011,12/3/12,105,7/5/11,831,12759,,2,5,6,105,0,0,0,,0,1,BLACOW RD,GRIMMER BL,207,N,N,A,-,N,,,,,,,,,,Y,3,0,2,2,A,-,3,22350,,F,C,C,A,A,H,-,A,A,0,,,,,Y,,A,1,0,1,1,0,0,0,0,0,0,- ,- ,,,ALAMEDA,FREMONT,-121.9684874,37.52266755
5223246,2011,2/20/13,105,7/4/11,1113,11566,371,1,5,6,105,0,0,0,,0,1,RT 238,ORCHARD DR,0,,Y,A,-,Y,ALA,4,238,-,-,3.24,I,5,N,Y,3,0,1,2,A,-,12,21453,A,N,D,C,A,A,H,-,A,A,0,,,,,Y,,A,8,0,1,0,0,0,0,0,0,0,- ,- ,,,ALAMEDA,FREMONT,-121.9672531,37.571895
5223790,2011,3/7/13,9345,7/15/11,1600,20180,,5,2,6,105,0,1,1,,2,70,RT 880,AUTO MALL PKWY,200,N,N,A,-,Y,ALA,4,880,-,-,4.888,R,1,N,Y,3,0,1,2,A,-,3,22350,,N,C,C,A,A,H,-,A,A,1,,,,,Y,,D,22,0,1,0,0,0,0,0,0,0,FR,- ,37.5091,-121.96897,ALAMEDA,FREMONT,-121.9722531,37.511375
5223794,2011,3/7/13,9345,7/14/11,1806,20295,,4,2,6,105,0,1,1,,2,71,RT 880,DECOTO RD,2640,S,N,A,-,Y,ALA,4,880,-,-,9.8,H,-,N,Y,4,0,1,3,A,-,3,22350,,N,C,C,A,A,H,-,A,D,1,,,,,Y,,D,22,0,0,1,0,0,0,0,0,0,- ,- ,37.55747,-122.03163,ALAMEDA,FREMONT,-122.0316753,37.55735494
5224627,2011,11/20/12,105,6/12/11,1435,12510,362,7,5,6,105,0,0,0,,0,1,NILES BL,VALLEJO ST,0,,Y,A,-,N,,,,,,,,,,Y,3,0,1,2,A,-,6,21754,,N,B,C,A,A,H,-,A,D,0,,,Y,,Y,,C,2,0,1,0,0,0,0,0,0,1,- ,- ,,,ALAMEDA,FREMONT,-121.9724505,37.575828
5224631,2011,10/18/12,105,6/9/11,1925,2763,831,4,5,6,105,0,0,0,,0,1,BAY ST,GRIMMER BL,0,,Y,A,-,N,,,,,,,,,,N,4,0,1,2,A,-,5,21202,A,N,H,G,A,A,H,-,A,A,0,,Y,,,Y,,L,4,0,0,1,0,0,0,1,0,0,- ,- ,,,ALAMEDA,FREMONT,-121.96695,37.5347
5225993,2011,11/26/12,105,6/22/11,1349,1863,362,3,5,6,105,0,0,0,,0,1,RT 84,NILES CANYON RD,359,N,N,A,-,Y,ALA,4,84,-,-,10.75,H,-,N,Y,3,0,2,3,A,-,3,22350,,N,C,C,A,A,H,-,A,A,0,,,,,Y,,A,1,0,2,0,0,0,0,0,0,0,- ,- ,,,ALAMEDA,FREMONT,-121.9689188,37.5720258
5226367,2011,10/26/12,9345,6/15/11,920,20295,,3,1,6,105,0,1,1,,2,70,RT 880,STEVENSON BL,1848,N,N,A,-,Y,ALA,4,880,-,-,6.59,H,-,S,N,4,0,1,5,A,-,7,21658,A,N,C,C,A,A,H,-,A,D,1,,,,,Y,,A,1,0,0,1,0,0,0,0,0,0,- ,- ,37.5253,-121.99374,ALAMEDA,FREMONT,-121.9938731,37.525385
5226375,2011,11/26/12,9345,6/15/11,740,20295,,3,1,6,105,0,1,3,,2,84,RT 84,PASEO PADRE PKWY,500,N,N,A,-,Y,ALA,4,84,-,-,9.12,H,-,S,Y,4,0,1,2,A,-,3,22350,,N,C,C,A,A,H,-,A,D,0,,,,,Y,,A,1,0,0,1,0,0,0,0,0,0,- ,- ,37.54373,-122.06321,ALAMEDA,FREMONT,-121.993454,37.56159275
5228750,2011,5/16/13,9345,7/19/11,835,19085,,2,1,6,105,0,1,3,,1,184,RT 84,THORNTON AV,1056,S,N,B,-,Y,ALA,4,84,-,R,3.55,H,-,S,Y,4,0,2,3,A,-,3,22350,,N,C,C,A,A,H,-,A,A,1,,,,Y,Y,,F,26,0,0,2,0,0,0,0,0,0,- ,- ,37.60623,-122.06194,ALAMEDA,FREMONT,-122.0713296,37.53752923
5228770,2011,10/31/12,9345,7/14/11,1334,20288,,4,1,6,105,1,4,S,,2,901,PERKINS ST,PERKINS CT,285,S,N,A,-,N,,,,,,,,,,N,4,0,1,1,C,-,18,,,N,H,A,A,A,H,-,A,D,0,,,,,Y,,-,- ,0,0,1,0,0,0,0,0,0,- ,- ,37.5638,-122.0226,ALAMEDA,FREMONT,-122.0222194,37.56363993
5229342,2011,10/10/12,105,6/9/11,1526,12759,623,4,5,6,105,0,0,0,,0,1,WALNUT AV,CIVIC CENTER DR,610,E,N,A,-,N,,,,,,,,,,N,4,0,1,3,A,-,3,22350,,N,C,C,A,A,H,-,A,A,0,,,,,Y,,D,22,0,0,1,0,0,0,0,0,0,- ,- ,,,ALAMEDA,FREMONT,-121.9750334,37.55560889
5229346,2011,10/10/12,105,6/9/11,1406,11863,652,4,5,6,105,0,0,0,,0,2,FREMONT BL,EGGERS DR,0,,Y,A,-,N,,,,,,,,,,Y,3,0,2,2,A,-,12,21453,A,N,D,C,A,A,H,-,A,A,0,,,,,Y,,A,1,0,2,0,0,0,0,0,0,0,- ,- ,,,ALAMEDA,FREMONT,-121.99628,37.5526
5229350,2011,10/10/12,105,6/16/11,1124,2799,563,4,5,6,105,0,0,0,,0,2,BLACOW RD,BROPHY DR,0,,Y,A,-,N,,,,,,,,,,N,3,0,2,2,A,-,3,22350,,N,A,G,A,A,H,-,A,D,0,,Y,,,Y,,L,4,0,2,0,0,0,0,2,0,0,- ,- ,,,ALAMEDA,FREMONT,-122.00092,37.53759
5229354,2011,10/10/12,105,6/14/11,830,2799,1001,2,5,6,105,0,0,0,,0,1,BLACOW RD,HILO ST,8,S,N,A,-,N,,,,,,,,,,Y,4,0,1,2,A,-,3,22350,,N,C,C,A,A,H,-,A,A,0,,,,,Y,,A,1,0,0,1,0,0,0,0,0,0,- ,- ,,,ALAMEDA,FREMONT,-121.9792212,37.52620162
5234356,2011,10/16/12,9390,5/28/11,955,19672,,6,1,6,105,0,1,1,,2,65,RT 680,NORTH MISSION BL,300,N,N,B,-,Y,ALA,4,680,-,R,6.47,H,-,S,Y,2,0,3,2,A,-,7,21658,A,N,B,C,A,A,H,-,A,D,1,,,,,Y,,A,1,1,0,2,0,0,0,0,0,0,- ,- ,,,ALAMEDA,FREMONT,-121.9228445,37.54221803
5234368,2011,10/11/12,9390,5/26/11,1637,19786,,4,2,6,105,0,1,1,,2,64,RT 680,SOUTH MISSION BL,1000,N,N,A,-,Y,ALA,4,680,-,M,2.6,H,-,N,Y,4,0,1,3,A,-,3,22350,,N,C,C,A,A,H,-,A,D,1,,,,,Y,,A,1,0,0,1,0,0,0,0,0,0,- ,- ,,,ALAMEDA,FREMONT,-121.9261468,37.49834154
5234380,2011,10/16/12,9390,5/22/11,1430,19604,,7,2,6,105,0,1,1,,2,65,RT 680,VARGAS RD,528,S,N,A,-,Y,ALA,4,680,-,R,7.38,H,-,N,Y,3,0,1,1,A,-,8,22107,,N,E,I,A,A,H,-,A,D,1,,,,,Y,,A,1,0,1,0,0,0,0,0,0,0,- ,- ,37.54566,-121.91954,ALAMEDA,FREMONT,-121.9171103,37.55332151
5235609,2011,4/5/13,9345,7/12/11,857,20298,,2,1,6,105,0,1,3,,1,184,RT 84,RT 880,1584,S,N,B,-,Y,ALA,4,84,-,R,5.71,H,-,S,N,4,0,1,2,A,-,3,22350,,N,C,C,A,A,H,-,A,D,4,,,,,Y,,A,1,0,0,1,0,0,0,0,0,0,- ,- ,37.55975,-122.04168,ALAMEDA,FREMONT,-122.0406836,37.56097872
5239615,2011,10/16/12,9390,6/26/11,1950,19654,,7,2,6,105,0,1,1,,2,64,RT 680,DURHAM RD,1584,S,N,A,-,Y,ALA,4,680,-,M,3.72,H,-,S,N,4,0,1,1,A,-,8,22107,,N,E,I,A,A,G,-,A,D,1,,,,,Y,,A,7,0,0,1,0,0,0,0,0,0,- ,- ,37.49444,-121.92389,ALAMEDA,FREMONT,-121.9370292,37.50957447
5240349,2011,1/31/13,9345,7/22/11,834,19787,,5,1,6,105,0,1,1,,2,70,RT 880,SOUTH FREMONT BL,1000,S,N,A,-,Y,ALA,4,880,-,-,3.08,H,-,N,Y,3,0,1,2,A,-,7,21658,A,N,D,C,A,A,H,-,A,D,1,,,,,Y,,A,1,0,1,0,0,0,0,0,0,0,- ,- ,37.49096,-121.94594,ALAMEDA,FREMONT,-121.943439,37.48892013
5242763,2011,9/12/12,105,6/30/11,1436,12510,806,4,5,6,105,0,0,0,,0,1,FREMONT BL,PAPAZIAN WY,214,S,N,A,-,N,,,,,,,,,,N,3,0,1,2,A,-,5,21650,1,F,H,G,A,A,H,-,A,D,0,,Y,,,Y,,L,4,0,1,0,0,0,0,1,0,0,- ,- ,,,ALAMEDA,FREMONT,-121.960586,37.53364235
5242936,2011,11/27/12,105,7/6/11,1334,2274,256,3,5,6,105,0,0,0,,0,2,PASEO PADRE PKWY,WHITEHEAD LN,650,N,N,A,-,N,,,,,,,,,,Y,4,0,2,2,A,-,3,22350,,N,E,I,-,A,H,-,A,D,0,Y,,,,Y,,A,1,0,0,2,0,1,0,0,0,0,- ,- ,,,ALAMEDA,FREMONT,-122.0357814,37.58128756
5242940,2011,11/5/12,105,7/10/11,404,2159,1155,7,5,6,105,0,0,0,,0,ZONE3,FREMONT BL,LIGHT POLE 11761,39,S,N,A,-,N,,,,,,,,,,Y,3,0,1,1,A,-,1,23152,A,N,E,I,A,A,H,-,C,D,0,,,,,Y,Y,A,1,0,1,0,0,0,0,0,0,0,- ,- ,,,ALAMEDA,FREMONT,,
5242944,2011,11/5/12,105,7/15/11,1933,2274,285,5,5,6,105,0,0,0,,0,2,TAMAYO ST,PASEO PADRE PKWY,4,W,N,B,-,N,,,,,,,,,,Y,4,0,2,2,A,-,9,21802,A,N,D,C,A,A,H,-,A,A,0,,,,,Y,,A,1,0,0,2,0,0,0,0,0,0,- ,- ,,,ALAMEDA,FREMONT,-122.0168006,37.57286579
5242948,2011,2/21/13,105,7/7/11,815,2218,1242,4,5,6,105,0,0,0,,0,3,RT 262,BROWN RD,0,,Y,A,-,Y,ALA,4,262,-,R,0.92,I,5,S,Y,3,0,1,2,A,-,17,21209,A,N,D,C,A,A,H,-,A,D,0,,,Y,,Y,,C,2,0,1,0,0,0,0,0,0,1,- ,- ,,,ALAMEDA,FREMONT,-121.9255231,37.493575
5243180,2011,8/27/12,105,6/30/11,1328,11863,1069,4,5,6,105,0,0,0,,0,3,AUTO MALL PKWY,HUGO TERRACE,43,W,N,A,-,N,,,,,,,,,,Y,3,0,1,2,A,-,4,21703,,N,B,C,A,A,H,-,A,D,0,,,Y,,Y,,C,2,0,1,0,0,0,0,0,0,1,- ,- ,,,ALAMEDA,FREMONT,-121.9497189,37.5122034
5243307,2011,11/8/12,105,7/10/11,1700,2763,648,7,5,6,105,0,0,0,,0,1,MOWRY AV,FREMONT BL,0,,Y,A,-,N,,,,,,,,,,Y,4,0,1,2,A,-,12,21453,A,N,D,C,A,A,G,-,A,A,0,,,,,Y,,A,1,0,0,1,0,0,0,0,0,0,- ,- ,,,ALAMEDA,FREMONT,-121.98849,37.54861
5243312,2011,11/8/12,105,7/7/11,1914,12759,884,4,5,6,105,0,0,0,,0,1,FARWELL DR,STEVENSON BL,400,N,N,A,-,N,,,,,,,,,,Y,3,0,1,2,A,-,1,23152,A,N,C,E,A,A,H,-,A,D,0,,,,,Y,Y,A,1,0,1,0,0,0,0,0,0,0,- ,- ,,,ALAMEDA,FREMONT,-121.9862221,37.52642231
5243336,2011,11/26/12,105,7/6/11,933,12759,813,3,5,6,105,0,0,0,,0,1,FREMONT BL,STEVENSON BL,0,,Y,A,-,N,,,,,,,,,,Y,3,0,2,3,A,-,12,21453,A,N,D,C,A,A,H,-,A,A,0,,,,,Y,,-,- ,0,2,0,0,0,0,0,0,0,- ,- ,,,ALAMEDA,FREMONT,-121.97315,37.54068
5243356,2011,11/8/12,105,7/8/11,842,12223,Y,5,5,6,105,0,0,0,,0,00N,PASEO PADRE PKWY,KEARNEY ST,568,N,N,A,-,N,,,,,,,,,,Y,3,0,2,2,A,-,9,21801,A,N,D,C,A,A,H,-,A,D,0,,,,,Y,,A,1,0,1,1,0,0,0,0,0,0,- ,- ,,,ALAMEDA,FREMONT,-121.9758375,37.55073141
5243360,2011,11/8/12,105,7/9/11,1212,11863,213,6,5,6,105,0,0,0,,0,2,FREMONT BL,BEARD RD,240,S,N,A,-,N,,,,,,,,,,N,4,0,1,2,A,-,5,21650,1,N,H,G,A,A,H,-,A,D,0,,Y,,,Y,,L,4,0,0,1,0,0,0,1,0,0,- ,- ,,,ALAMEDA,FREMONT,-122.0451644,37.57719075
5246330,2011,1/31/13,9345,7/11/11,1220,20180,,1,1,6,105,0,1,1,,2,71,RT 880,THORNTON AV,200,N,N,A,-,Y,ALA,4,880,-,-,8.89,H,-,S,N,4,0,3,3,A,-,3,22350,,N,C,C,A,A,H,-,A,D,1,,,,,Y,,A,8,0,0,3,0,0,0,0,0,0,- ,- ,37.54646,-122.02313,ALAMEDA,FREMONT,-122.0220844,37.5454447
5246775,2011,10/1/12,9390,6/30/11,1700,19786,,4,2,6,105,0,1,1,,2,64,RT 680,MISSION BL,500,N,N,A,-,Y,ALA,4,680,-,M,2.5,H,-,N,Y,4,0,1,2,A,-,3,22350,,N,C,C,A,A,H,-,A,D,1,,,,,Y,,A,1,0,0,1,0,0,0,0,0,0,- ,- ,,,ALAMEDA,FREMONT,-121.9245943,37.49694538
5246795,2011,10/1/12,9390,6/16/11,1545,19670,,4,2,6,105,0,1,1,,2,64,RT 680,DURHAM RD,1000,S,N,A,-,Y,ALA,4,680,-,M,3.83,H,-,N,N,4,0,2,2,A,-,3,22350,,M,C,C,A,A,H,-,A,D,1,,,,,Y,,-,99,0,0,2,0,0,0,0,0,0,- ,- ,,,ALAMEDA,FREMONT,-121.9375662,37.51110324
5246966,2011,4/12/13,9345,7/1/11,1052,19300,,5,1,6,105,0,1,1,,2,70,RT 880,DIXON LANDING RD,4752,N,N,A,-,Y,ALA,4,880,-,R,0.81,H,-,S,Y,3,0,1,2,A,-,7,21658,A,N,E,I,A,A,H,-,A,D,1,,,,,Y,,A,1,0,1,0,0,0,0,0,0,0,- ,- ,37.46315,-121.9264,ALAMEDA,FREMONT,-121.9279575,37.46643227
5247240,2011,11/29/12,105,7/19/11,1958,2536,863,2,5,6,105,0,0,0,,0,1,BLACOW RD,BOONE DR,92,S,N,A,-,N,,,,,,,,,,Y,3,0,3,4,A,-,3,22350,,N,C,C,A,A,H,-,A,A,0,,,,,Y,,A,7,0,1,2,0,0,0,0,0,0,- ,- ,,,ALAMEDA,FREMONT,-121.9855465,37.52968787
5247244,2011,4/17/13,105,7/18/11,1446,12223,759,1,5,6,105,0,0,0,,0,1,RT 238,CALLERY CT,21,N,N,A,-,Y,ALA,4,238,-,-,0.77,H,-,S,N,2,0,1,2,A,-,21,22106,,N,G,B,E,A,D,-,A,D,0,Y,,,Y,Y,,F,25,1,0,0,0,1,0,0,0,0,- ,- ,,,ALAMEDA,FREMONT,-121.9358264,37.54735295
5250349,2011,10/16/12,9390,6/21/11,840,19604,,2,1,6,105,0,1,1,,2,64,RT 680,SOUTH MISSION BL,528,N,N,A,-,Y,ALA,4,680,-,M,2.51,H,-,S,Y,4,0,1,2,A,-,3,22350,,N,C,C,A,A,H,-,A,D,1,,,,,Y,,A,1,0,0,1,0,0,0,0,0,0,- ,- ,,,ALAMEDA,FREMONT,-121.925187,37.49713405
5250368,2011,10/1/12,9390,6/23/11,1820,19517,,4,2,6,105,0,1,1,,2,65,RT 680,NORTH MISSION BL,870,N,N,A,-,Y,ALA,4,680,-,R,6.57,H,-,N,Y,3,0,2,2,A,-,3,22350,,N,C,C,A,A,H,-,A,D,1,,,,,Y,,A,1,0,1,1,0,0,0,0,0,0,- ,- ,37.54205,-121.92261,ALAMEDA,FREMONT,-121.9236948,37.54129073
5250567,2011,2/21/13,105,7/30/11,48,12798,315,6,5,6,105,0,0,0,,0,1,RT 238,MISSION BL,0,,N,A,-,Y,ALA,4,238,-,-,4.04,H,-,N,Y,3,0,2,1,A,-,1,23153,A,N,F,I,A,A,H,-,C,D,0,,,,,Y,Y,D,23,0,2,0,0,0,0,0,0,0,- ,- ,,,ALAMEDA,FREMONT,-121.9781331,37.5788663
5251040,2011,8/6/12,9345,2/28/11,2255,19553,,1,3,6,105,0,1,1,,2,70,RT 880,WARREN AV,1000,N,N,A,-,Y,ALA,4,880,-,-,2.36,H,-,S,N,4,0,1,2,A,-,7,21658,A,N,C,C,A,A,H,-,C,D,1,,,,,Y,,A,7,0,0,1,0,0,0,0,0,0,- ,- ,37.48558,-121.93964,ALAMEDA,FREMONT,-121.9383361,37.48473444
5251733,2011,12/7/12,105,8/4/11,1251,2274,412,4,5,6,105,0,0,0,,0,2,THORNTON AV,MORAINE ST,0,,Y,A,-,N,,,,,,,,,,Y,4,0,1,2,A,-,12,21453,A,N,D,C,A,A,H,-,A,A,0,,,,,Y,,A,1,0,0,1,0,0,0,0,0,0,- ,- ,,,ALAMEDA,FREMONT,-122.00918,37.56301
5251737,2011,11/8/12,105,7/25/11,1801,12759,558,1,5,6,105,0,0,0,,0,2,BLACOW RD,EGGERS DR,0,,Y,A,-,N,,,,,,,,,,Y,3,0,1,2,A,-,8,22107,,M,A,C,A,A,H,-,A,A,0,,,,,Y,,-,- ,0,1,0,0,0,0,0,0,0,- ,- ,,,ALAMEDA,FREMONT,-122.00547,37.5397
5254804,2011,11/28/12,105,7/25/11,1756,12759,,1,5,6,105,0,0,0,,0,1,PASEO PADRE PKWY,OLIVE AV,0,,Y,A,-,N,,,,,,,,,,Y,3,0,3,3,A,-,9,21802,A,N,D,C,A,A,H,-,A,A,0,,,,,Y,,A,1,0,1,2,0,0,0,0,0,0,- ,- ,,,ALAMEDA,FREMONT,-121.93834,37.53486
5254808,2011,11/28/12,105,7/26/11,742,11134,623,2,5,6,105,0,0,0,,0,1,WALNUT AV,CIVIC CENTER DR,259,E,N,A,-,N,,,,,,,,,,N,3,0,1,2,A,-,7,21658,A,N,D,G,A,A,H,-,A,D,0,,Y,,,Y,,L,4,0,1,0,0,0,0,1,0,0,- ,- ,,,ALAMEDA,FREMONT,-121.975671,37.55478911
5254816,2011,11/30/12,105,7/20/11,1622,2536,648,3,5,6,105,0,0,0,,0,1,MOWRY AV,FREMONT BL,0,,Y,A,-,N,,,,,,,,,,Y,3,0,3,3,A,-,9,21453,C,N,D,C,A,A,H,-,A,A,0,,,,,Y,,A,1,0,1,2,0,0,0,0,0,0,- ,- ,,,ALAMEDA,FREMONT,-121.98849,37.54861
5254836,2011,4/10/13,105,7/24/11,1133,12223,361,7,5,6,105,0,0,0,,0,1,RT 84,MILE MARKER 084 ALA 11.50,175,N,N,A,-,Y,ALA,4,84,-,-,10.86,H,-,S,N,3,0,1,2,A,-,6,21750,,F,B,G,A,A,H,-,A,D,0,,Y,,,Y,,A,1,0,1,0,0,0,0,1,0,0,- ,- ,,,ALAMEDA,FREMONT,-121.9713109,37.57679449
5254840,2011,11/28/12,105,7/27/11,1750,2528,770,3,5,6,105,0,0,0,,0,1,WALNUT AV,LAKEFRONT CIR,0,,Y,A,-,N,,,,,,,,,,N,4,0,1,2,A,-,10,21952,,F,G,B,F,A,H,-,A,D,0,Y,,,,Y,,-,- ,0,0,1,0,1,0,0,0,0,- ,- ,,,ALAMEDA,FREMONT,-121.97268,37.55838
5254844,2011,11/28/12,105,7/11/11,114,13496,,1,5,6,105,0,0,0,,0,,FREMONT BL,LIGHT POLE 3344,25,N,N,A,-,N,,,,,,,,,,Y,3,0,2,1,A,-,9,21453,C,N,E,I,A,A,H,-,C,A,0,,,,,Y,,A,1,0,1,1,0,0,0,0,0,0,- ,- ,,,ALAMEDA,FREMONT,,
5254847,2011,11/28/12,105,7/19/11,1313,12745,813,2,5,6,105,0,0,0,,0,1,STEVENSON BL,FREMONT BL,57,W,N,A,-,N,,,,,,,,,,N,4,0,1,2,A,-,3,22350,,F,C,C,A,A,H,-,A,A,0,,,,,Y,,-,99,0,0,1,0,0,0,0,0,0,- ,- ,,,ALAMEDA,FREMONT,-121.9732713,37.54055425
5254872,2011,11/28/12,105,7/29/11,1604,2536,843,5,5,6,105,0,0,0,,0,1,GRIMMER BL,VICTORIA AV,87,N,N,A,-,N,,,,,,,,,,Y,3,0,2,2,A,-,3,22350,,N,C,C,A,A,H,-,A,D,0,,,,,Y,,A,1,0,2,0,0,0,0,0,0,0,- ,- ,,,ALAMEDA,FREMONT,-121.97001,37.52815217
5254875,2011,11/28/12,105,7/5/11,1837,2274,624,2,5,6,105,0,0,0,,0,1,WALNUT AV,PASEO PADRE PKWY,227,E,N,A,-,N,,,,,,,,,,N,3,0,1,2,A,-,6,21754,,N,E,I,A,A,H,-,A,A,0,,,Y,,Y,,C,2,0,1,0,0,0,0,0,0,1,- ,- ,,,ALAMEDA,FREMONT,-121.9775516,37.55238528
5254879,2011,11/28/12,105,7/16/11,1609,2274,777,6,5,6,105,0,0,0,,0,1,STEVENSON BL,LIBERTY ST,0,,Y,A,-,N,,,,,,,,,,Y,4,0,2,2,A,-,12,21453,A,N,D,C,A,A,H,-,A,A,0,,,,,Y,,A,1,0,0,2,0,0,0,0,0,0,- ,- ,,,ALAMEDA,FREMONT,-121.97258,37.54648
5258383,2011,3/1/13,9345,8/16/11,730,19085,,2,1,6,105,0,1,1,,2,71,RT 880,PASEO PADRE PKWY,100,N,N,B,-,Y,ALA,4,880,-,-,10.95,H,-,S,Y,4,0,1,4,A,-,8,22107,,N,D,C,A,A,H,-,A,D,1,,,,,Y,,-,99,0,0,1,0,0,0,0,0,0,- ,- ,37.57101,-122.04574,ALAMEDA,FREMONT,-122.0461866,37.57227262
5258894,2011,2/11/13,9345,8/11/11,642,18025,,4,1,6,105,0,1,1,,2,70,RT 880,SOUTH FREMONT BL,500,N,N,A,-,Y,ALA,4,880,-,-,3.36,H,-,S,Y,4,0,3,2,A,-,3,22350,,N,C,C,A,A,H,-,A,D,1,,,,,Y,,D,22,0,0,3,0,0,0,0,0,0,- ,- ,37.49401,-121.95067,ALAMEDA,FREMONT,-121.9501351,37.49379071
5260657,2011,12/1/12,105,8/8/11,1700,12759,668,1,5,6,105,0,0,0,,0,2,PERALTA BL,JOSEPH ST,105,W,N,A,-,N,,,,,,,,,,Y,4,0,1,2,A,-,1,23152,A,N,B,E,A,A,H,-,A,D,0,,,,,Y,Y,D,22,0,0,1,0,0,0,0,0,0,- ,- ,,,ALAMEDA,FREMONT,-122.0087496,37.55573772
5260853,2011,7/12/13,9390,7/20/11,1930,19517,,3,2,6,105,0,1,1,,2,64,RT 680,DURHAM RD,4224,N,N,A,-,Y,ALA,4,680,-,M,3.22,H,-,N,N,4,0,1,2,A,-,3,22350,,N,C,C,A,A,H,-,A,D,1,,,,,Y,,A,1,0,0,1,0,0,0,0,0,0,- ,- ,37.50462,-121.9331,ALAMEDA,FREMONT,-121.9329043,37.50430611
5260962,2011,2/7/13,9390,7/20/11,700,19786,,3,1,6,105,0,1,1,,2,64,RT 680,SCOTT CREEK RD,500,N,N,A,-,Y,ALA,4,680,-,M,0.38,H,-,S,Y,4,0,1,1,A,-,8,22107,,N,E,I,A,A,H,-,A,D,1,,,,,Y,,A,1,0,0,1,0,0,0,0,0,0,- ,- ,37.46689,-121.9063,ALAMEDA,FREMONT,-121.9086612,37.47001007
5260969,2011,2/8/13,9390,7/27/11,1915,19654,,3,2,6,105,0,1,1,,2,64,RT 680,RT 238,528,S,N,A,-,Y,ALA,4,680,-,M,6.4,H,-,S,Y,4,0,1,2,A,-,7,21658,A,M,E,I,A,A,H,-,A,D,1,,,,,Y,,-,99,0,0,1,0,0,0,0,0,0,- ,- ,37.53754,-121.92923,ALAMEDA,FREMONT,-121.9283433,37.53808486
5264805,2011,10/16/12,9345,5/27/11,37,20143,,5,3,6,105,0,1,3,,1,184,RT 84,UNIVERSITY AV,9504,N,N,A,-,Y,SM,4,84,-,R,29.99,H,-,S,Y,4,0,3,2,A,-,1,23152,A,N,C,C,A,A,D,-,C,A,4,,,,,Y,Y,A,1,0,0,3,0,0,0,0,0,0,- ,- ,37.50721,-122.11667,ALAMEDA,FREMONT,,
5265545,2011,9/14/12,9390,6/28/11,1543,16178,,2,2,6,105,0,1,1,,2,65,RT 680,VARGAS RD,465,S,N,B,C,Y,ALA,4,680,-,R,7.39,H,-,S,Y,3,0,1,1,A,-,8,22107,,N,E,I,A,B,H,-,A,D,1,,,,,Y,,A,1,0,1,0,0,0,0,0,0,0,- ,- ,37.55343,-121.91702,ALAMEDA,FREMONT,-121.9179098,37.55213504
5267306,2011,2/11/13,9345,7/27/11,1840,19250,,3,2,6,105,0,1,1,,2,70,RT 880,RT 262,2000,S,N,A,-,Y,ALA,4,880,-,R,1.63,H,-,N,N,4,0,1,2,A,-,3,22350,,N,C,C,A,A,H,-,A,D,1,,,,,Y,,A,1,0,0,1,0,0,0,0,0,0,- ,- ,37.47861,-121.93341,ALAMEDA,FREMONT,-121.9327963,37.47672487
5267325,2011,2/11/13,9345,7/28/11,1835,19250,,4,2,6,105,0,1,1,,2,70,RT 880,RT 262,1500,N,N,A,-,Y,ALA,4,880,-,-,2.56,H,-,N,N,4,0,2,4,A,-,3,22350,,N,C,C,A,A,H,-,A,D,1,,,,,Y,,A,7,0,0,2,0,0,0,0,0,0,- ,- ,37.4836,-121.93669,ALAMEDA,FREMONT,-121.939518,37.48586351
5267329,2011,3/7/13,9345,7/30/11,1415,19610,,6,2,6,105,0,1,1,,2,71,RT 880,DECOTO RD,1000,S,N,A,-,Y,ALA,4,880,-,-,10.11,H,-,N,Y,4,0,1,2,A,-,3,22350,,N,C,C,A,A,H,-,A,D,1,,,,,Y,,A,1,0,0,1,0,0,0,0,0,0,- ,- ,37.56115,-122.03552,ALAMEDA,FREMONT,-122.0344529,37.55995484
5267349,2011,5/29/13,9345,7/24/11,1730,20075,,7,2,6,105,0,1,3,,1,184,RT 84,UNIVERSITY AV,9504,N,N,A,-,Y,ALA,4,84,-,R,0.74,H,-,S,Y,3,0,7,2,A,-,3,22350,,N,C,C,A,A,H,-,A,D,1,,,,,Y,,A,7,0,1,6,0,0,0,0,0,0,- ,- ,37.50669,-122.11736,ALAMEDA,FREMONT,-122.1083231,37.51424499