CASE_ID,ACCIDENT_YEAR,PROC_DATE,JURIS,COLLISION_DATE,COLLISION_TIME,OFFICER_ID,REPORTING_DISTRICT,DAY_OF_WEEK,CHP_SHIFT,POPULATION,CNTY_CITY_LOC,SPECIAL_COND,BEAT_TYPE,CHP_BEAT_TYPE,CITY_DIVISION_LAPD,CHP_BEAT_CLASS,BEAT_NUMBER,PRIMARY_RD,SECONDARY_RD,DISTANCE,DIRECTION,INTERSECTION,WEATHER_1,WEATHER_2,STATE_HWY_IND,CALTRANS_COUNTY,CALTRANS_DISTRICT,STATE_ROUTE,ROUTE_SUFFIX,POSTMILE_PREFIX,POSTMILE,LOCATION_TYPE,RAMP_INTERSECTION,SIDE_OF_HWY,TOW_AWAY,COLLISION_SEVERITY,NUMBER_KILLED,NUMBER_INJURED,PARTY_COUNT,PRIMARY_COLL_FACTOR,PCF_CODE_OF_VIOL,PCF_VIOL_CATEGORY,PCF_VIOLATION,PCF_VIOL_SUBSECTION,HIT_AND_RUN,TYPE_OF_COLLISION,MVIW,PED_ACTION,ROAD_SURFACE,ROAD_COND_1,ROAD_COND_2,LIGHTING,CONTROL_DEVICE,CHP_ROAD_TYPE,PEDESTRIAN_ACCIDENT,BICYCLE_ACCIDENT,MOTORCYCLE_ACCIDENT,TRUCK_ACCIDENT,NOT_PRIVATE_PROPERTY,ALCOHOL_INVOLVED,STWD_VEHTYPE_AT_FAULT,CHP_VEHTYPE_AT_FAULT,COUNT_SEVERE_INJ,COUNT_VISIBLE_INJ,COUNT_COMPLAINT_PAIN,COUNT_PED_KILLED,COUNT_PED_INJURED,COUNT_BICYCLIST_KILLED,COUNT_BICYCLIST_INJURED,COUNT_MC_KILLED,COUNT_MC_INJURED,PRIMARY_RAMP,SECONDARY_RAMP,LATITUDE,LONGITUDE,COUNTY,CITY,POINT_X,POINT_Y
5593857,2011,1/31/13,105,12/29/11,1440,12223,1031,4,5,6,105,0,0,0,,0,3,EVERGLADES PARK DR,ISLE ROYAL ST,150,W,N,A,-,N,,,,,,,,,,N,3,0,1,1,-,-,- ,,,N,F,A,A,A,H,-,A,D,0,,Y,,,Y,,-,- ,0,1,0,0,0,0,1,0,0,- ,- ,,,ALAMEDA,FREMONT,-121.97093,37.51818033
5594727,2012,4/3/14,9345,4/20/12,1955,20180,,5,2,6,105,0,1,1,,2,70,RT 880,MISSION BL,300,S,N,A,-,Y,ALA,4,880,-,-,2.23,H,-,N,N,4,0,1,1,C,-,18,,,N,A,I,A,A,H,-,A,D,1,,,,,Y,,-,- ,0,0,1,0,0,0,0,0,0,- ,- ,37.48337,-121.93623,ALAMEDA,FREMONT,-121.9363535,37.48311733
5594735,2012,1/17/14,9345,4/23/12,1910,18025,,1,2,6,105,0,1,1,,2,70,RT 880,STEVENSON BL,1056,S,N,B,-,Y,ALA,4,880,-,-,6.04,H,-,S,N,4,0,1,2,A,-,6,21755,,N,B,C,A,A,H,-,A,D,1,,,Y,,Y,,C,2,0,0,1,0,0,0,0,0,1,- ,- ,37.51897,-121.98182,ALAMEDA,FREMONT,-121.9821531,37.519095
5594743,2012,1/17/14,9345,4/24/12,640,17613,,2,1,6,105,0,1,1,,2,70,RT 880,STEVENSON BL,1500,N,N,A,-,Y,ALA,4,880,-,-,6.52,H,-,S,N,4,0,2,2,A,-,3,22350,,N,C,C,A,A,H,-,A,D,1,,,,,Y,,A,7,0,0,2,0,0,0,0,0,0,- ,- ,37.52572,-121.99464,ALAMEDA,FREMONT,-121.9931232,37.52501435
5594776,2012,1/17/14,9345,4/12/12,1635,19994,,4,2,6,105,0,1,1,,2,71,RT 880,FREMONT BL,200,S,N,B,-,Y,ALA,4,880,-,-,11.36,H,-,N,N,4,0,1,3,A,-,3,22350,,N,C,C,A,B,H,-,A,D,1,,,,,Y,,A,1,0,0,1,0,0,0,0,0,0,- ,- ,37.57782,-122.04773,ALAMEDA,FREMONT,-122.0469737,37.57524346
5594780,2012,1/17/14,9345,4/14/12,420,20180,,6,3,6,105,0,1,1,,2,70,RT 880,FREMONT BL,1225,N,N,A,-,Y,ALA,4,880,-,-,3.04,H,-,S,N,2,0,1,1,A,-,1,23152,A,N,A,I,A,A,H,-,D,D,1,,,,,Y,Y,A,7,1,0,0,0,0,0,0,0,0,- ,- ,37.49413,-121.95099,ALAMEDA,FREMONT,-121.9433647,37.48855416
5596078,2012,3/4/14,9345,4/18/12,745,17807,,3,1,6,105,0,1,1,,2,71,RT 880,DECOTO RD,2000,S,N,A,-,Y,ALA,4,880,-,-,9.92,H,-,N,Y,4,0,3,3,A,-,3,22350,,N,C,C,A,A,H,-,A,D,1,,,,,Y,,A,1,0,0,3,0,0,0,0,0,0,- ,- ,,,ALAMEDA,FREMONT,-122.0327511,37.55836083
5596425,2012,1/23/14,9345,4/25/12,820,17613,,3,1,6,105,0,1,1,,2,70,RT 880,AUTO MALL PKWY,2112,N,N,B,-,Y,ALA,4,880,-,-,5.16,H,-,S,Y,4,0,1,5,A,-,3,22350,,N,C,C,A,A,H,-,A,D,1,,,,,Y,,A,1,0,0,1,0,0,0,0,0,0,- ,- ,37.51211,-121.97367,ALAMEDA,FREMONT,-121.9746428,37.51300967
5596429,2012,2/19/14,9345,4/23/12,1230,19085,,1,1,6,105,0,1,3,,2,262,RT 262,WARM SPRINGS,30,N,N,B,-,Y,ALA,4,262,-,R,0.46,H,-,N,Y,3,0,3,3,A,-,3,22350,,N,C,C,A,A,H,-,A,D,1,,,,Y,Y,,A,8,0,2,1,0,0,0,0,0,0,- ,- ,37.48747,-121.93194,ALAMEDA,FREMONT,-121.9317231,37.487685
5596441,2012,1/17/14,9345,4/27/12,945,19994,,5,1,6,105,0,1,1,,2,71,RT 880,DECOTO RD,200,S,N,A,-,Y,ALA,4,880,-,-,10.26,H,-,N,Y,4,0,1,2,A,-,3,22350,,N,C,C,A,A,H,-,A,D,1,,,,,Y,,A,1,0,0,1,0,0,0,0,0,0,- ,- ,37.5678,-122.03333,ALAMEDA,FREMONT,-122.0394831,37.564595
5597114,2012,1/3/14,9345,4/14/12,1935,20250,,6,2,6,105,0,1,1,,2,70,RT 880,DIXON LANDING RD,200,N,N,A,-,Y,SCL,4,880,-,-,10.45,H,-,N,Y,3,0,1,1,C,-,18,,,N,E,I,A,A,H,-,B,D,1,,,,,Y,,-,- ,0,1,0,0,0,0,0,0,0,- ,- ,37.45587,-121.92323,ALAMEDA,FREMONT,-122.0415188,37.56651412
5598263,2012,1/21/14,9390,4/12/12,1132,19517,,4,1,6,105,0,1,1,,2,64,RT 680,DURHAM RD,2200,S,N,A,-,Y,ALA,4,680,-,M,3.6,H,-,S,Y,4,0,2,2,A,-,3,22350,,N,C,C,A,A,H,-,A,D,1,,,,,Y,,A,1,0,0,2,0,0,0,0,0,0,- ,- ,37.50667,-121.93546,ALAMEDA,FREMONT,-121.9362995,37.50831954
5598279,2012,1/21/14,9390,4/21/12,1720,20069,,6,2,6,105,0,1,1,,2,64,RT 680,WASHINGTON AV,2640,S,N,A,-,Y,ALA,4,680,-,M,4.87,H,-,N,Y,3,0,1,1,A,-,8,22107,,N,F,A,A,A,H,-,A,D,1,,,,,Y,,A,1,0,1,0,0,0,0,0,0,0,- ,- ,37.65761,-121.90256,ALAMEDA,FREMONT,-121.945997,37.52572656
5600402,2012,1/17/14,9345,4/30/12,740,17613,,1,1,6,105,0,1,1,,2,70,RT 880,AUTO MALL PKWY,600,S,N,A,-,Y,ALA,4,880,-,-,4.553,R,1,S,N,4,0,1,2,A,-,3,22350,,N,C,C,A,A,H,-,A,D,1,,,,,Y,,A,7,0,0,1,0,0,0,0,0,0,FR,- ,37.50579,-121.9661,ALAMEDA,FREMONT,-121.9644031,37.504725
5600433,2012,1/17/14,9345,4/27/12,1800,20180,,5,2,6,105,0,1,1,,2,70,RT 880,MISSION BL,1455,N,N,A,-,Y,ALA,4,880,-,-,2.56,H,-,N,N,4,0,1,2,A,-,3,22350,,N,C,C,A,A,H,-,A,D,1,,,,,Y,,A,7,0,0,1,0,0,0,0,0,0,- ,- ,37.48825,-121.94248,ALAMEDA,FREMONT,-121.939518,37.48586351
5609043,2012,9/17/13,105,5/1/12,740,12510,856,2,5,6,105,0,0,0,,0,1,SUTTER DR,PHELAN AV,25,E,N,A,-,N,,,,,,,,,,N,3,0,1,2,A,-,8,22103,,N,C,G,A,A,H,-,A,D,0,,Y,,,Y,,D,22,0,1,0,0,0,0,1,0,0,- ,- ,,,ALAMEDA,FREMONT,-121.9906921,37.53638597
5609521,2012,1/16/14,9390,5/1/12,710,15650,,2,1,6,105,0,1,1,,2,64,RT 680,DURHAM RD,2112,S,N,A,-,Y,ALA,4,680,-,M,3.62,H,-,N,Y,4,0,1,1,A,-,8,22107,,N,E,I,A,A,H,-,A,D,1,,,,,Y,,A,1,0,0,1,0,0,0,0,0,0,- ,- ,,,ALAMEDA,FREMONT,-121.9361607,37.50866874
5609889,2012,1/21/14,9390,4/24/12,1700,15650,,2,2,6,105,0,1,1,,2,64,RT 680,SOUTH MISSION BL,2112,N,N,A,-,Y,ALA,4,680,-,M,2.81,H,-,N,N,4,0,1,2,A,-,7,21658,A,N,B,C,A,A,H,-,A,D,1,,,Y,,Y,,A,1,0,0,1,0,0,0,0,0,1,- ,- ,,,ALAMEDA,FREMONT,-121.9285158,37.50041513
5609910,2012,8/15/13,105,4/26/12,1425,13914,652,4,5,6,105,0,0,0,,0,2,FREMONT BL,EGGERS DR,450,N,N,A,-,N,,,,,,,,,,N,4,0,3,3,A,-,3,22350,,F,C,C,A,A,H,-,A,D,0,,,,,Y,,A,1,0,0,3,0,0,0,0,0,0,- ,- ,,,ALAMEDA,FREMONT,-121.9976042,37.5532673
5612875,2012,1/3/14,9390,5/2/12,645,15650,,3,1,6,105,0,1,1,,2,65,RT 680,ANDRADE RD,500,N,N,A,-,Y,ALA,4,680,-,R,9.8,H,-,S,Y,4,0,1,4,A,-,7,21658,A,M,B,C,A,A,H,-,A,D,1,,,Y,,Y,,-,99,0,0,1,0,0,0,0,0,1,- ,- ,,,ALAMEDA,FREMONT,-121.883056,37.57534314
5613921,2012,2/3/14,9345,5/12/12,1545,20085,,6,2,6,105,0,1,1,,2,72,RT 880,WHIPPLE RD,50,S,N,A,-,Y,ALA,4,880,-,-,13.66,H,-,N,N,4,0,1,2,A,-,7,21658,A,N,B,C,A,A,H,-,A,D,1,,,,,Y,,A,1,0,0,1,0,0,0,0,0,0,- ,- ,37.60715,-122.06663,ALAMEDA,FREMONT,-122.0660707,37.606162
5617691,2012,9/16/13,105,5/3/12,1026,12223,857,4,5,6,105,0,0,0,,0,2,MOWRY AV,BLACOW RD,0,,Y,B,-,N,,,,,,,,,,Y,3,0,3,3,A,-,12,21453,A,N,D,C,A,A,H,-,A,A,0,,,,,Y,,A,7,0,1,2,0,0,0,0,0,0,- ,- ,,,ALAMEDA,FREMONT,-121.9985731,37.53631487
5617695,2012,9/14/13,105,5/5/12,1235,12223,837,6,5,6,105,0,0,0,,0,1,BAY ST,CHAPEL WY,97,E,N,A,-,N,,,,,,,,,,Y,3,0,2,1,A,-,8,22107,,N,E,I,A,A,H,-,A,D,0,,,,,Y,,A,1,0,1,1,0,0,0,0,0,0,- ,- ,,,ALAMEDA,FREMONT,-121.9632989,37.53295309
5617699,2012,9/14/13,105,5/11/12,1515,12759,504,5,5,6,105,0,0,0,,0,2,DUSTERBERRY WY,WESTMINSTER,66,N,N,A,-,N,,,,,,,,,,N,3,0,1,2,A,-,9,21804,A,F,H,G,A,A,H,-,A,D,0,,Y,,,Y,,A,1,0,1,0,0,0,0,1,0,0,- ,- ,,,ALAMEDA,FREMONT,-122.0089799,37.55330182
5617707,2012,1/9/14,9345,5/16/12,1720,19553,,3,2,6,105,0,1,1,,2,71,RT 880,THORTON AV,1900,S,N,A,-,Y,ALA,4,880,-,-,8.49,H,-,N,N,4,0,1,3,A,-,3,22350,,N,C,C,A,A,H,-,A,D,1,,,,,Y,,A,1,0,0,1,0,0,0,0,0,0,- ,- ,37.55608,-122.03021,ALAMEDA,FREMONT,-122.0178997,37.54028375
5617711,2012,1/6/14,9345,5/14/12,740,17613,,1,1,6,105,0,1,1,,2,70,RT 880,MOWRY AV,1000,S,N,A,-,Y,ALA,4,880,-,-,7,H,-,S,N,4,0,1,2,A,-,3,22350,,N,C,C,A,A,H,-,A,D,1,,,,,Y,,A,1,0,0,1,0,0,0,0,0,0,- ,- ,37.52813,-121.99931,ALAMEDA,FREMONT,-121.9982762,37.52756823
5618900,2012,1/17/14,9345,4/30/12,110,20180,,1,3,6,105,0,1,1,,2,71,RT 880,DECOTO RD,242,S,N,A,-,Y,ALA,4,880,-,-,10.25,H,-,S,Y,4,0,3,2,A,-,8,22107,,M,D,C,A,A,H,-,D,D,1,,,,,Y,,-,99,0,0,3,0,0,0,0,0,0,- ,- ,37.5629,-122.0318,ALAMEDA,FREMONT,-122.0364981,37.56153809
5618988,2012,2/28/14,9345,5/2/12,2015,19250,,3,2,6,105,0,1,1,,2,70,RT 880,SOUTH FREMONT BL,3696,N,N,A,-,Y,ALA,4,880,-,-,3.97,H,-,S,Y,3,0,1,1,A,-,3,22350,,N,F,A,A,A,H,-,B,D,1,,,Y,,Y,,C,2,0,1,0,0,0,0,0,0,1,- ,- ,37.49724,-121.95486,ALAMEDA,FREMONT,-121.9581614,37.49992233
5619012,2012,2/28/14,9345,5/8/12,1622,17706,,2,2,6,105,0,1,1,,2,71,RT 880,CENTRAL AV,300,N,N,A,-,Y,ALA,4,880,-,-,8.31,H,-,N,Y,3,0,1,1,A,-,8,22107,,N,F,A,A,A,H,-,A,D,1,,,,,Y,,A,7,0,1,0,0,0,0,0,0,0,- ,- ,37.54041,-122.01785,ALAMEDA,FREMONT,-122.0166666,37.53868483
5619040,2012,2/28/14,9345,5/10/12,1630,19787,,4,2,6,105,0,1,1,,2,70,RT 880,MISSION BL,1000,S,N,A,-,Y,ALA,4,880,-,R,1.82,H,-,N,Y,4,0,1,4,A,-,3,22350,,N,C,C,A,A,H,-,A,D,1,,,,,Y,,A,1,0,0,1,0,0,0,0,0,0,- ,- ,37.4795,-121.93394,ALAMEDA,FREMONT,-121.9339296,37.47903263
5620967,2012,1/10/14,9345,5/11/12,1853,20196,,5,2,6,105,0,1,1,,2,72,RT 880,ALVARADO NILES RD,528,S,N,A,-,Y,ALA,4,880,-,-,12.95,H,-,S,Y,4,0,2,3,A,-,3,22350,,N,C,C,A,A,H,-,A,D,1,,,,,Y,,A,1,0,0,2,0,0,0,0,0,0,- ,- ,37.59725,-122.05999,ALAMEDA,FREMONT,-122.0590369,37.59585608
5622942,2012,2/28/14,9345,5/2/12,1655,17706,,3,2,6,105,0,1,1,,2,71,RT 880,DECOTO RD,1584,N,N,A,-,Y,ALA,4,880,-,-,10.6,H,-,N,Y,4,0,1,3,A,-,3,22350,,N,C,C,A,A,H,-,A,D,1,,,,,Y,,D,22,0,0,1,0,0,0,0,0,0,- ,- ,37.56866,-122.0435,ALAMEDA,FREMONT,-122.042779,37.56768611
5622958,2012,1/23/14,9345,4/29/12,725,20085,,7,1,6,105,0,1,1,,2,72,RT 880,WHIPPLE RD,60,S,N,A,-,Y,ALA,4,880,-,-,13.66,H,-,N,Y,3,0,1,1,A,-,8,22107,,N,E,I,A,A,H,-,A,D,1,,,,,Y,,D,22,0,1,0,0,0,0,0,0,0,- ,- ,37.60624,-122.06626,ALAMEDA,FREMONT,-122.0660707,37.606162
5623419,2012,2/13/14,105,5/4/12,725,12223,747,5,5,6,105,0,0,0,,0,1,RT 238,STEVENSON BL,395,N,N,B,-,Y,ALA,4,238,-,-,2.4,H,-,S,Y,3,0,1,3,A,-,3,22350,,N,C,C,A,A,H,-,A,D,0,,,,,Y,,D,22,0,1,0,0,0,0,0,0,0,- ,- ,,,ALAMEDA,FREMONT,-121.958302,37.561797
5624666,2012,9/12/13,105,5/6/12,1250,2528,,7,5,6,105,0,0,0,,0,1,PASEO PADRE PKWY,WASHINGTON BL,20,N,N,A,-,N,,,,,,,,,,N,3,0,1,2,A,-,5,21650,1,F,D,C,A,A,H,-,A,A,0,,Y,,,Y,,L,4,0,1,0,0,0,0,1,0,0,- ,- ,,,ALAMEDA,FREMONT,-121.9342854,37.53167695
5626470,2012,1/17/14,9345,4/28/12,320,20196,,6,3,6,105,0,1,1,,2,71,RT 880,MOWRY AV,111,N,N,A,-,Y,ALA,4,880,-,-,7.368,R,2,N,Y,2,0,1,1,A,-,1,23152,A,N,F,A,A,A,H,-,D,D,1,,,,,Y,Y,A,1,1,0,0,0,0,0,0,0,0,FR,- ,37.53153,-122.00203,ALAMEDA,FREMONT,-122.0070931,37.53259499
5627150,2012,1/10/14,9390,5/7/12,928,19438,,1,1,6,105,0,1,1,,2,64,RT 680,SOUTH MISSION BL,1584,N,N,A,-,Y,ALA,4,680,-,M,2.71,H,-,S,Y,4,0,1,3,A,-,3,22350,,N,C,C,A,A,H,-,A,D,1,,,,,Y,,A,1,0,0,1,0,0,0,0,0,0,- ,- ,37.50118,-121.92994,ALAMEDA,FREMONT,-121.9284452,37.49998343
5628416,2012,6/6/13,105,4/23/12,1634,13144,520,1,5,6,105,0,0,0,,0,1,LOGAN DR,SLOAT RD,0,,Y,A,-,N,,,,,,,,,,Y,2,0,2,2,A,-,1,23152,A,N,D,C,A,A,H,-,A,A,0,,,,,Y,,A,1,1,0,1,0,0,0,0,0,0,- ,- ,,,ALAMEDA,FREMONT,-121.9922531,37.54217491
5628482,2012,9/3/13,105,5/12/12,1214,12759,986,6,5,6,105,0,0,0,,0,3,LINDA VISTA RD,VISTA CERRO TER,217,S,N,A,-,N,,,,,,,,,,Y,3,0,2,3,A,-,21,22106,,N,D,C,A,A,H,-,A,D,0,,,,,Y,,A,1,0,1,1,0,0,0,0,0,0,- ,- ,,,ALAMEDA,FREMONT,-121.9102077,37.51852425
5628494,2012,9/3/13,105,5/15/12,1714,2274,1158,2,5,6,105,0,0,0,,0,3,MISSION BL,S GRIMMER BL,0,,Y,A,-,N,,,,,,,,,,Y,3,0,3,2,A,-,12,21453,A,N,D,C,A,A,H,-,A,A,0,,,,,Y,,A,1,0,1,2,0,0,0,0,0,0,- ,- ,,,ALAMEDA,FREMONT,-121.919853,37.50665488
5628498,2012,2/20/14,105,5/9/12,1239,11863,932,3,5,6,105,0,0,0,,0,3,RT 262,MOHAVE DR,273,E,N,A,-,Y,ALA,4,262,-,R,0.87,H,-,N,N,3,0,1,2,D,-,0,,,F,G,B,F,A,H,-,A,D,0,Y,,,,Y,Y,-,- ,0,1,0,0,1,0,0,0,0,- ,- ,,,ALAMEDA,FREMONT,-121.9260519,37.49278644
5628502,2012,2/20/14,105,5/16/12,1545,2536,362,3,5,6,105,0,0,0,,0,1,NILES BL,RT 238,171,W,N,A,-,Y,ALA,4,84,-,-,10.819,I,6,S,N,3,0,1,2,A,-,10,21952,,N,G,B,F,A,H,-,A,D,0,Y,,,,Y,,A,1,0,1,0,0,1,0,0,0,0,- ,- ,,,ALAMEDA,FREMONT,-121.9682931,37.572865
5628506,2012,2/20/14,105,5/16/12,1758,2274,887,3,5,6,105,0,0,0,,0,1,STEVENSON BL,RT 880,0,,Y,A,-,Y,ALA,4,880,-,-,6.444,R,4,S,Y,3,0,1,2,A,-,12,21453,A,N,D,C,A,A,H,-,A,A,0,,,,,Y,,A,1,0,1,0,0,0,0,0,0,0,- ,SF,,,ALAMEDA,FREMONT,-121.9923031,37.524615
5628557,2012,9/3/13,105,5/2/12,750,11863,1006,3,5,6,105,0,0,0,,0,2,BLACOW RD,SHERWOOD ST,38,E,N,A,-,N,,,,,,,,,,N,4,0,1,2,A,-,17,22517,,N,H,G,A,A,H,-,A,A,0,,Y,,,Y,,A,1,0,0,1,0,0,0,1,0,0,- ,- ,,,ALAMEDA,FREMONT,-121.9636636,37.52329082
5629905,2012,3/4/14,9345,5/11/12,1702,20075,,5,2,6,105,0,1,3,,1,184,RT 84,THORTON AV,1500,N,N,A,-,Y,ALA,4,84,-,R,4.03,H,-,N,Y,4,0,1,1,A,-,3,22350,,N,F,A,A,A,H,-,A,D,1,,,Y,,Y,,C,2,0,0,1,0,0,0,0,0,1,- ,- ,37.54443,-122.06173,ALAMEDA,FREMONT,-122.0627126,37.54375132
5629909,2012,1/6/14,9345,5/14/12,1205,17406,,1,1,6,105,0,1,3,,1,184,RT 84,THORNTON AV,1769,N,N,A,-,Y,ALA,4,84,-,R,4.09,H,-,N,Y,3,0,1,1,A,-,8,22107,,N,E,J,A,A,H,-,A,D,1,,,,,Y,,A,8,0,1,0,0,0,0,0,0,0,- ,- ,37.54545,-122.06042,ALAMEDA,FREMONT,-122.0620712,37.54423172
5632152,2012,2/28/14,9390,5/17/12,1015,19637,,4,1,6,105,0,1,1,,2,64,RT 680,SOUTH MISSION BL,300,N,N,A,-,Y,ALA,4,680,-,M,2.47,H,-,S,Y,4,0,1,3,A,-,3,22350,,N,C,C,A,A,H,-,A,D,1,,,,,Y,,A,1,0,0,1,0,0,0,0,0,0,- ,- ,,,ALAMEDA,FREMONT,-121.9245533,37.49655125
5632156,2012,2/28/14,9390,5/17/12,915,19637,,4,1,6,105,0,1,1,,2,65,RT 680,NORTH MISSION BL,100,N,N,A,-,Y,ALA,4,680,-,R,6.43,H,-,S,N,4,0,1,4,A,-,3,22350,,N,C,C,A,A,H,-,A,D,1,,,,,Y,,A,1,0,0,1,0,0,0,0,0,0,- ,- ,,,ALAMEDA,FREMONT,-121.9233762,37.54179385
5632417,2012,1/21/14,9390,4/23/12,1655,20139,,1,2,6,105,0,1,1,,2,64,RT 680,DURHAM RD,2000,S,N,A,-,Y,ALA,4,680,-,M,3.64,H,-,N,Y,4,0,3,2,C,-,18,,,N,C,C,A,A,H,-,A,D,1,,,,,Y,,-,- ,0,0,3,0,0,0,0,0,0,- ,- ,,,ALAMEDA,FREMONT,-121.9362954,37.50890033
5637886,2012,9/20/13,105,5/22/12,1727,2274,563,2,5,6,105,0,0,0,,0,1,BLACOW RD,MOWRY AV,0,,Y,A,-,N,,,,,,,,,,Y,3,0,1,2,A,-,9,21453,C,N,D,C,A,A,H,-,A,A,0,,,,,Y,,A,1,0,1,0,0,0,0,0,0,0,- ,- ,,,ALAMEDA,FREMONT,-121.9985731,37.53631487
5637894,2012,9/19/13,105,5/26/12,1219,12223,645,6,5,6,105,0,0,0,,0,1,FREMONT BL,BEACON,72,S,N,A,-,N,,,,,,,,,,N,3,0,1,2,B,-,22,,,N,H,C,A,A,H,-,A,D,0,,,,,Y,,D,22,0,1,0,0,0,0,0,0,0,- ,- ,,,ALAMEDA,FREMONT,-121.9842901,37.54642327
5637902,2012,10/8/13,105,6/4/12,2015,12759,1128,1,5,6,105,0,0,0,,0,3,FREMONT BL,CUSHING PKWY,0,,Y,A,-,N,,,,,,,,,,Y,3,0,1,1,A,-,3,22350,,M,F,I,A,A,H,-,B,A,0,,,,,Y,,D,22,0,1,0,0,0,0,0,0,0,- ,- ,,,ALAMEDA,FREMONT,-121.9486331,37.4905849
5638012,2012,7/26/12,105,5/20/12,1801,12510,1082,7,5,6,105,0,0,0,,0,3,FREMONT BL,OLD WARM SPRINGS BL,0,,Y,A,-,N,,,,,,,,,,Y,1,1,0,2,A,-,9,21804,A,N,F,A,A,A,H,-,A,D,0,,,Y,,Y,,A,8,0,0,0,0,0,0,0,1,0,- ,- ,,,ALAMEDA,FREMONT,-121.9496731,37.50907494
5638782,2012,11/6/12,105,10/5/12,648,2528,929,5,5,6,105,0,0,0,,0,3,OSGOOD RD,WASHINGTON BL,799,S,N,A,-,N,,,,,,,,,,N,1,1,0,1,A,-,8,22107,,N,H,A,A,A,H,-,B,D,0,,Y,,,Y,,L,4,0,0,0,0,0,1,0,0,0,- ,- ,,,ALAMEDA,FREMONT,-121.9528055,37.53111997
5639545,2013,2/8/13,105,1/21/13,703,7438,287,1,5,6,105,0,0,0,,0,2,PASEO PADRE PKWY,ISHERWOOD WY,286,N,N,A,-,N,,,,,,,,,,Y,1,1,0,2,A,-,17,21208,B,N,H,G,A,A,H,-,B,D,0,,Y,,,Y,,L,4,0,0,0,0,0,1,0,0,0,- ,- ,,,ALAMEDA,FREMONT,-122.015449,37.5720597
5642921,2012,9/7/13,105,5/13/12,1735,12223,333,7,5,6,105,0,0,0,,0,1,NILES BL,DARLINGTON COM,88,N,N,B,-,N,,,,,,,,,,N,3,0,1,1,A,-,1,23152,A,N,E,I,A,A,H,-,A,D,0,,,,,Y,Y,A,1,0,1,0,0,0,0,0,0,0,- ,- ,,,ALAMEDA,FREMONT,-122.0030603,37.58203909
5642922,2012,1/6/14,105,5/19/12,1437,12223,413,6,5,6,105,0,0,0,,0,2,RT 84,BONDE WY,3,N,N,A,-,Y,ALA,4,84,-,-,8.25,I,5,S,Y,3,0,1,2,A,-,6,21951,,N,G,B,B,A,H,-,A,D,0,Y,,,,Y,,A,1,0,1,0,0,1,0,0,0,0,- ,- ,,,ALAMEDA,FREMONT,-122.0081398,37.55886529
5643774,2012,8/30/13,105,5/21/12,1014,2799,1167,1,5,6,105,0,0,0,,0,3,MISSION BL,CURTNER RD,220,S,N,A,-,N,,,,,,,,,,Y,4,0,2,2,A,-,5,21650,,N,A,C,A,A,H,-,A,D,0,,,,,Y,,A,1,0,0,2,0,0,0,0,0,0,- ,- ,,,ALAMEDA,FREMONT,-121.9212042,37.4968897
5643778,2012,8/30/13,105,5/25/12,1742,2536,415,5,5,6,105,0,0,0,,0,2,THORNTON AV,MORAINE ST,0,,Y,A,-,N,,,,,,,,,,Y,3,0,1,2,A,-,9,21801,A,N,A,G,A,A,H,-,A,A,0,,Y,,,Y,,A,8,0,1,0,0,0,0,1,0,0,- ,- ,,,ALAMEDA,FREMONT,-122.0091931,37.56301486
5643782,2012,8/30/13,105,5/31/12,1049,2111,1217,4,5,6,105,0,0,0,,0,3,WHITETAIL CT,BOAR CIR,58,W,N,A,-,N,,,,,,,,,,N,3,0,1,2,D,-,0,,,N,G,B,F,A,H,-,A,D,0,Y,,,,Y,,-,- ,0,1,0,0,1,0,0,0,0,- ,- ,,,ALAMEDA,FREMONT,-121.9149862,37.50806623
5643786,2012,8/30/13,105,5/29/12,850,12223,622,2,5,6,105,0,0,0,,0,2,MOWRY AV,CIVIC CENTER DR,0,,Y,B,-,N,,,,,,,,,,N,4,0,2,2,A,-,12,21453,A,N,D,C,A,A,H,-,A,A,0,,,,,Y,,A,1,0,0,2,0,0,0,0,0,0,- ,- ,,,ALAMEDA,FREMONT,-121.981693,37.5569849
5643793,2012,8/30/13,105,5/8/12,1750,13916,813,2,5,6,105,0,0,0,,0,1,HILO ST,BLACOW RD,0,,Y,A,-,N,,,,,,,,,,N,3,0,1,2,A,-,12,21453,A,N,H,G,A,A,H,-,A,A,0,,Y,,,Y,,L,4,0,1,0,0,0,0,1,0,0,- ,- ,,,ALAMEDA,FREMONT,-121.9792431,37.52621494
5643844,2011,12/22/12,105,10/14/11,2250,13144,839,5,5,6,105,0,0,0,,0,1,FREMONT BL,WASHINGTON BL,0,,Y,A,-,N,,,,,,,,,,Y,2,0,5,3,A,-,3,22350,,F,D,C,A,A,H,-,C,A,0,,,,,Y,,A,7,2,1,2,0,0,0,0,0,0,- ,- ,,,ALAMEDA,FREMONT,-121.95936,37.53298
5644412,2012,1/6/14,9345,5/30/12,1550,17613,,3,2,6,105,0,1,1,,2,70,RT 880,AUTO MALL PKWY,1350,N,N,A,-,Y,ALA,4,880,-,-,4.97,H,-,N,Y,3,0,1,1,A,-,8,22107,,N,F,A,A,A,H,-,A,D,1,,,,,Y,,A,7,0,1,0,0,0,0,0,0,0,- ,- ,37.5048,-121.9638,ALAMEDA,FREMONT,-121.9730023,37.51197768