CASE_ID,ACCIDENT_YEAR,PROC_DATE,JURIS,COLLISION_DATE,COLLISION_TIME,OFFICER_ID,REPORTING_DISTRICT,DAY_OF_WEEK,CHP_SHIFT,POPULATION,CNTY_CITY_LOC,SPECIAL_COND,BEAT_TYPE,CHP_BEAT_TYPE,CITY_DIVISION_LAPD,CHP_BEAT_CLASS,BEAT_NUMBER,PRIMARY_RD,SECONDARY_RD,DISTANCE,DIRECTION,INTERSECTION,WEATHER_1,WEATHER_2,STATE_HWY_IND,CALTRANS_COUNTY,CALTRANS_DISTRICT,STATE_ROUTE,ROUTE_SUFFIX,POSTMILE_PREFIX,POSTMILE,LOCATION_TYPE,RAMP_INTERSECTION,SIDE_OF_HWY,TOW_AWAY,COLLISION_SEVERITY,NUMBER_KILLED,NUMBER_INJURED,PARTY_COUNT,PRIMARY_COLL_FACTOR,PCF_CODE_OF_VIOL,PCF_VIOL_CATEGORY,PCF_VIOLATION,PCF_VIOL_SUBSECTION,HIT_AND_RUN,TYPE_OF_COLLISION,MVIW,PED_ACTION,ROAD_SURFACE,ROAD_COND_1,ROAD_COND_2,LIGHTING,CONTROL_DEVICE,CHP_ROAD_TYPE,PEDESTRIAN_ACCIDENT,BICYCLE_ACCIDENT,MOTORCYCLE_ACCIDENT,TRUCK_ACCIDENT,NOT_PRIVATE_PROPERTY,ALCOHOL_INVOLVED,STWD_VEHTYPE_AT_FAULT,CHP_VEHTYPE_AT_FAULT,COUNT_SEVERE_INJ,COUNT_VISIBLE_INJ,COUNT_COMPLAINT_PAIN,COUNT_PED_KILLED,COUNT_PED_INJURED,COUNT_BICYCLIST_KILLED,COUNT_BICYCLIST_INJURED,COUNT_MC_KILLED,COUNT_MC_INJURED,PRIMARY_RAMP,SECONDARY_RAMP,LATITUDE,LONGITUDE,COUNTY,CITY,POINT_X,POINT_Y
6168423,2013,4/3/14,9345,8/1/13,902,20602,,4,1,6,105,0,1,1,,2,72,RT 880,ALVARADO NILES RD,300,S,N,A,-,Y,ALA,4,880,-,-,12.99,H,-,S,Y,4,0,1,3,A,-,3,22350,,N,C,C,A,A,H,-,A,D,1,,,,,Y,,A,7,0,0,1,0,0,0,0,0,0,- ,- ,37.59794,-122.06018,ALAMEDA,FREMONT,-122.0592524,37.5961824
6168427,2013,4/3/14,9345,8/5/13,1731,19841,,1,2,6,105,0,1,1,,2,71,RT 880,DECOTO RD,1000,S,N,-,-,Y,ALA,4,880,-,-,10.11,H,-,N,N,3,0,1,1,C,-,18,,,N,F,A,A,A,H,-,A,D,1,,,Y,,Y,,-,- ,0,1,0,0,0,0,0,0,1,- ,- ,37.5578,-121.0323,ALAMEDA,FREMONT,-122.0344529,37.5599548
6168497,2013,3/14/14,9345,7/26/13,1850,20421,,5,2,6,105,0,1,1,,2,72,RT 880,ALVARADO NILES RD,10,S,N,A,-,Y,ALA,4,880,-,-,13.05,H,-,N,Y,3,0,2,3,A,-,3,22350,,N,C,C,A,A,H,-,A,D,1,,,,,Y,,A,8,0,1,1,0,0,0,0,0,0,- ,- ,37.59874,-122.06074,ALAMEDA,FREMONT,-122.0619034,37.6001909
6168501,2013,3/14/14,9345,7/28/13,1100,19994,,7,1,6,105,0,1,1,,2,71,RT 880,MOWRY AV,100,N,N,A,-,Y,ALA,4,880,-,-,7.39,R,1,S,N,4,0,1,2,A,-,3,22350,,N,C,C,A,A,H,-,A,D,1,,,,,Y,,A,7,0,0,1,0,0,0,0,0,0,TO,- ,,,ALAMEDA,FREMONT,-122.0068431,37.532205
6168502,2013,3/17/14,9345,7/23/13,1510,19932,,2,2,6,105,0,1,1,,2,72,RT 880,WHIPPLE RD,80,S,N,A,-,Y,ALA,4,880,-,-,13.65,H,-,N,N,4,0,1,2,A,-,3,22350,,N,C,C,A,A,H,-,A,D,1,,,,,Y,,A,1,0,0,1,0,0,0,0,0,0,- ,- ,37.6072,-122.06664,ALAMEDA,FREMONT,-122.0659217,37.6059545
6168509,2013,3/14/14,9345,7/31/13,1706,20075,,3,2,6,105,0,1,1,,2,70,RT 880,MISSION BL,1729,N,N,A,-,Y,ALA,4,880,-,-,2.61,H,-,N,Y,2,0,1,3,A,-,3,22350,,N,B,C,A,A,H,-,A,D,1,,,Y,,Y,,C,2,1,0,0,0,0,0,0,0,1,- ,- ,37.48632,-121.94059,ALAMEDA,FREMONT,-121.9398991,37.4861542
6171245,2013,3/21/14,9390,7/3/13,550,19438,,3,3,6,105,0,1,1,,2,64,RT 680,WASHINGTON BL,60,N,N,A,-,Y,,,,,,,,,,Y,3,0,5,1,A,-,8,22107,,N,F,A,A,A,H,-,B,D,0,,,,,Y,,D,22,0,1,4,0,0,0,0,0,0,- ,- ,,,ALAMEDA,FREMONT,-121.9415787,37.5311749
6172137,2013,3/24/14,105,8/13/13,1525,12223,644,2,5,6,105,0,0,0,,0,1,CAPITOL AV,HASTINGS ST,0,,Y,A,-,N,,,,,,,,,,Y,3,0,2,2,A,-,9,21801,A,N,D,C,A,A,H,-,A,D,0,,,,,Y,,A,1,0,2,0,0,0,0,0,0,0,- ,- ,,,ALAMEDA,FREMONT,-121.9830731,37.5523349
6172141,2013,3/24/14,105,8/14/13,1936,12223,633,3,5,6,105,0,0,0,,0,1,RT 84,MARTHA AV,41,W,N,A,-,Y,ALA,4,84,-,-,9.16,H,-,N,Y,3,0,4,1,A,-,7,21658,A,N,E,I,A,A,H,-,A,D,0,,,,,Y,,A,1,0,3,1,0,0,0,0,0,0,- ,- ,,,ALAMEDA,FREMONT,-121.9926379,37.5616541
6172149,2013,3/24/14,105,8/13/13,825,2901,1242,2,5,6,105,0,0,0,,0,3,FERNALD ST,FERNALD COM,109,N,N,A,-,N,,,,,,,,,,Y,3,0,1,3,A,-,8,22107,,N,C,E,A,A,H,-,A,A,0,,,,,Y,,A,1,0,1,0,0,0,0,0,0,0,- ,- ,,,ALAMEDA,FREMONT,-121.9242168,37.4892743
6172328,2013,4/4/14,9345,8/8/13,2020,20180,,4,2,6,105,0,1,1,,2,70,RT 880,STEVENSON BL,1210,N,N,A,-,Y,ALA,4,880,-,-,6.47,H,-,N,Y,4,0,1,3,A,-,3,22350,,N,C,C,A,A,H,-,C,D,1,,,,,Y,,A,7,0,0,1,0,0,0,0,0,0,- ,- ,37.53557,-122.01333,ALAMEDA,FREMONT,-121.9926745,37.5250622
6172490,2013,4/2/14,105,8/10/13,1115,12223,520,6,5,6,105,0,0,0,,0,2,MOWRY AV,GLENVIEW DR,22,W,N,A,-,N,,,,,,,,,,Y,3,0,1,5,A,-,3,22350,,N,C,C,A,A,H,-,A,D,0,,,,,Y,,A,1,0,1,0,0,0,0,0,0,0,- ,- ,,,ALAMEDA,FREMONT,-121.9968841,37.53835797
6172491,2013,4/12/14,105,8/7/13,1422,2799,817,3,5,6,105,0,0,0,,0,1,FREMONT BL,SUNDALE DR,0,,Y,A,-,N,,,,,,,,,,Y,4,0,7,2,A,-,12,21453,A,N,D,C,A,A,H,-,A,A,0,,,,,Y,,-,- ,0,0,7,0,0,0,0,0,0,- ,- ,,,ALAMEDA,FREMONT,-121.9810231,37.5444449
6172492,2013,3/24/14,105,8/3/13,1205,12745,772,6,5,6,105,0,0,0,,0,1,STEVENSON BL,CIVIC CENTER DR,350,E,N,A,-,N,,,,,,,,,,N,4,0,1,2,C,-,18,,,N,H,G,A,A,H,-,A,D,0,,Y,,,Y,,-,- ,0,0,1,0,0,0,1,0,0,- ,- ,,,ALAMEDA,FREMONT,-121.9710538,37.5528311
6172590,2013,3/21/14,105,7/23/13,1941,14047,388,2,5,6,105,0,0,0,,0,ZONE1,MOWRY AV,BUNTING LN,0,,Y,A,-,N,,,,,,,,,,Y,3,0,1,2,A,-,5,21650,,N,D,C,A,A,H,-,A,D,0,,,,,Y,Y,A,1,0,1,0,0,0,0,0,0,0,- ,- ,,,ALAMEDA,FREMONT,-121.9715731,37.5683349
6172591,2013,3/22/14,105,7/29/13,1901,12223,652,1,5,6,105,0,0,0,,0,2,COUNTRY DR,FREMONT BL,180,E,N,A,-,N,,,,,,,,,,Y,3,0,3,2,A,-,7,21658,A,N,B,C,A,A,H,-,A,D,0,,,,,Y,,A,8,0,1,2,0,0,0,0,0,0,- ,- ,,,ALAMEDA,FREMONT,-121.9921944,37.551084
6173964,2013,4/7/14,9345,8/14/13,1947,19610,,3,2,6,105,0,1,1,,2,70,RT 880,WARREN AV,1000,N,N,A,-,Y,ALA,4,880,-,-,2.47,H,-,N,N,4,0,1,2,A,-,3,22350,,N,C,C,A,A,H,-,A,D,1,,,,,Y,,A,1,0,0,1,0,0,0,0,0,0,- ,- ,37.48746,-121.94129,ALAMEDA,FREMONT,-121.9388307,37.4853412
6175644,2013,3/24/14,9345,8/20/13,709,19932,,2,1,6,105,0,1,1,,2,72,RT 880,ALVARADO NILES RD,1400,S,N,B,-,Y,ALA,4,880,-,-,12.78,H,-,N,Y,4,0,1,4,A,-,3,22350,,N,C,C,A,A,H,-,A,D,1,,,,,Y,,D,22,0,0,1,0,0,0,0,0,0,- ,- ,37.59614,-122.05909,ALAMEDA,FREMONT,-122.0596191,37.5970426
6177930,2013,3/20/14,9390,7/9/13,1115,19968,,2,1,6,105,0,1,1,,2,65,RT 680,VARGAS RD,1100,S,N,A,-,Y,,,,,,,,,,Y,4,0,2,2,A,-,3,22350,,N,C,C,A,A,H,-,A,D,0,,,,,Y,,A,1,0,0,2,0,0,0,0,0,0,- ,- ,37.17086,-121.5457,ALAMEDA,FREMONT,-121.9179094,37.552136
6178060,2013,3/20/14,9390,7/5/13,1125,19517,,5,1,6,105,0,1,1,,2,64,RT 680,S MISSION BL,1584,S,N,A,-,Y,,,,,,,,,,Y,4,0,6,3,A,-,3,22350,,N,C,C,A,A,H,-,A,D,0,,,,,Y,,A,1,0,0,6,0,0,0,0,0,0,- ,- ,,,ALAMEDA,FREMONT,-121.9288055,37.5378176
6178080,2013,3/20/14,9390,7/1/13,1205,19285,,1,1,6,105,0,1,1,,2,65,RT 680,N MISSION BL,500,N,N,A,-,Y,,,,,,,,,,N,4,0,1,2,A,-,7,21658,A,N,B,C,A,A,H,-,A,D,0,,,,,Y,,A,1,0,0,1,0,0,0,0,0,0,- ,- ,,,ALAMEDA,FREMONT,-121.9235259,37.5416662
6179148,2013,3/29/14,105,8/24/13,1729,2536,4071,6,5,6,105,0,0,0,,0,1,BAY ST,TRIMBOLI WY,0,,Y,A,-,N,,,,,,,,,,N,4,0,1,2,A,-,9,21804,A,N,D,G,A,A,H,-,A,D,0,,Y,,,Y,,L,4,0,0,1,0,0,0,1,0,0,- ,- ,,,ALAMEDA,FREMONT,-121.960853,37.5329049
6179152,2013,3/29/14,105,8/24/13,300,13916,387,6,5,6,105,0,0,0,,0,1,RT 84,OVERACKER AV,44,E,N,A,-,Y,ALA,4,84,-,-,10.55,H,-,N,Y,3,0,1,1,A,-,1,23152,A,N,-,I,A,A,H,-,C,D,0,,,,,Y,Y,A,1,0,1,0,0,0,0,0,0,0,- ,- ,,,ALAMEDA,FREMONT,-121.9699669,37.5693159
6179176,2013,4/2/14,105,8/25/13,2032,11864,642,7,5,6,105,0,0,0,,0,1,MOWRY AV,HASTINGS ST,0,,Y,A,-,N,,,,,,,,,,Y,3,0,1,2,D,-,0,,,N,D,C,A,A,H,-,C,A,0,,,,,Y,,-,- ,0,1,0,0,0,0,0,0,0,- ,- ,,,ALAMEDA,FREMONT,-121.9847431,37.5532049
6180822,2013,3/25/14,9345,8/17/13,1530,19787,,6,2,6,105,0,1,3,,1,184,RT 84,ALAMEDA/SAN MATEO CO LINE,1000,N,N,A,-,Y,ALA,4,84,-,R,0.19,H,-,N,Y,4,0,1,3,A,-,3,22350,,N,C,C,A,A,H,-,A,D,1,,,,,Y,,A,1,0,0,1,0,0,0,0,0,0,- ,- ,37.52361,-122.10098,ALAMEDA,FREMONT,-122.1146149,37.5084423
6183940,2013,4/1/14,105,8/16/13,1641,12223,759,5,5,6,105,0,0,0,,0,1,RT 238,PALM AV,58,N,N,A,-,Y,ALA,4,238,-,-,0.56,H,-,S,Y,4,0,2,2,A,-,3,22350,,F,C,C,A,A,H,-,A,A,0,,,,,Y,,D,22,0,0,2,0,0,0,0,0,0,- ,- ,,,ALAMEDA,FREMONT,-121.9329019,37.5456594
6183944,2013,4/1/14,105,8/17/13,837,13144,1009,6,5,6,105,0,0,0,,0,1,FREMONT BL,STANLEY AV,0,,Y,A,-,N,,,,,,,,,,N,3,0,1,2,A,-,9,21801,A,N,D,C,A,A,H,-,A,D,0,,,,,Y,,A,1,0,1,0,0,0,0,0,0,0,- ,- ,,,ALAMEDA,FREMONT,-121.957853,37.5254749
6184114,2013,3/20/14,9345,8/21/13,1610,19804,,3,2,6,105,0,1,1,,2,71,RT 880,DECOTO RD,900,S,N,A,-,Y,ALA,4,880,-,-,10.1,H,-,S,Y,4,0,1,2,A,-,8,22107,,N,B,C,A,A,H,-,A,D,1,,,,,Y,,D,22,0,0,1,0,0,0,0,0,0,- ,- ,37.56293,-122.03852,ALAMEDA,FREMONT,-122.034791,37.5599569
6184599,2013,3/22/14,105,8/23/13,1431,2536,667,5,5,6,105,0,0,0,,0,2,MAPLE AV,BAINE AV,12,S,N,A,-,N,,,,,,,,,,Y,4,0,1,1,A,-,8,22107,,N,E,I,A,A,H,-,A,A,0,,,,,Y,,A,8,0,0,1,0,0,0,0,0,0,- ,- ,,,ALAMEDA,FREMONT,-122.0084414,37.5575838
6184603,2013,3/20/14,105,8/19/13,1142,13144,563,1,5,6,105,0,0,0,,0,2,MOWRY AV,BLACOW RD,0,,Y,A,-,N,,,,,,,,,,Y,2,0,1,1,C,-,18,,,N,E,I,A,A,H,-,A,A,0,,,,,Y,,-,- ,1,0,0,0,0,0,0,0,0,- ,- ,,,ALAMEDA,FREMONT,-121.9985731,37.5363149
6184607,2013,3/20/14,105,8/17/13,1001,13144,365,6,5,6,105,0,0,0,,0,1,MOWRY AV,OVERACKER AV,0,,Y,A,-,N,,,,,,,,,,N,3,0,1,3,A,-,9,21801,A,N,D,C,A,A,H,-,A,D,0,,,Y,,Y,,A,1,0,1,0,0,0,0,0,0,1,- ,- ,,,ALAMEDA,FREMONT,-121.969963,37.569335
6184611,2013,3/20/14,105,8/16/13,1936,1223,1082,5,5,6,105,0,0,0,,0,3,FREMONT BL,OLD WARM SPRINGS BL,0,,Y,A,-,N,,,,,,,,,,Y,3,0,1,2,A,-,8,22107,,N,D,C,A,A,H,-,B,D,0,,,,,Y,,A,1,0,1,0,0,0,0,0,0,0,- ,- ,,,ALAMEDA,FREMONT,-121.9496731,37.5090749
6184615,2013,3/20/14,105,8/15/13,1201,12223,1179,4,5,6,105,0,0,0,,0,3,WARM SPRINGS BL,WARREN AV,464,N,N,A,-,N,,,,,,,,,,N,3,0,1,2,A,-,8,22107,,N,F,A,A,A,H,-,A,D,0,,,Y,,Y,,A,1,0,1,0,0,0,0,0,0,1,- ,- ,,,ALAMEDA,FREMONT,-121.9286962,37.4882881
6184619,2013,3/20/14,105,8/8/13,542,2528,1082,4,5,6,105,0,0,0,,0,3,FREMONT BL,OLD WARM SPRINGS BL,435,S,N,A,-,N,,,,,,,,,,N,2,0,1,2,A,-,8,22107,,F,C,G,A,A,H,-,C,D,0,,Y,,,Y,,A,1,1,0,0,0,0,0,1,0,0,- ,- ,,,ALAMEDA,FREMONT,-121.9494412,37.5079112
6185796,2013,3/20/14,9345,8/22/13,1710,19795,,4,2,6,105,0,1,1,,2,71,RT 880,PASEO PADRE PKWY,1150,N,N,A,-,Y,ALA,4,880,-,-,11.14,H,-,N,Y,4,0,1,2,A,-,3,22350,,N,C,C,A,A,H,-,A,D,1,,,,,Y,,A,7,0,0,1,0,0,0,0,0,0,- ,- ,37.57377,-122.04637,ALAMEDA,FREMONT,-122.0460078,37.5724883
6185808,2013,3/20/14,9345,8/25/13,425,20260,,7,3,6,105,0,1,3,,1,184,RT 880,DECOTO RD,39,S,N,B,-,Y,ALA,4,880,-,-,10.259,R,3,N,Y,4,0,1,1,A,-,1,23152,A,N,E,I,A,A,H,-,D,D,1,,,,,Y,Y,A,1,0,0,1,0,0,0,0,0,0,- ,- ,37.56413,-122.03785,ALAMEDA,FREMONT,-122.0394831,37.564595
6186375,2013,2/22/14,9390,5/20/13,2120,202139,,1,2,6,105,0,1,1,,2,64,RT 680,WASHINGTON BL,2000,S,N,A,-,Y,ALA,4,680,-,M,5.11,H,-,S,Y,4,0,1,1,A,-,8,22107,,N,F,A,A,A,H,-,E,D,1,,,,,Y,,A,1,0,0,1,0,0,0,0,0,0,- ,- ,,,ALAMEDA,FREMONT,-121.9461255,37.5277724
6194571,2013,3/29/14,9345,8/20/13,1630,17696,,2,2,6,105,0,1,1,,2,72,RT 880,WHIPPLE RD,528,N,N,A,-,Y,ALA,4,880,-,-,13.8,H,-,N,N,3,0,1,2,A,-,7,21658,A,N,B,C,A,A,H,-,A,D,1,,,Y,,Y,,A,1,0,1,0,0,0,0,0,0,1,- ,- ,37.60736,-122.06677,ALAMEDA,FREMONT,-122.0681603,37.6090671
6194579,2013,3/29/14,9345,8/9/13,1600,20214,,5,2,6,105,0,1,1,,2,70,RT 880,AUTO MALL PKWY,250,N,N,A,-,Y,ALA,4,880,-,-,4.76,H,-,S,Y,4,0,1,2,A,-,3,22350,,N,C,C,A,A,H,-,A,D,1,,,,,Y,,A,1,0,0,1,0,0,0,0,0,0,- ,- ,37.50937,-121.96979,ALAMEDA,FREMONT,-121.9664083,37.506354
6194639,2013,3/29/14,9345,8/10/13,1530,19994,,6,2,6,105,0,1,1,,2,71,RT 880,N FREMONT BL,700,S,N,A,-,Y,ALA,4,880,-,-,3.14,H,-,N,N,4,0,1,2,A,-,7,21658,A,N,B,C,A,A,H,-,A,D,1,,,,,Y,,-,- ,0,0,1,0,0,0,0,0,0,- ,- ,37.57494,-122.04695,ALAMEDA,FREMONT,-121.9438898,37.4892741
6195486,2013,4/1/14,9345,8/15/13,1550,19994,,4,2,6,105,0,1,1,,2,71,RT 880,FREMONT BL,500,N,N,A,-,Y,ALA,4,880,-,-,3.18,H,-,N,Y,4,0,1,2,A,-,7,21658,A,F,B,C,A,A,H,-,A,D,1,,,Y,,Y,,-,99,0,0,1,0,0,0,0,0,1,- ,- ,37.57005,-122.04475,ALAMEDA,FREMONT,-121.9441903,37.48951
6195494,2013,4/1/14,9345,8/25/13,335,20222,,7,3,6,105,0,1,1,,2,70,RT 880,WARREN AV,99,S,N,A,-,Y,ALA,4,880,-,-,2.26,H,-,N,Y,3,0,1,1,A,-,1,23152,A,N,E,J,A,A,H,-,D,D,1,,,,,Y,Y,A,1,0,1,0,0,0,0,0,0,0,- ,- ,37.48333,-121.93631,ALAMEDA,FREMONT,-121.9366432,37.4834381
6197952,2013,4/2/14,9345,8/14/13,1335,19932,,3,1,6,105,0,1,1,,2,71,RT 880,THORNTON AV,900,S,N,A,-,Y,ALA,4,880,-,-,8.68,H,-,S,N,4,0,1,3,A,-,1,23152,A,N,C,C,A,A,H,-,A,D,1,,,,,Y,Y,D,22,0,0,1,0,0,0,0,0,0,- ,- ,37.54504,-122.02179,ALAMEDA,FREMONT,-122.0204798,37.5432713
6197987,2013,4/2/14,9345,9/5/13,1727,19610,,4,2,6,105,0,1,1,,2,71,RT 880,THORNTON AV,200,N,N,A,-,Y,ALA,4,880,-,-,8.89,H,-,N,Y,4,0,1,3,A,-,3,22350,,N,C,C,A,A,H,-,A,D,1,,,,,Y,,D,22,0,0,1,0,0,0,0,0,0,- ,- ,,,ALAMEDA,FREMONT,-122.0244409,37.5489548
6197999,2013,4/2/14,9345,9/3/13,733,19932,,2,1,6,105,0,1,1,,2,72,RT 880,WHIPPLE RD,100,S,N,B,-,Y,ALA,4,880,-,-,13.65,H,-,N,Y,4,0,2,3,A,-,3,22350,,N,C,C,A,A,H,-,A,D,1,,,,,Y,,D,22,0,0,2,0,0,0,0,0,0,- ,- ,37.60752,-122.0669,ALAMEDA,FREMONT,-122.0659217,37.6059545
6198569,2013,4/2/14,9345,9/3/13,1050,19804,,2,1,6,105,0,1,1,,2,71,RT 880,THORNTON AV,250,S,N,A,-,Y,ALA,4,880,-,-,8.8,H,-,S,N,4,0,2,3,A,-,3,22350,,N,C,C,A,A,H,-,A,D,1,,,,,Y,,A,7,0,0,2,0,0,0,0,0,0,- ,- ,37.54531,-122.02221,ALAMEDA,FREMONT,-122.0211548,37.544185
6199081,2013,3/28/14,105,8/16/13,1151,2901,1064,5,5,6,105,0,0,0,,0,3,BOSCELL RD,BOSCELL COM,35,S,N,A,-,N,,,,,,,,,,Y,3,0,1,2,A,-,8,22107,,N,D,C,A,A,H,-,A,D,0,,,,,Y,,A,8,0,1,0,0,0,0,0,0,0,- ,- ,,,ALAMEDA,FREMONT,-121.9787552,37.506179
6199089,2013,4/2/14,105,9/7/13,1042,2528,773,6,5,6,105,0,0,0,,0,1,STEVENSON BL,PASEO PADRE PKWY,33,E,N,A,-,N,,,,,,,,,,N,4,0,1,2,A,-,3,22350,,N,C,C,A,A,H,-,A,A,0,,,,,Y,,D,22,0,0,1,0,0,0,0,0,0,- ,- ,,,ALAMEDA,FREMONT,-121.9722996,37.5490349
6199093,2013,4/2/14,105,9/7/13,147,11863,1046,6,5,6,105,0,0,0,,0,3,ALBRAE ST,STEWART AV,501,N,N,A,-,N,,,,,,,,,,Y,3,0,3,3,A,-,1,23152,A,N,E,I,A,A,H,-,C,D,0,,,,,Y,Y,D,22,0,1,2,0,0,0,0,0,0,- ,- ,,,ALAMEDA,FREMONT,-121.982432,37.518954
6202830,2013,3/24/14,9390,7/12/13,1820,19863,,5,2,6,105,0,1,1,,2,64,RT 680,S MISSION BL,5280,S,N,A,-,Y,,,,,,,,,,Y,4,0,1,4,A,-,3,22350,,N,C,C,A,A,H,-,A,D,0,,,,,Y,,D,22,0,0,1,0,0,0,0,0,0,- ,- ,,,ALAMEDA,FREMONT,-121.9395149,37.5323112
6203140,2013,4/7/14,105,9/12/13,1558,13144,1242,4,5,6,105,0,0,0,,0,3,WARM SPRINGS BL,MISSION BL,430,S,N,A,-,N,,,,,,,,,,N,3,0,5,2,A,-,9,21801,A,N,D,C,A,A,H,-,A,D,0,,,,,Y,,A,7,0,2,3,0,0,0,0,0,0,- ,- ,,,ALAMEDA,FREMONT,-121.9290586,37.4889562
6203144,2013,4/3/14,105,8/20/13,516,2799,1070,2,5,6,105,0,0,0,,0,3,AUTO MALL PKWY,TECHNOLOGY DR,300,E,N,A,-,N,,,,,,,,,,Y,2,0,2,2,A,-,5,21650,,N,E,I,A,A,H,-,C,D,0,,,,Y,Y,,-,- ,1,1,0,0,0,0,0,0,0,- ,- ,,,ALAMEDA,FREMONT,-121.9539361,37.5113938
6205667,2013,3/19/14,9345,7/30/13,1546,20077,,2,2,6,105,0,1,1,,2,72,RT 880,ALVARADO NILES RD,40,S,N,A,-,Y,ALA,4,880,-,-,13.04,H,-,N,N,4,0,1,3,A,-,3,22350,,N,C,C,A,A,H,-,A,D,1,,,,,Y,,D,22,0,0,1,0,0,0,0,0,0,- ,- ,,,ALAMEDA,FREMONT,-122.0618201,37.6000736
6205685,2013,4/3/14,9345,9/3/13,1828,19841,,2,2,6,105,0,1,1,,2,71,RT 880,DECOTO RD,500,N,N,A,-,Y,ALA,4,880,-,-,10.39,H,-,S,Y,4,0,1,2,A,-,3,22350,,N,C,C,A,A,H,-,A,D,1,,,,,Y,,A,1,0,0,1,0,0,0,0,0,0,- ,- ,37.5651,-122.04054,ALAMEDA,FREMONT,-122.0397279,37.5645458
6205693,2013,4/3/14,9345,9/3/13,1531,19932,,2,2,6,105,0,1,1,,2,72,RT 880,ALVARADO NILES RD,800,S,N,A,-,Y,ALA,4,880,-,-,12.9,H,-,N,N,4,0,1,2,A,-,7,21658,A,N,C,C,A,A,H,-,A,D,1,,,,,Y,,A,1,0,0,1,0,0,0,0,0,0,- ,- ,37.59602,-122.05877,ALAMEDA,FREMONT,-122.0606468,37.5984371
6205697,2013,4/3/14,9345,9/3/13,1845,19610,,2,2,6,105,0,1,1,,2,71,RT 880,DECOTO RD,1000,S,N,A,-,Y,ALA,4,880,-,-,10.49,H,-,S,Y,4,0,1,4,A,-,3,22350,,N,C,C,A,A,H,-,A,D,1,,,,,Y,,A,1,0,0,1,0,0,0,0,0,0,- ,- ,37.5652,-122.04063,ALAMEDA,FREMONT,-122.0422642,37.5669112
6206108,2013,4/7/14,9345,9/3/13,1645,17807,,2,2,6,105,0,1,1,,2,71,RT 880,DECOTO RD,600,S,N,A,-,Y,ALA,4,880,-,-,10.19,H,-,N,N,4,0,1,2,A,-,3,22350,,N,C,C,A,A,H,-,A,D,1,,,Y,,Y,,C,2,0,0,1,0,0,0,0,0,1,- ,- ,37.55982,-122.0342,ALAMEDA,FREMONT,-122.0365232,37.5618701
6206391,2013,4/7/14,9345,9/11/13,820,20622,,3,1,6,105,0,1,1,,2,70,RT 880,STEVENSON BL,65,S,N,A,-,Y,ALA,4,880,-,-,6.23,H,-,N,N,4,0,1,2,A,-,3,22350,,N,C,C,A,A,H,-,A,D,1,,,,,Y,,A,1,0,0,1,0,0,0,0,0,0,- ,- ,37.52215,-121.98761,ALAMEDA,FREMONT,-121.9902538,37.5238349
6206395,2013,4/7/14,9345,9/11/13,1628,19804,,3,2,6,105,0,1,1,,2,71,RT 880,THORNTON AV,911,N,N,A,-,Y,ALA,4,880,-,-,9.01,H,-,N,Y,2,0,2,2,A,-,8,22107,,N,C,C,A,A,H,-,A,D,1,,,,,Y,,A,1,1,0,1,0,0,0,0,0,0,- ,- ,37.5497,-122.02485,ALAMEDA,FREMONT,-122.0253867,37.5502739
6207675,2013,12/2/13,105,8/7/13,1811,2536,681,3,5,6,105,0,0,0,,0,1,MOWRY AV,ARGONAUT WY,312,E,N,A,-,N,,,,,,,,,,N,4,0,1,2,A,-,3,22350,,N,C,C,A,A,H,-,A,D,0,,,,,Y,,J,48,0,0,1,0,0,0,0,0,0,- ,- ,,,ALAMEDA,FREMONT,-121.9905821,37.5462682
6209737,2013,4/12/14,9345,9/12/13,545,19994,,4,3,6,105,0,1,1,,2,72,RT 880,N FREMONT BL,25,N,N,B,-,Y,ALA,4,880,-,-,3.27,H,-,S,Y,3,0,1,2,A,-,3,22350,,N,C,C,A,A,H,-,D,D,1,,,,,Y,,A,1,0,1,0,0,0,0,0,0,0,- ,- ,37.57954,-122.04863,ALAMEDA,FREMONT,-121.945708,37.4903397
6212394,2013,4/4/14,105,9/9/13,1638,12223,103,1,5,6,105,0,0,0,,0,2,ARDENWOOD BL,PASEO PADRE PK,0,,Y,A,-,N,,,,,,,,,,Y,4,0,1,2,A,-,12,21453,A,N,D,C,A,A,H,-,A,A,0,,,,,Y,,A,1,0,0,1,0,0,0,0,0,0,- ,- ,,,ALAMEDA,FREMONT,-122.0640931,37.5604249
6212398,2013,4/4/14,105,9/8/13,1612,12223,433,7,5,6,105,0,0,0,,0,2,FREMONT BL,NICOLET AV,53,S,N,A,-,N,,,,,,,,,,Y,3,0,3,3,A,-,3,22350,,N,C,C,A,A,H,-,A,A,0,,,,,Y,,A,1,0,2,1,0,0,0,0,0,0,- ,- ,,,ALAMEDA,FREMONT,-122.0225964,37.5659398
6212520,2013,4/4/14,105,9/8/13,1205,2528,207,7,5,6,105,0,0,0,,0,2,LAKE ARROWHEAD,GRAND LAKE DR,90,W,N,A,-,N,,,,,,,,,,N,4,0,1,1,A,-,8,22107,,N,E,J,A,A,H,-,A,D,0,,,,,Y,,A,1,0,0,1,0,0,0,0,0,0,- ,- ,,,ALAMEDA,FREMONT,-122.0608199,37.58677974
6212524,2013,4/4/14,105,9/5/13,1147,13144,930,4,5,6,105,0,0,0,,0,1,WASHINGTON BL,MEREDITH DR,447,W,N,A,-,N,,,,,,,,,,Y,3,0,1,1,A,-,5,21651,A,N,E,I,A,A,H,-,A,D,0,,,,,Y,,A,7,0,1,0,0,0,0,0,0,0,- ,- ,,,ALAMEDA,FREMONT,-121.9468648,37.5325109