CASE_ID,ACCIDENT_YEAR,PROC_DATE,JURIS,COLLISION_DATE,COLLISION_TIME,OFFICER_ID,REPORTING_DISTRICT,DAY_OF_WEEK,CHP_SHIFT,POPULATION,CNTY_CITY_LOC,SPECIAL_COND,BEAT_TYPE,CHP_BEAT_TYPE,CITY_DIVISION_LAPD,CHP_BEAT_CLASS,BEAT_NUMBER,PRIMARY_RD,SECONDARY_RD,DISTANCE,DIRECTION,INTERSECTION,WEATHER_1,WEATHER_2,STATE_HWY_IND,CALTRANS_COUNTY,CALTRANS_DISTRICT,STATE_ROUTE,ROUTE_SUFFIX,POSTMILE_PREFIX,POSTMILE,LOCATION_TYPE,RAMP_INTERSECTION,SIDE_OF_HWY,TOW_AWAY,COLLISION_SEVERITY,NUMBER_KILLED,NUMBER_INJURED,PARTY_COUNT,PRIMARY_COLL_FACTOR,PCF_CODE_OF_VIOL,PCF_VIOL_CATEGORY,PCF_VIOLATION,PCF_VIOL_SUBSECTION,HIT_AND_RUN,TYPE_OF_COLLISION,MVIW,PED_ACTION,ROAD_SURFACE,ROAD_COND_1,ROAD_COND_2,LIGHTING,CONTROL_DEVICE,CHP_ROAD_TYPE,PEDESTRIAN_ACCIDENT,BICYCLE_ACCIDENT,MOTORCYCLE_ACCIDENT,TRUCK_ACCIDENT,NOT_PRIVATE_PROPERTY,ALCOHOL_INVOLVED,STWD_VEHTYPE_AT_FAULT,CHP_VEHTYPE_AT_FAULT,COUNT_SEVERE_INJ,COUNT_VISIBLE_INJ,COUNT_COMPLAINT_PAIN,COUNT_PED_KILLED,COUNT_PED_INJURED,COUNT_BICYCLIST_KILLED,COUNT_BICYCLIST_INJURED,COUNT_MC_KILLED,COUNT_MC_INJURED,PRIMARY_RAMP,SECONDARY_RAMP,LATITUDE,LONGITUDE,COUNTY,CITY,POINT_X,POINT_Y
6518598,2014,4/13/16,9345,5/30/14,1515,19787,,5,2,6,105,0,1,1,,2,71,RT 880,DECOTO RD,1500,S,N,A,-,Y,ALA,4,880,-,-,10,H,-,N,Y,4,0,1,3,A,-,3,22350,,M,C,C,A,A,H,-,A,D,1,,,,,Y,,-,99,0,0,1,0,0,0,0,0,0,- ,- ,37.58721,-122.05285,ALAMEDA,FREMONT,-122.0349423,37.560446
6518816,2014,4/14/16,9345,5/19/14,1625,17406,,1,2,6,105,0,1,1,,2,70,RT 880,WARREN AV,528,N,N,A,-,Y,ALA,4,880,-,-,2.38,H,-,N,Y,4,0,1,4,A,-,3,22350,,N,C,C,A,A,H,-,A,D,1,,,,,Y,,A,7,0,0,1,0,0,0,0,0,0,- ,- ,37.4872,-121.9409,ALAMEDA,FREMONT,-121.9375146,37.48436138
6520153,2014,10/13/15,105,3/10/14,612,13256,875,1,5,6,105,0,0,0,,0,2,MOWRY AV,FARWELL DR,286,W,N,C,-,N,,,,,,,,,,N,3,0,1,2,A,-,11,21955,,N,G,B,D,B,H,-,C,A,0,Y,,,,Y,,N,60,0,1,0,0,1,0,0,0,0,- ,- ,,,ALAMEDA,FREMONT,-122.0014013,37.5328197
6521555,2014,4/13/16,9345,5/1/14,635,17406,,4,1,6,105,0,1,1,,2,71,RT 880,DECOTO RD,290,S,N,A,-,Y,ALA,4,880,-,-,10.25,H,-,N,Y,4,0,1,1,A,-,8,22107,,N,F,A,A,A,H,-,A,D,1,,,,,Y,,A,1,0,0,1,0,0,0,0,0,0,- ,- ,37.56307,-122.03768,ALAMEDA,FREMONT,-122.0378222,37.56313745
6521559,2014,4/13/16,9345,5/1/14,900,17406,,4,1,6,105,0,1,1,,2,70,RT 880,AUTO MALL PKWY,682,N,N,A,-,Y,ALA,4,880,-,-,4.888,R,1,N,Y,4,0,1,2,A,-,3,22350,,N,C,C,A,A,H,-,A,A,1,,,,,Y,,A,7,0,0,1,0,0,0,0,0,0,- ,- ,37.50905,-121.96888,ALAMEDA,FREMONT,-121.9695469,37.50926608
6523443,2014,4/15/16,9390,4/25/14,1450,19108,,5,2,6,105,0,1,1,,2,64,RT 680,SCOTT CREEK RD,2112,N,N,B,C,Y,ALA,4,680,-,M,0.69,H,-,S,Y,2,0,5,1,A,-,8,22107,,N,E,I,A,B,H,-,A,D,1,,,,,Y,,A,7,1,2,2,0,0,0,0,0,0,- ,- ,,,ALAMEDA,FREMONT,-121.9107068,37.47303301
6523969,2014,4/13/16,9345,4/14/14,410,20504,,1,3,6,105,0,1,1,,2,70,RT 880,STEVENSON BL,1582,S,N,A,-,Y,ALA,4,880,-,-,5.64,H,-,N,Y,3,0,1,1,A,-,1,23152,A,N,E,I,A,A,H,-,D,D,1,,,,,Y,Y,A,1,0,1,0,0,0,0,0,0,0,- ,- ,37.13088,-122.14881,ALAMEDA,FREMONT,-121.9792773,37.517135
6524348,2014,4/15/16,9390,5/20/14,2110,19161,,2,2,6,105,0,1,1,,2,64,RT 680,WASHINGTON BL,2640,S,N,A,-,Y,ALA,4,680,-,M,4.62,H,-,S,Y,4,0,1,1,A,-,16,24002,A,N,F,A,A,A,H,-,D,D,1,,,Y,,Y,,C,2,0,0,1,0,0,0,0,0,1,- ,- ,,,ALAMEDA,FREMONT,-121.9458944,37.52255844
6524360,2014,4/15/16,9390,5/20/14,1115,19285,,2,1,6,105,0,1,1,,2,64,RT 680,S MISSION BL,3696,N,N,B,-,Y,ALA,4,680,-,M,3.11,H,-,S,Y,2,0,3,2,A,-,3,22350,,N,C,C,A,A,H,-,A,D,1,,,,,Y,,A,1,1,0,2,0,0,0,0,0,0,- ,- ,,,ALAMEDA,FREMONT,-121.9318759,37.50305932
6524392,2014,4/15/16,9390,5/14/14,900,19517,,3,1,6,105,0,1,1,,2,64,RT 680,S MISSION BL,2112,N,N,A,-,Y,ALA,4,680,-,M,2.73,H,-,S,N,4,0,1,2,A,-,3,22350,,N,C,C,A,A,H,-,A,D,1,,,,,Y,,A,1,0,0,1,0,0,0,0,0,0,- ,- ,,,ALAMEDA,FREMONT,-121.9274264,37.49907125
6525087,2014,8/7/14,105,5/24/14,1412,12745,1022,6,5,6,105,0,0,0,,0,3,GATEWOOD ST,DOANE ST,0,S,N,A,-,N,,,,,,,,,,N,3,0,1,1,A,-,8,22107,,N,H,I,A,A,H,-,A,D,0,,,Y,,Y,,C,2,0,1,0,0,0,0,0,0,1,- ,- ,,,ALAMEDA,FREMONT,-121.9563999,37.51408995
6525091,2014,8/7/14,105,5/30/14,1117,2528,839,5,5,6,105,0,0,0,,0,1,FREMONT BL,WASHINGTON BL,0,,Y,A,-,N,,,,,,,,,,Y,3,0,2,2,A,-,12,21453,A,N,D,C,A,A,H,-,A,A,0,,,,,Y,,A,1,0,1,1,0,0,0,0,0,0,- ,- ,,,ALAMEDA,FREMONT,-121.95915,37.53290998
6525095,2014,8/7/14,105,5/29/14,839,2536,256,4,5,6,105,0,0,0,,0,2,PASEO PADRE PKWY,CHAUCER DR,20,S,N,A,-,N,,,,,,,,,,N,3,0,1,1,A,-,3,22350,,N,E,I,A,A,H,-,A,D,0,,Y,,,Y,,L,4,0,1,0,0,0,0,1,0,0,- ,- ,,,ALAMEDA,FREMONT,-122.0334957,37.58133992
6525099,2014,8/7/14,105,5/27/14,1722,12745,958,2,5,6,105,0,0,0,,0,3,SABERCAT RD,LIGHT POLE #13973,288,N,N,A,-,N,,,,,,,,,,Y,3,0,1,1,A,-,8,22107,,N,E,J,A,A,H,-,A,D,0,,,,,Y,,A,1,0,1,0,0,0,0,0,0,0,- ,- ,,,ALAMEDA,FREMONT,,
6525103,2014,8/7/14,105,5/25/14,1700,11865,418,7,5,6,105,0,0,0,,0,2,FREMONT BL,ALDER AV,0,,Y,A,-,N,,,,,,,,,,N,2,0,1,2,A,-,10,21950,A,F,G,B,B,A,H,-,A,A,0,Y,,,,Y,,A,1,1,0,0,0,1,0,0,0,0,- ,- ,,,ALAMEDA,FREMONT,-122.01599,37.56269998
6526550,2014,4/12/16,9345,4/30/14,1110,17406,,3,1,6,105,0,1,3,,1,184,RT 84,TOLL PLAZA,1739,S,N,A,-,Y,ALA,4,84,-,R,2.88,H,-,S,Y,4,0,1,1,A,-,8,22107,,N,F,A,A,A,H,-,A,D,1,,,,,Y,,A,1,0,0,1,0,0,0,0,0,0,- ,- ,37.53365,-122.08209,ALAMEDA,FREMONT,-122.0804001,37.53386594
6527563,2014,3/30/16,105,4/3/14,2121,14177,1242,4,5,6,105,0,0,0,,0,3,RT 262,BROWN RD,0,,Y,A,-,Y,ALA,4,262,-,R,0.92,I,5,S,Y,4,0,1,2,A,-,9,21804,A,N,D,C,A,A,H,-,C,D,0,,,Y,,Y,,A,1,0,0,1,0,0,0,0,0,1,- ,- ,,,ALAMEDA,FREMONT,-121.9255852,37.49352052
6527567,2014,7/18/14,105,4/8/14,2116,2536,655,2,5,6,105,0,0,0,,0,2,CANTERBURY ST,CANTERBURY CT,5,N,N,A,-,N,,,,,,,,,,Y,3,0,1,1,A,-,3,22350,,N,F,I,A,A,H,-,A,D,0,,,,,Y,,A,1,0,1,0,0,0,0,0,0,0,- ,- ,,,ALAMEDA,FREMONT,-121.9974556,37.55838595
6527568,2014,4/13/16,105,4/7/14,1527,11865,549,1,5,6,105,0,0,0,,0,2,RT 84,RT 880,0,,Y,A,-,Y,ALA,4,84,-,-,6.99,I,5,S,Y,3,0,1,2,A,-,12,21453,A,N,D,C,A,A,H,-,A,A,0,,,,,Y,,-,- ,0,1,0,0,0,0,0,0,0,- ,NF,,,ALAMEDA,FREMONT,-122.0223199,37.54748683
6527719,2014,7/17/14,105,4/1/14,1323,12745,520,2,5,6,105,0,0,0,,0,2,GERTRUDE DR,FLORENCE RD,20,E,N,B,-,N,,,,,,,,,,Y,3,0,1,2,A,-,9,21801,A,N,A,C,A,A,H,-,A,D,0,,,,,Y,,A,7,0,1,0,0,0,0,0,0,0,- ,- ,,,ALAMEDA,FREMONT,-121.9959732,37.54089645
6530675,2014,3/6/15,9390,6/19/14,825,18628,,4,1,6,105,0,1,1,,2,64,RT 680,DURHAM RD,2640,N,N,A,-,Y,ALA,4,680,-,M,4.52,H,-,S,Y,4,0,1,3,A,-,3,22350,,N,C,C,A,A,H,-,A,D,1,,,,,Y,,A,1,0,0,1,0,0,0,0,0,0,- ,- ,37.52147,-121.94455,ALAMEDA,FREMONT,-121.9446727,37.52136498
6530687,2014,1/14/15,9390,6/17/14,950,13881,,2,1,6,105,0,1,1,,2,64,RT 680,RT 238,530,S,N,A,-,Y,ALA,4,680,-,M,6.391,R,1,S,Y,4,0,1,3,A,-,3,22350,,N,C,C,A,A,H,-,A,A,1,,,,,Y,,A,7,0,0,1,0,0,0,0,0,0,FR,- ,37.53968,-121.92617,ALAMEDA,FREMONT,-121.9263003,37.53934894
6530695,2014,3/6/15,9390,6/13/14,1555,20313,,5,2,6,105,0,1,1,,2,65,RT 680,CALAVERAS RD,500,S,N,A,-,Y,ALA,4,680,-,R,10.94,H,-,N,Y,4,0,2,3,A,-,3,22350,,N,C,D,A,A,D,-,A,D,1,,,,,Y,,A,8,0,0,2,0,0,0,0,0,0,- ,- ,37.58584,-121.87222,ALAMEDA,FREMONT,-121.8715112,37.58738479
6530715,2014,3/6/15,9390,6/11/14,1100,19108,,3,1,6,105,0,1,1,,2,64,RT 680,WASHINGTON BL,2640,N,N,A,-,Y,ALA,4,680,-,M,5.87,H,-,S,Y,4,0,1,2,A,-,4,21703,,N,C,C,A,A,H,-,A,D,1,,,,,Y,,A,1,0,0,1,0,0,0,0,0,0,- ,- ,,,ALAMEDA,FREMONT,-121.933788,37.53534278
6531245,2014,8/15/14,105,6/17/14,1556,2536,813,2,5,6,105,0,0,0,,0,1,STEVENSON BL,FREMONT BL,498,W,N,A,-,N,,,,,,,,,,Y,3,0,3,4,A,-,3,22350,,N,C,C,A,A,H,-,A,D,0,,,,,Y,,A,1,0,2,1,0,0,0,0,0,0,- ,- ,,,ALAMEDA,FREMONT,-121.9740546,37.53955342
6531246,2014,8/15/14,105,6/17/14,1952,2536,977,2,5,6,105,0,0,0,,0,3,MILL CREEK RD,MISSION BL,13200,E,N,A,-,N,,,,,,,,,,N,3,0,2,3,A,-,9,21661,,N,H,G,A,A,E,-,A,D,0,,Y,,,Y,,L,4,0,2,0,0,0,0,2,0,0,- ,- ,,,ALAMEDA,FREMONT,-121.8901865,37.53030214
6531247,2014,8/20/14,105,6/22/14,1054,12510,1165,7,5,6,105,0,0,0,,0,3,MISSION BL,PASEO PADRE PKWY,0,,Y,A,-,N,,,,,,,,,,Y,3,0,2,2,A,-,12,21453,A,N,D,C,A,A,H,-,A,A,0,,,,,Y,,-,- ,0,1,1,0,0,0,0,0,0,- ,- ,,,ALAMEDA,FREMONT,-121.9195399,37.50043994
6531248,2014,3/30/16,105,6/23/14,1434,12745,213,1,5,6,105,0,0,0,,0,2,ALVARADO BL,RT 880,0,N,N,A,-,Y,ALA,4,880,-,-,11.661,R,4,N,N,4,0,1,2,A,-,3,22350,,F,C,C,A,A,H,-,A,D,0,,,,,Y,,-,99,0,0,1,0,0,0,0,0,0,- ,- ,,,ALAMEDA,FREMONT,-122.0492877,37.582061
6531261,2014,4/13/16,9345,6/23/14,1935,20134,,1,2,6,105,0,1,1,,2,71,RT 880,RT 84,1238,S,N,A,-,Y,ALA,4,880,-,-,9.95,H,-,N,Y,4,0,1,1,C,-,18,,,N,E,I,A,A,H,-,A,D,1,,,,,Y,,-,- ,0,0,1,0,0,0,0,0,0,- ,- ,37.55821,-122.63274,ALAMEDA,FREMONT,-122.0343559,37.55990122
6531262,2014,4/13/16,9345,6/17/14,950,17406,,2,1,6,105,0,1,1,,2,71,RT 880,AUTO MALL PKWY,528,N,N,A,-,Y,ALA,4,880,-,-,4.99,H,-,S,N,4,0,1,3,A,-,3,22350,,N,C,C,A,A,H,-,A,D,1,,,,,Y,,A,8,0,0,1,0,0,0,0,0,0,- ,- ,,,ALAMEDA,FREMONT,-121.9711986,37.5101733
6531286,2014,4/12/16,105,6/16/14,2005,11865,932,1,5,6,105,0,0,0,,0,3,RT 238,RT 680,0,,Y,A,-,Y,ALA,4,238,-,-,0.02,I,5,S,N,3,0,1,2,A,-,9,21453,C,N,D,G,A,A,H,-,B,A,0,,Y,,,Y,,A,1,0,1,0,0,0,0,1,0,0,- ,SO,,,ALAMEDA,FREMONT,-121.9248595,37.54083787
6531287,2014,4/12/16,105,6/14/14,941,2901,755,6,5,6,105,0,0,0,,0,1,L ST,DRISCOLL RD,0,,Y,A,-,Y,ALA,4,238,-,-,1.11,I,5,S,Y,3,0,2,2,A,-,12,21453,A,N,D,C,A,A,H,-,A,A,0,,,,,Y,,-,- ,0,1,1,0,0,0,0,0,0,- ,- ,,,ALAMEDA,FREMONT,-121.9399236,37.54974781
6531289,2014,8/12/14,105,6/12/14,1000,11865,418,4,5,6,105,0,0,0,,0,2,FREMONT BL,ALDER AV,0,,Y,A,-,N,,,,,,,,,,Y,3,0,1,2,A,-,10,21950,A,N,G,B,B,A,H,-,A,A,0,Y,,,,Y,,A,1,0,1,0,0,1,0,0,0,0,- ,- ,,,ALAMEDA,FREMONT,-122.01599,37.56269998
6531290,2014,8/13/14,105,6/9/14,1630,11865,,1,5,6,105,0,0,0,,0,2,GRANVILLE DR,PRESCOTT CT,86,N,N,A,-,N,,,,,,,,,,N,3,0,1,2,A,-,11,21954,A,N,G,B,D,A,H,-,A,D,0,Y,,,,Y,,N,60,0,1,0,0,1,0,0,0,0,- ,- ,,,ALAMEDA,FREMONT,-122.0124805,37.53623836
6531522,2014,4/15/16,9390,6/10/14,820,19145,,2,1,6,105,0,1,1,,2,64,RT 680,S MISSION BL,2640,S,N,A,-,Y,ALA,4,680,-,M,2.01,H,-,S,N,4,0,1,2,-,-,- ,,,N,B,C,A,A,H,-,A,D,1,,,,,Y,,-,- ,0,0,1,0,0,0,0,0,0,- ,- ,,,ALAMEDA,FREMONT,-121.9193421,37.49131622
6532457,2014,8/1/14,105,5/31/14,201,14083,1121,6,5,6,105,0,0,0,,0,3,CUSHING PKWY,AUTO MALL CIR,0,,Y,A,-,N,,,,,,,,,,Y,2,0,1,1,A,-,1,23152,E,M,E,I,A,A,H,-,C,D,0,,,,,Y,,A,1,1,0,0,0,0,0,0,0,0,- ,- ,,,ALAMEDA,FREMONT,-121.97936,37.50237999
6532467,2014,4/15/16,9390,6/13/14,2015,19968,,5,2,6,105,0,1,1,,2,64,RT 680,SOUTH MISSION BL,2640,S,N,A,-,Y,ALA,4,680,-,M,1.88,H,-,N,N,4,0,2,2,A,-,7,21658,A,N,B,C,A,A,H,-,B,D,1,,,,,Y,,A,1,0,0,2,0,0,0,0,0,0,- ,- ,37.49015,-121.9178,ALAMEDA,FREMONT,-121.9177877,37.48992602
6534805,2014,3/30/16,105,5/23/14,2029,12223,1266,5,5,6,105,0,0,0,,0,3,RT 262,BROWN RD,105,W,N,A,-,Y,ALA,4,262,-,R,0.9,H,-,N,Y,3,0,1,2,A,-,9,21804,A,N,B,C,A,A,H,-,C,D,0,,,Y,,Y,,A,1,0,1,0,0,0,0,0,0,1,- ,- ,,,ALAMEDA,FREMONT,-121.925744,37.49310737
6536281,2014,7/30/14,105,5/20/14,745,2395,,2,5,6,105,0,0,0,,0,2,FREMONT BL,NICOLET DR,0,,Y,A,-,N,,,,,,,,,,N,4,0,1,2,A,-,10,21950,A,N,G,B,B,A,H,-,A,A,0,Y,,,,Y,Y,-,,0,0,1,0,1,0,0,0,0,- ,- ,,,ALAMEDA,FREMONT,-122.02275,37.56602996
6536285,2014,7/30/14,105,5/23/14,656,2528,646,5,5,6,105,0,0,0,,0,,FREMONT BL,WALNUT AV,0,,Y,A,-,N,,,,,,,,,,Y,4,0,3,4,A,-,12,21453,A,N,D,C,A,A,H,-,A,A,0,,,,,Y,,A,1,0,0,3,0,0,0,0,0,0,- ,- ,,,ALAMEDA,FREMONT,-121.9826399,37.5456099
6536485,2014,4/15/16,9390,5/19/14,1012,19695,,1,1,6,105,0,1,1,,2,64,RT 680,AUTO MALL PKWY,1320,S,N,A,-,Y,ALA,4,680,-,M,3.82,H,-,S,N,4,0,1,2,A,-,3,22350,,N,C,C,A,A,H,-,A,D,1,,,,,Y,,A,8,0,0,1,0,0,0,0,0,0,- ,- ,,,ALAMEDA,FREMONT,-121.9384512,37.51192596
6536501,2014,4/15/16,9390,5/24/14,1310,19517,,6,1,6,105,0,1,1,,2,64,RT 680,N MISSION BL,2112,S,N,A,-,Y,ALA,4,680,-,M,5.98,H,-,N,N,4,0,1,2,A,-,3,22350,,N,C,C,A,A,H,-,A,D,1,,,,,Y,,A,1,0,0,1,0,0,0,0,0,0,- ,- ,,,ALAMEDA,FREMONT,-121.9317486,37.53610426
6538956,2014,4/18/15,9345,6/12/14,423,20351,,4,3,6,105,0,1,1,,2,70,RT 880,DIXON LANDING RD,2000,N,N,A,-,Y,ALA,4,880,-,-,10.38,H,-,N,Y,4,0,2,2,A,-,3,22350,,N,C,C,A,A,H,-,D,D,1,,,,,Y,,A,1,0,0,2,0,0,0,0,0,0,- ,- ,37.4686,-121.9285,ALAMEDA,FREMONT,-122.0393311,37.56454519
6538957,2014,4/18/15,9345,6/10/14,845,17406,,2,1,6,105,0,1,1,,2,71,RT 880,PASEO PADRE PKWY,520,N,N,A,-,Y,ALA,4,880,-,-,19.66,H,-,S,Y,4,0,1,3,A,-,7,21658,A,N,B,C,A,A,H,-,A,D,1,,,Y,,Y,,A,1,0,0,1,0,0,0,0,0,1,- ,- ,,,ALAMEDA,FREMONT,-122.123123,37.68022346
6540442,2014,4/15/16,9390,6/13/14,1330,20313,,5,1,6,105,0,1,1,,2,64,RT 680,WASHINGTON BL,20,N,N,A,-,Y,ALA,4,680,-,M,5.37,H,-,N,Y,4,0,1,3,A,-,3,22350,,N,C,C,A,A,H,-,A,D,1,,,,,Y,,D,22,0,0,1,0,0,0,0,0,0,- ,- ,37.53097,-121.94122,ALAMEDA,FREMONT,-121.9403509,37.5316679
6542400,2014,4/13/16,9345,6/17/14,1145,17406,,2,1,6,105,0,1,1,,2,71,RT 880,N FREMONT BL,1122,S,N,A,-,Y,ALA,4,880,-,-,11.19,H,-,S,Y,2,0,2,3,A,-,7,21658,A,N,B,C,A,A,H,-,A,D,1,,,,Y,Y,,G,25,1,0,1,0,0,0,0,0,0,- ,- ,,,ALAMEDA,FREMONT,-122.0472705,37.57511943
6542644,2014,4/13/16,9345,6/16/14,2042,20075,,1,2,6,105,0,1,1,,2,71,RT 880,PASEO PADRE PKWY,960,S,N,A,-,Y,ALA,4,880,-,-,10.75,H,-,N,Y,4,0,1,1,A,-,8,22107,,N,E,I,A,A,H,-,B,D,1,,,,,Y,,A,1,0,0,1,0,0,0,0,0,0,- ,- ,37.57015,-122.04463,ALAMEDA,FREMONT,-122.0435942,37.56863299
6542715,2014,4/7/15,9390,6/12/14,1615,15650,,4,2,6,105,0,1,1,,2,64,RT 680,EAST WARREN AV,528,N,N,A,-,Y,ALA,4,680,-,M,2.12,H,-,N,Y,4,0,1,3,A,-,3,22350,,N,C,C,A,A,H,-,A,D,1,,,,,Y,,A,1,0,0,1,0,0,0,0,0,0,- ,- ,37.48531,-121.91454,ALAMEDA,FREMONT,-121.9200637,37.49284215
6543614,2014,4/15/16,9390,6/19/14,640,20112,,4,1,6,105,0,1,1,,2,64,RT 680,MISSION BL,800,N,N,A,-,Y,ALA,4,680,-,M,2.95,H,-,S,Y,3,0,2,2,A,-,7,21658,A,N,B,C,A,A,H,-,A,D,1,,,,Y,Y,,G,25,0,2,0,0,0,0,0,0,0,- ,- ,37.50367,-121.9323,ALAMEDA,FREMONT,-121.9300022,37.50137999
6545138,2014,8/13/14,105,6/29/14,1758,11865,942,7,5,6,105,0,0,0,,0,3,PASEO PADRE PKWY,QUEMA DR,288,N,N,A,-,N,,,,,,,,,,Y,3,0,2,1,A,-,8,22107,,N,E,I,A,A,H,-,A,D,0,,,,,Y,Y,D,22,0,2,0,0,0,0,0,0,0,- ,- ,,,ALAMEDA,FREMONT,-121.9320045,37.52898779
6548187,2014,4/13/16,9345,6/23/14,1530,17406,,1,2,6,105,0,1,1,,2,71,RT 880,PASEO PADRE PKWY,35,S,N,A,-,Y,ALA,4,880,-,-,10.92,H,-,S,Y,4,0,3,2,A,-,8,22107,,N,E,I,A,A,H,-,A,D,1,,,,,Y,,E,22,0,0,3,0,0,0,0,0,0,- ,- ,37.57036,-122.0449,ALAMEDA,FREMONT,-122.0454929,37.57063205
6548191,2014,4/13/16,9345,6/25/14,435,20328,,3,3,6,105,0,1,1,,2,70,RT 880,WARREN AV,2100,S,N,A,-,Y,ALA,4,880,-,R,1.61,H,-,N,Y,2,0,2,3,A,-,1,23153,A,N,B,C,A,A,H,-,C,D,1,,,,,Y,Y,A,7,1,0,1,0,0,0,0,0,0,- ,- ,37.4657,-121.9274,ALAMEDA,FREMONT,-121.9332876,37.47794341
6548391,2014,4/14/16,9345,6/16/14,35,20622,,1,3,6,105,0,1,1,,2,70,RT 880,WARREN AV,290,S,N,A,-,Y,ALA,4,880,-,-,2.23,H,-,S,Y,3,0,1,2,A,-,1,23152,A,N,C,C,A,A,H,-,C,D,1,,,Y,,Y,Y,C,2,0,1,0,0,0,0,0,0,1,- ,- ,37.48172,-121.93616,ALAMEDA,FREMONT,-121.9360751,37.48243922
6549071,2014,8/13/14,105,6/25/14,1201,2498,948,3,5,6,105,0,0,0,,0,3,MISSION BL,CEDAR ST,0,,Y,B,-,N,,,,,,,,,,N,4,0,1,2,A,-,9,21802,A,N,D,C,A,A,H,-,A,A,0,,,,,Y,,A,1,0,0,1,0,0,0,0,0,0,- ,- ,,,ALAMEDA,FREMONT,-121.9185099,37.52790999
6549075,2014,8/13/14,105,6/12/14,2203,14083,233,4,5,6,105,0,0,0,,0,2,DECOTO RD,OZARK RIVER WY,0,,Y,A,-,N,,,,,,,,,,N,2,0,1,2,A,-,17,21209,A,N,C,G,A,A,H,-,C,A,0,,Y,,,Y,,A,1,1,0,0,0,0,0,1,0,0,- ,- ,,,ALAMEDA,FREMONT,-122.0344099,37.56873996
6549079,2014,4/12/16,105,6/25/14,915,12223,906,3,5,6,105,0,0,0,,0,1,RT 238,VIA SAN DIMAS,12,N,N,B,-,Y,ALA,4,238,-,-,0.11,I,5,N,Y,3,0,1,2,A,-,8,22107,,N,D,C,A,A,H,-,A,D,0,,,,,Y,,A,1,0,1,0,0,0,0,0,0,0,- ,- ,,,ALAMEDA,FREMONT,-121.9258794,37.54174734
6549087,2014,8/13/14,105,6/27/14,944,2536,1004,5,5,6,105,0,0,0,,0,3,BLACOW RD,GRIMMER BL,33,E,N,A,-,N,,,,,,,,,,Y,3,0,2,2,C,-,18,,,N,C,C,A,A,H,-,A,A,0,,,,,Y,,-,- ,0,1,1,0,0,0,0,0,0,- ,- ,,,ALAMEDA,FREMONT,-121.9690783,37.52261719
6549091,2014,8/13/14,105,6/26/14,1518,12223,778,4,5,6,105,0,0,0,,0,1,PASEO PADRE PKWY,MISSION VIEW DR,312,N,N,A,-,N,,,,,,,,,,N,3,0,1,2,A,-,8,22107,,N,C,G,A,A,H,-,A,D,0,,Y,,,Y,,L,4,0,1,0,0,0,0,1,0,0,- ,- ,,,ALAMEDA,FREMONT,-121.9662578,37.54550812
6549095,2014,4/14/16,105,6/29/14,2029,12745,549,7,5,6,105,0,0,0,,0,2,RT 84,BLACOW RD,0,,Y,A,-,Y,ALA,4,84,-,-,7.05,I,5,S,Y,3,0,2,2,A,-,9,21800,A,N,D,C,A,A,H,-,C,A,0,,,,,Y,,A,7,0,2,0,0,0,0,0,0,0,- ,- ,,,ALAMEDA,FREMONT,-122.0216738,37.54821908
6549103,2014,8/14/14,105,6/24/14,1915,11865,1265,2,5,6,105,0,0,0,,0,3,WARM SPRINGS BL,MEADOWFAIR COM,45,N,N,A,-,N,,,,,,,,,,Y,2,0,2,2,A,-,5,21651,A,N,E,I,A,A,H,-,A,D,0,,,,,Y,,A,1,1,1,0,0,0,0,0,0,0,- ,- ,,,ALAMEDA,FREMONT,-121.9132179,37.46160816
6549815,2014,4/12/16,9345,6/30/14,1013,19804,,1,1,6,105,0,1,3,,1,184,RT 84,ALAMEDA CO LINE,170,N,N,A,-,Y,ALA,4,84,-,R,0.03,H,-,N,Y,3,0,1,2,A,-,3,22350,,N,C,C,A,A,H,-,A,D,4,,,,,Y,,A,7,0,1,0,0,0,0,0,0,0,- ,- ,37.50602,-122.11843,ALAMEDA,FREMONT,-122.1167682,37.50699478
6549827,2014,4/13/16,9345,6/25/14,1030,17406,,3,1,6,105,0,1,1,,2,71,RT 880,CENTRAL AV,780,N,N,B,-,Y,ALA,4,880,-,-,8.4,H,-,S,Y,4,0,2,4,A,-,3,22350,,N,C,C,A,A,H,-,A,D,1,,,Y,,Y,,C,2,0,0,2,0,0,0,0,0,1,- ,- ,,,ALAMEDA,FREMONT,-122.0188728,37.54104207
6549946,2014,3/23/16,9345,6/26/14,840,17406,,4,1,6,105,0,1,1,,2,71,RT 880,MOWRY AV,528,S,N,A,-,Y,ALA,4,880,-,-,7.29,H,-,S,N,4,0,1,3,A,-,3,22350,,N,C,C,A,A,H,-,A,D,1,,,,,Y,,A,7,0,0,1,0,0,0,0,0,0,- ,- ,,,ALAMEDA,FREMONT,-122.0038341,37.53051972
6550782,2014,5/21/16,9345,7/5/14,2050,20602,,6,2,6,105,0,1,1,,2,71,RT 880,MOWRY AV,1090,N,N,A,-,Y,ALA,4,880,-,-,7.4,H,-,N,Y,4,0,1,1,A,-,8,22107,,N,E,I,A,A,H,-,B,D,1,,,,,Y,,D,22,0,0,1,0,0,0,0,0,0,- ,- ,37.53091,-122.00405,ALAMEDA,FREMONT,-122.0052995,37.53162165
6550841,2014,5/21/16,9345,7/4/14,10,20602,,5,3,6,105,0,1,1,,2,71,RT 880,MOWRY AV,1963,N,N,A,-,Y,ALA,4,880,-,-,7.56,H,-,S,Y,3,0,2,2,A,-,1,23152,A,N,C,C,A,A,H,-,D,D,1,,,Y,,Y,Y,C,2,0,1,1,0,0,0,0,0,1,- ,- ,,,ALAMEDA,FREMONT,-122.0078697,37.53269737