CASE_ID,ACCIDENT_YEAR,PROC_DATE,JURIS,COLLISION_DATE,COLLISION_TIME,OFFICER_ID,REPORTING_DISTRICT,DAY_OF_WEEK,CHP_SHIFT,POPULATION,CNTY_CITY_LOC,SPECIAL_COND,BEAT_TYPE,CHP_BEAT_TYPE,CITY_DIVISION_LAPD,CHP_BEAT_CLASS,BEAT_NUMBER,PRIMARY_RD,SECONDARY_RD,DISTANCE,DIRECTION,INTERSECTION,WEATHER_1,WEATHER_2,STATE_HWY_IND,CALTRANS_COUNTY,CALTRANS_DISTRICT,STATE_ROUTE,ROUTE_SUFFIX,POSTMILE_PREFIX,POSTMILE,LOCATION_TYPE,RAMP_INTERSECTION,SIDE_OF_HWY,TOW_AWAY,COLLISION_SEVERITY,NUMBER_KILLED,NUMBER_INJURED,PARTY_COUNT,PRIMARY_COLL_FACTOR,PCF_CODE_OF_VIOL,PCF_VIOL_CATEGORY,PCF_VIOLATION,PCF_VIOL_SUBSECTION,HIT_AND_RUN,TYPE_OF_COLLISION,MVIW,PED_ACTION,ROAD_SURFACE,ROAD_COND_1,ROAD_COND_2,LIGHTING,CONTROL_DEVICE,CHP_ROAD_TYPE,PEDESTRIAN_ACCIDENT,BICYCLE_ACCIDENT,MOTORCYCLE_ACCIDENT,TRUCK_ACCIDENT,NOT_PRIVATE_PROPERTY,ALCOHOL_INVOLVED,STWD_VEHTYPE_AT_FAULT,CHP_VEHTYPE_AT_FAULT,COUNT_SEVERE_INJ,COUNT_VISIBLE_INJ,COUNT_COMPLAINT_PAIN,COUNT_PED_KILLED,COUNT_PED_INJURED,COUNT_BICYCLIST_KILLED,COUNT_BICYCLIST_INJURED,COUNT_MC_KILLED,COUNT_MC_INJURED,PRIMARY_RAMP,SECONDARY_RAMP,LATITUDE,LONGITUDE,COUNTY,CITY,POINT_X,POINT_Y
6909411,2015,11/7/16,9345,4/30/15,800,20421,,4,1,6,105,0,1,1,,2,70,RT 880,S FREMONT BL,2640,N,N,A,-,Y,ALA,4,880,-,-,3.77,H,-,S,Y,4,0,1,3,A,-,3,22350,,N,C,C,A,A,H,-,A,D,1,,,,,Y,,A,1,0,0,1,0,0,0,0,0,0,- ,- ,37.49863,-121.9556,ALAMEDA,FREMONT,-121.9552983,37.49766537
6909415,2015,11/7/16,9345,4/28/15,1905,19880,,2,2,6,105,0,1,1,,2,70,RT 880,STEVENSON BL,400,S,N,A,-,Y,ALA,4,880,-,-,6.075,R,1,S,N,3,0,2,2,A,-,3,22350,,N,C,C,A,A,H,-,A,D,1,,,,,Y,,A,1,0,1,1,0,0,0,0,0,0,FR,- ,37.52119,-121.98588,ALAMEDA,FREMONT,-121.9852952,37.52113508
6910669,2015,5/15/15,105,3/20/15,1653,12745,634,5,5,6,105,0,0,0,,0,2,PASEO PADRE PKWY,PASEO PADRE CT,0,,Y,A,-,N,,,,,,,,,,N,2,0,1,3,A,-,9,21801,A,N,D,G,A,A,H,-,A,D,0,,Y,,,Y,,L,4,1,0,0,0,0,0,1,0,0,- ,- ,,,ALAMEDA,FREMONT,-121.99207,37.55904991
6910834,2015,5/18/15,105,4/23/15,1308,12745,681,4,5,6,105,0,0,0,,0,1,WALNUT AV,FREMONT BL,889,W,N,A,-,N,,,,,,,,,,Y,4,0,1,2,A,-,9,21804,A,N,D,C,A,A,H,-,A,D,0,,,,,Y,,A,1,0,0,1,0,0,0,0,0,0,- ,- ,,,ALAMEDA,FREMONT,-121.9843292,37.54357207
6910838,2015,5/20/15,105,4/21/15,1723,12745,666,2,5,6,105,0,0,0,,0,2,CENTRAL AV,FREMONT BL,7,W,N,A,-,N,,,,,,,,,,N,4,0,1,2,A,-,10,21950,A,N,G,B,B,A,H,-,A,A,0,Y,,,,Y,,A,1,0,0,1,0,1,0,0,0,0,- ,- ,,,ALAMEDA,FREMONT,-122.0037832,37.55647389
6910842,2015,5/18/15,105,4/16/15,803,13144,622,4,5,6,105,0,0,0,,0,1,MOWRY AV,PASEO PADRE PKWY,415,E,N,A,-,N,,,,,,,,,,N,3,0,1,2,A,-,8,22107,,N,D,G,A,A,H,-,A,A,0,,Y,,,Y,,A,1,0,1,0,0,0,0,1,0,0,- ,- ,,,ALAMEDA,FREMONT,-121.9825813,37.5556818
6910846,2015,5/18/15,105,4/15/15,2052,12223,625,3,5,6,105,0,0,0,,0,1,MOWRY AV,PASEO PADRE PKWY,85,W,N,A,-,N,,,,,,,,,,Y,3,0,3,3,A,-,3,22350,,N,E,I,A,A,H,-,C,A,0,,,,,Y,,A,1,0,1,2,0,0,0,0,0,0,- ,- ,,,ALAMEDA,FREMONT,-121.9835095,37.55452406
6910850,2015,5/18/15,105,4/5/15,335,14083,1005,7,5,6,105,0,0,0,,0,1,GRIMMER BL,IRVINGTON AV,420,W,N,A,-,N,,,,,,,,,,Y,2,0,3,1,A,-,1,23152,A,N,F,I,A,A,H,-,C,D,0,,,,,Y,Y,A,1,1,2,0,0,0,0,0,0,0,- ,- ,,,ALAMEDA,FREMONT,-121.9698757,37.53118065
6917229,2015,12/8/16,9345,4/25/15,1435,20248,,6,2,6,105,0,1,1,,2,70,RT 880,STEVENSON BL,1130,S,N,A,-,Y,ALA,4,880,-,-,6.01,H,-,S,Y,4,0,1,3,A,-,4,21703,,N,C,C,A,A,H,-,A,D,1,,,,,Y,,A,1,0,0,1,0,0,0,0,0,0,- ,- ,37.52006,-121.98357,ALAMEDA,FREMONT,-121.9843357,37.52060137
6918754,2015,6/29/15,105,5/7/15,2318,14215,653,4,5,6,105,0,0,0,,0,0Z2,FREMONT BL,EGGERS DR,448,N,N,A,-,N,,,,,,,,,,Y,4,0,1,2,A,-,8,22107,,N,B,C,A,A,H,-,C,D,0,,,,Y,Y,,A,1,0,0,1,0,0,0,0,0,0,- ,- ,,,ALAMEDA,FREMONT,-121.9975581,37.55327815
6918758,2015,6/10/15,105,5/2/15,1652,12510,344,6,5,6,105,0,0,0,,0,1,NILES BL,G ST,168,S,N,A,-,N,,,,,,,,,,N,3,0,1,2,A,-,7,21658,A,N,B,E,A,A,H,-,A,D,0,,,Y,,Y,,C,2,0,1,0,0,0,0,0,0,1,- ,- ,,,ALAMEDA,FREMONT,-121.9806232,37.57729106
6918762,2015,6/3/15,105,4/27/15,958,2528,506,1,5,6,105,0,0,0,,0,2,CENTRAL AV,DUSTERBERRY WY,401,W,N,A,-,N,,,,,,,,,,Y,3,0,1,2,A,-,3,22350,,N,C,E,A,A,H,-,A,D,0,,,,Y,Y,,A,7,0,1,0,0,0,0,0,0,0,- ,- ,,,ALAMEDA,FREMONT,-122.0078461,37.55144746
6920430,2015,11/3/16,9390,4/16/15,715,14771,,4,1,6,105,0,1,1,,2,64,RT 680,AUTO MALL PKWY,1320,N,N,A,-,Y,ALA,4,680,-,M,4.27,H,-,S,N,4,0,1,2,A,-,3,22350,,N,C,C,A,A,H,-,A,D,1,,,,,Y,,D,22,0,0,1,0,0,0,0,0,0,- ,- ,37.5199,-121.9432,ALAMEDA,FREMONT,-121.9420427,37.51813985
6920947,2015,11/7/16,9345,5/1/15,800,19787,,5,1,6,105,0,1,1,,2,71,RT 880,THORNTON AV,1000,S,N,A,-,Y,ALA,4,880,-,-,8.66,H,-,S,N,4,0,1,2,A,-,3,22350,,N,C,C,A,A,H,-,A,D,1,,,,,Y,,A,1,0,0,1,0,0,0,0,0,0,- ,- ,37.5314,-122.01911,ALAMEDA,FREMONT,-122.0213015,37.54428603
6921012,2015,11/3/16,9390,4/28/15,1440,19673,,2,2,6,105,0,1,1,,2,64,RT 680,N MISSION BL,3696,S,N,A,-,Y,ALA,4,680,-,M,5.68,H,-,N,N,4,0,1,2,A,-,3,22350,,N,C,C,A,A,H,-,A,D,1,,,,,Y,,D,22,0,0,1,0,0,0,0,0,0,- ,- ,,,ALAMEDA,FREMONT,-121.9359921,37.53394749
6921798,2015,11/3/16,9390,4/23/15,922,13881,,4,1,6,105,0,1,1,,2,64,RT 680,DURHAM RD AUTO MALL PKWY,1200,N,N,A,-,Y,ALA,4,680,-,M,4.24,H,-,S,N,4,0,1,3,A,-,3,22350,,N,C,C,A,A,H,-,A,D,1,,,,,Y,,A,1,0,0,1,0,0,0,0,0,0,- ,- ,,,ALAMEDA,FREMONT,-121.9417785,37.51772793
6921813,2015,11/3/16,9390,4/30/15,805,19145,,4,1,6,105,0,1,1,,2,64,RT 680,MISSION BL,4224,S,N,A,-,Y,ALA,4,680,-,M,1.58,H,-,S,Y,4,0,1,2,A,-,3,22350,,N,C,C,A,A,H,-,A,D,1,,,,,Y,,A,1,0,0,1,0,0,0,0,0,0,- ,- ,,,ALAMEDA,FREMONT,-121.9154943,37.48586686
6921814,2015,11/3/16,9390,4/28/15,1051,13881,,2,1,6,105,0,1,1,,2,64,RT 680,RT 262,2640,N,N,A,-,Y,ALA,4,680,-,M,2.88,H,-,S,Y,4,0,1,2,A,-,7,21658,A,N,B,C,A,A,H,-,A,D,1,,,,,Y,,A,1,0,0,1,0,0,0,0,0,0,- ,- ,37.50123,-121.93,ALAMEDA,FREMONT,-121.9291825,37.50064528
6922450,2015,6/4/15,105,5/4/15,2159,2536,1006,1,5,6,105,0,0,0,,0,1,BLACOW RD,SHERWOOD ST,38,E,N,A,-,N,,,,,,,,,,Y,3,0,1,2,A,-,3,22350,,N,C,C,A,A,H,-,C,A,0,,,,,Y,,A,1,0,1,0,0,0,0,0,0,0,- ,- ,,,ALAMEDA,FREMONT,-121.9636406,37.52330669
6924339,2015,12/8/16,9345,5/1/15,1600,19787,,5,2,6,105,0,1,1,,2,71,RT 880,ALVARADO BL,1000,S,N,A,-,Y,ALA,4,880,-,-,11.21,H,-,S,Y,4,0,2,5,A,-,3,22350,,N,C,C,A,A,H,-,A,D,1,,,,,Y,,A,1,0,0,2,0,0,0,0,0,0,- ,- ,37.6322,-122.02911,ALAMEDA,FREMONT,-122.0473857,37.57545862
6926508,2015,6/1/15,105,5/3/15,1343,2528,226,7,5,6,105,0,0,0,,0,2,FREMONT BL,PASEO PADRE PKWY,0,,Y,A,-,N,,,,,,,,,,Y,3,0,3,2,A,-,12,21453,A,N,A,C,A,A,H,-,A,A,0,,,,,Y,,A,8,0,1,2,0,0,0,0,0,0,- ,- ,,,ALAMEDA,FREMONT,-122.0411999,37.57508999
6926548,2015,6/1/15,105,5/8/15,952,2799,1076,5,5,6,105,0,0,0,,0,3,CHRISTY ST,CURIE ST,35,N,N,A,-,N,,,,,,,,,,Y,3,0,2,2,A,-,8,22101,D,N,B,C,A,A,H,-,A,A,0,,,,,Y,,A,1,0,1,1,0,0,0,0,0,0,- ,- ,,,ALAMEDA,FREMONT,-121.9689834,37.5037695
6926552,2015,6/1/15,105,5/8/15,1328,13144,425,5,5,6,105,0,0,0,,0,2,FREMONT BL,SUNSET TER,105,S,N,A,-,N,,,,,,,,,,Y,3,0,1,2,A,-,9,21804,A,N,D,C,A,A,H,-,A,D,0,,,,,Y,,A,1,0,1,0,0,0,0,0,0,0,- ,- ,,,ALAMEDA,FREMONT,-122.0252011,37.56722916
6927623,2015,5/28/15,105,4/25/15,2049,14439,1220,6,5,6,105,0,0,0,,0,3,VINEHILL CIR,ANTELOPE DR,0,,Y,A,-,N,,,,,,,,,,Y,3,0,1,1,A,-,1,23152,A,N,E,I,A,A,H,-,C,D,0,,,,,Y,Y,A,1,0,1,0,0,0,0,0,0,0,- ,- ,,,ALAMEDA,FREMONT,-121.91217,37.50706995
6927878,2015,12/8/16,9345,5/19/15,835,19797,,2,1,6,105,0,1,1,,2,71,RT 880,DECOTO RD,1056,N,N,A,-,Y,ALA,4,880,-,-,10.5,H,-,S,N,4,0,1,2,A,-,3,22350,,N,C,C,A,A,H,-,A,D,1,,,,,Y,,A,8,0,0,1,0,0,0,0,0,0,- ,- ,37.56395,-122.03925,ALAMEDA,FREMONT,-122.0409735,37.56560753
6928704,2015,11/7/16,9345,5/11/15,950,17406,,1,1,6,105,0,1,1,,2,70,RT 880,FREMONT BL,2112,N,N,A,-,Y,ALA,4,880,-,-,3.67,H,-,S,Y,4,0,2,2,A,-,3,22350,,N,C,C,A,A,H,-,A,D,1,,,,,Y,,A,1,0,0,2,0,0,0,0,0,0,- ,- ,37.49649,-121.9539,ALAMEDA,FREMONT,-121.9539809,37.49665358
6928707,2015,11/7/16,9345,5/10/15,1035,20248,,7,1,6,105,0,1,1,,2,71,RT 880,ALVARADO BL,350,S,N,A,-,Y,ALA,4,880,-,-,11.34,H,-,S,N,4,0,1,2,A,-,4,21703,,N,C,C,A,A,H,-,A,D,1,,,,,Y,,A,1,0,0,1,0,0,0,0,0,0,- ,- ,37.57757,-122.04813,ALAMEDA,FREMONT,-122.0481344,37.57766482
6928711,2015,11/7/16,9345,5/9/15,208,20351,,6,3,6,105,0,1,1,,2,70,RT 880,AUTO MALL PKWY,1056,S,N,A,-,Y,ALA,4,880,-,-,4.51,H,-,S,Y,4,0,1,3,A,-,1,23152,A,N,C,C,A,A,H,-,C,A,1,,,,,Y,Y,A,1,0,0,1,0,0,0,0,0,0,- ,- ,37.505,-121.96466,ALAMEDA,FREMONT,-121.9650187,37.50518945
6928773,2015,12/8/16,9345,5/8/15,1445,20248,,5,2,6,105,0,1,1,,2,71,RT 880,ALVARADO BL,150,S,N,A,-,Y,ALA,4,880,-,-,11.38,H,-,N,N,4,0,1,2,A,-,4,21703,,N,C,C,A,A,H,-,A,D,1,,,,,Y,,A,1,0,0,1,0,0,0,0,0,0,- ,- ,,,ALAMEDA,FREMONT,-122.0478886,37.5781609
6928774,2015,12/8/16,9345,5/10/15,1115,19994,,7,1,6,105,0,1,1,,2,72,RT 880,FREMONT BL,700,N,N,A,-,Y,ALA,4,880,-,-,11.71,H,-,S,N,4,0,1,2,A,-,3,22350,,N,C,C,A,A,H,-,A,D,1,,,,,Y,,A,1,0,0,1,0,0,0,0,0,0,- ,- ,,,ALAMEDA,FREMONT,-122.0501089,37.58285554
6931877,2015,6/25/15,105,4/19/15,1640,14309,246,7,5,6,105,0,0,0,,0,2,PASEO PADRE PKWY,FREMONT BL,616,E,N,A,-,N,,,,,,,,,,N,3,0,1,2,A,-,9,21804,A,N,D,G,A,A,H,-,A,D,0,,Y,,,Y,,A,7,0,1,0,0,0,0,1,0,0,- ,- ,,,ALAMEDA,FREMONT,-122.0401265,37.57655062
6932445,2015,12/8/16,9345,5/5/15,1540,17406,,2,2,6,105,0,1,1,,2,71,RT 880,N FREMONT BL,650,S,N,A,-,Y,ALA,4,880,-,-,11.45,H,-,N,N,4,0,1,2,A,-,8,22107,,N,B,C,A,A,H,-,A,D,1,,,Y,,Y,,C,2,0,0,1,0,0,0,0,0,1,- ,- ,,,ALAMEDA,FREMONT,-122.0482271,37.57918542
6932821,2015,12/13/16,9345,5/10/15,2110,20622,,7,2,6,105,0,1,3,,1,184,RT 84,RT 880,650,S,N,A,-,Y,ALA,4,84,-,R,5.78,H,-,N,N,4,0,1,4,A,-,3,22350,,N,C,C,A,A,H,-,C,D,4,,,,,Y,,A,7,0,0,1,0,0,0,0,0,0,- ,- ,,,ALAMEDA,FREMONT,-122.040795,37.56051401
6932837,2015,12/8/16,9345,5/13/15,821,12154,,3,1,6,105,0,1,1,,2,71,RT 880,PASEO PADRE PKWY,189,N,N,B,-,Y,ALA,4,880,-,-,10.96,H,-,S,N,4,0,2,2,A,-,4,21703,,N,C,C,A,A,H,-,A,D,1,,,,,Y,,A,7,0,0,2,0,0,0,0,0,0,- ,- ,,,ALAMEDA,FREMONT,-122.0458282,37.57125599
6932838,2015,12/13/16,9345,5/12/15,2210,20984,,2,3,6,105,0,1,3,,1,184,RT 84,TOLL PLAZA,2640,S,N,B,-,Y,ALA,4,84,-,R,2.71,H,-,N,Y,4,0,1,2,A,-,7,21658,A,M,B,C,A,A,H,-,D,D,1,,,,,Y,,-,,0,0,1,0,0,0,0,0,0,- ,- ,,,ALAMEDA,FREMONT,-122.083293,37.53327734
6932913,2015,11/7/16,9345,5/17/15,1320,20193,,7,1,6,105,0,1,1,,2,71,RT 880,THORNTON AV,300,S,N,B,-,Y,ALA,4,880,-,-,8.79,H,-,S,Y,4,0,2,3,A,-,3,22350,,N,C,C,A,A,H,-,A,D,1,,,,,Y,,A,1,0,0,2,0,0,0,0,0,0,- ,- ,37.54319,-122.02063,ALAMEDA,FREMONT,-122.022517,37.54590967
6933824,2015,11/3/16,9390,5/5/15,1455,20987,,2,2,6,105,0,1,1,,2,64,RT 680,PALM AV,250,S,N,A,-,Y,ALA,4,680,-,M,5.86,H,-,N,Y,4,0,1,3,A,-,3,22350,,N,B,C,A,A,H,-,A,D,1,,,Y,,Y,,C,2,0,0,1,0,0,0,0,0,1,- ,- ,37.53536,-121.93335,ALAMEDA,FREMONT,-121.9334547,37.53525241
6933832,2015,11/3/16,9390,5/10/15,1550,28204,,7,2,6,105,0,1,1,,2,64,RT 680,DURHAM RD,2000,S,N,A,-,Y,ALA,4,680,-,M,3.64,H,-,N,Y,4,0,1,2,A,-,3,22350,,N,C,C,A,A,H,-,A,D,1,,,,,Y,,A,1,0,0,1,0,0,0,0,0,0,- ,- ,37.51125,-121.93759,ALAMEDA,FREMONT,-121.936671,37.50962121
6933840,2015,11/3/16,9390,5/5/15,1600,19673,,2,2,6,105,0,1,1,,2,64,RT 680,SCOTT CREEK RD,3168,N,N,A,-,Y,ALA,4,680,-,M,0.73,H,-,S,Y,3,0,1,1,A,-,1,23152,A,N,F,I,A,A,H,-,A,D,1,,,,,Y,Y,A,1,0,1,0,0,0,0,0,0,0,- ,- ,,,ALAMEDA,FREMONT,-121.9109441,37.4735917
6935187,2015,7/24/15,105,6/10/15,1154,13144,852,3,5,6,105,0,0,0,,0,1,OGDEN DR,DURAN CT,0,,Y,A,B,N,,,,,,,,,,N,3,0,1,2,A,-,5,21650,1,N,D,G,A,A,H,-,A,D,0,,Y,,,Y,,L,4,0,1,0,0,0,0,1,0,0,- ,- ,,,ALAMEDA,FREMONT,-121.97889,37.53750991
6935358,2015,7/15/15,105,6/15/15,1645,12745,1175,1,5,6,105,0,0,0,,0,3,TESLA ACCESS RD,INDUSTRIAL DR,751,S,N,A,-,N,,,,,,,,,,N,2,0,1,1,A,-,8,22107,,N,F,A,A,A,-,-,A,D,0,,,Y,,Y,,C,2,1,0,0,0,0,0,0,0,1,- ,- ,,,ALAMEDA,FREMONT,,
6935364,2015,12/8/16,9345,6/29/15,1725,20075,,1,2,6,105,0,1,1,,2,71,RT 880,PASEO PADRE PKWY,100,S,N,A,-,Y,ALA,4,880,-,-,10.91,H,-,N,N,4,0,1,2,A,-,7,21658,A,N,B,C,A,A,H,-,A,D,1,,,Y,,Y,,D,22,0,0,1,0,0,0,0,0,1,- ,- ,37.57056,-122.04504,ALAMEDA,FREMONT,-122.0450713,37.57067
6935575,2015,7/7/15,105,5/1/15,1732,12745,643,5,5,6,105,0,0,0,,0,1,PASEO PADRE PKWY,CAPITOL AV,0,,Y,A,-,N,,,,,,,,,,Y,3,0,2,2,A,-,12,21453,A,N,D,C,A,A,H,-,A,A,0,,,,,Y,,D,22,0,1,1,0,0,0,0,0,0,- ,- ,,,ALAMEDA,FREMONT,-121.9817499,37.55390993
6935579,2015,6/3/15,105,4/30/15,1305,13144,470,4,5,6,105,0,0,0,,0,2,CORONADO DR,EL CAJON AV,9,S,N,A,-,N,,,,,,,,,,Y,3,0,1,3,A,-,3,22350,,N,C,E,A,A,H,-,A,D,0,,,,,Y,,A,1,0,1,0,0,0,0,0,0,0,- ,- ,,,ALAMEDA,FREMONT,-122.0235932,37.55871748
6935583,2015,12/13/16,105,4/30/15,1520,12745,361,4,5,6,105,0,0,0,,0,1,RT 84,PALOMARES RD,1297,W,N,A,-,Y,ALA,4,84,-,-,12.75,H,-,S,Y,3,0,3,2,A,-,5,21650,,N,B,C,A,A,H,-,A,D,0,,,,,Y,,-,- ,0,1,2,0,0,0,0,0,0,- ,- ,,,ALAMEDA,FREMONT,-121.9509831,37.59785696
6936331,2015,11/7/16,9345,5/22/15,745,50167,,5,1,6,105,0,1,1,,2,70,RT 880,S FREMONT BL,600,N,N,B,-,Y,ALA,4,880,-,-,3.38,H,-,S,Y,3,0,2,2,A,-,7,21658,A,N,C,C,A,A,H,-,A,D,1,,,,,Y,,A,7,0,1,1,0,0,0,0,0,0,- ,- ,37.48871,-121.94344,ALAMEDA,FREMONT,-121.950167,37.49371298
6936442,2015,11/3/16,9390,5/10/15,1225,20685,,7,1,6,105,0,1,1,,2,64,RT 680,AUTO MALL PKWY,1170,S,N,A,-,Y,ALA,4,680,-,M,3.75,H,-,N,Y,3,0,3,4,A,-,3,22350,,N,C,C,A,A,H,-,A,D,1,,,,,Y,,A,1,0,1,2,0,0,0,0,0,0,- ,- ,37.51113,-121.93758,ALAMEDA,FREMONT,-121.9375224,37.51111174
6936474,2015,11/3/16,9390,5/15/15,1600,20587,,5,2,6,105,0,1,1,,2,64,RT 680,AUTO MALL PKWY,20,N,N,A,-,Y,ALA,4,680,-,M,4.06,H,-,N,N,4,0,1,2,A,-,3,22350,,N,C,C,A,A,H,-,A,D,1,,,,,Y,,D,22,0,0,1,0,0,0,0,0,0,- ,- ,37.51492,-121.93983,ALAMEDA,FREMONT,-121.9399239,37.51531953
6939956,2015,6/9/15,105,5/13/15,1209,12223,684,3,5,6,105,0,0,0,,0,1,MOWRY AV,LOGAN DR,13,E,N,A,-,N,,,,,,,,,,N,3,0,1,2,A,-,10,21950,A,F,G,B,B,A,H,-,A,A,0,Y,,,,Y,,A,1,0,1,0,0,1,0,0,0,0,- ,- ,,,ALAMEDA,FREMONT,-121.9935571,37.5429143
6939959,2015,6/9/15,105,5/14/15,1600,13144,653,4,5,6,105,0,0,0,,0,2,FREMONT BL,EGGERS DR,0,,Y,A,-,N,,,,,,,,,,N,3,0,1,2,A,-,5,21650,1,N,D,G,A,A,H,-,A,A,0,,Y,,,Y,,L,4,0,1,0,0,0,0,1,0,0,- ,- ,,,ALAMEDA,FREMONT,-121.99626,37.55260992
6939960,2015,6/9/15,105,5/15/15,1046,13144,1018,5,5,6,105,0,0,0,,0,3,FREMONT BL,DOANE ST,0,,Y,A,-,N,,,,,,,,,,Y,3,0,3,3,A,-,9,21801,A,N,D,C,A,A,H,-,A,D,0,,,,,Y,,A,1,0,1,2,0,0,0,0,0,0,- ,- ,,,ALAMEDA,FREMONT,-121.9533199,37.51496993
6939963,2015,6/9/15,105,5/19/15,1756,2536,1000,2,5,6,105,0,0,0,,0,1,VICTORIA AV,HAMPSHIRE WY,15,E,N,B,-,N,,,,,,,,,,N,3,0,1,2,A,-,9,21804,A,N,D,G,A,A,H,-,A,D,0,,Y,,,Y,,L,4,0,1,0,0,0,0,1,0,0,- ,- ,,,ALAMEDA,FREMONT,-121.9719894,37.52762844
6940507,2015,6/1/15,105,4/20/15,542,14048,860,1,5,6,105,0,0,0,,0,1,BLACOW RD,COCO PALM DR,0,,Y,A,-,N,,,,,,,,,,Y,3,0,1,1,A,-,8,22107,,N,E,I,A,A,H,-,B,A,0,,,,,Y,,A,1,0,1,0,0,0,0,0,0,0,- ,- ,,,ALAMEDA,FREMONT,-121.99049,37.532
6940508,2015,6/1/15,105,4/26/15,1328,14439,641,7,5,6,105,0,0,0,,0,2,MOWRY AV,HASTINGS ST,0,,Y,A,-,N,,,,,,,,,,Y,3,0,3,2,A,-,12,21453,A,N,D,C,A,A,H,-,A,A,0,,,,,Y,,-,- ,0,1,2,0,0,0,0,0,0,- ,- ,,,ALAMEDA,FREMONT,-121.98462,37.55315998
6940511,2015,6/1/15,105,4/27/15,1513,14439,361,1,5,6,105,0,0,0,,0,1,MISSION BL,NILES CANYON RD,150,N,N,A,-,N,,,,,,,,,,Y,3,0,1,1,A,-,5,21650,,N,E,J,A,A,H,-,A,D,0,,,,,Y,,A,8,0,1,0,0,0,0,0,0,0,- ,- ,,,ALAMEDA,FREMONT,-121.9719133,37.57686335
6942107,2015,11/7/16,105,5/17/15,947,13334,887,7,5,6,105,0,0,0,,0,1,STEVENSON BL,RT 880,0,,Y,A,-,Y,ALA,4,880,-,-,6.444,R,4,S,Y,4,0,1,2,A,-,12,21453,A,N,D,C,A,A,H,-,A,A,0,,,,,Y,,A,1,0,0,1,0,0,0,0,0,0,- ,NF,,,ALAMEDA,FREMONT,-121.9908739,37.52389288
6942111,2015,6/25/15,105,5/26/15,1158,12745,879,2,5,6,105,0,0,0,,0,1,BLACOW RD,ROYAL PALM DR,0,,Y,A,-,N,,,,,,,,,,Y,4,0,1,2,A,-,12,21453,A,N,D,C,A,A,H,-,A,A,0,,,,,Y,,A,8,0,0,1,0,0,0,0,0,0,- ,- ,,,ALAMEDA,FREMONT,-121.99512,37.53442996
6942131,2015,12/13/16,105,5/24/15,1952,12745,459,7,5,6,105,0,0,0,,0,2,RT 84,RT 880,0,,Y,A,-,Y,ALA,4,84,-,R,5.89,I,5,S,Y,3,0,3,2,A,-,0,21435,A,N,D,C,A,A,H,-,C,A,0,,,,,Y,,M,97,0,1,2,0,0,0,0,0,0,- ,SF,,,ALAMEDA,FREMONT,-122.0398304,37.56202507
6942135,2015,12/13/16,105,5/24/15,1130,12745,459,7,5,6,105,0,0,0,,0,2,RT 84,RT 880,14,E,N,A,-,Y,ALA,4,84,-,R,5.94,H,-,N,Y,3,0,2,3,A,-,3,22350,,N,C,C,A,A,H,-,A,A,0,,,,,Y,,A,7,0,1,1,0,0,0,0,0,0,- ,SF,,,ALAMEDA,FREMONT,-122.0391795,37.56254756
6942139,2015,6/25/15,105,5/10/15,150,14440,344,7,5,6,105,0,0,0,,0,0Z1,IRON HORSE LN,G ST,48,S,N,A,-,N,,,,,,,,,,N,3,0,1,2,A,-,8,22107,,F,A,E,A,A,H,-,C,D,0,,,,,Y,,A,1,0,1,0,0,0,0,0,0,0,- ,- ,,,ALAMEDA,FREMONT,-121.9811909,37.57687328
6942143,2015,6/25/15,105,5/22/15,739,2528,506,5,5,6,105,0,0,0,,0,2,CENTRAL AV,DUSTERBERRY WY,396,W,N,A,-,N,,,,,,,,,,Y,4,0,2,2,A,-,0,21840,A,N,D,C,A,A,H,-,A,D,0,,,,,Y,,A,1,0,0,2,0,0,0,0,0,0,- ,- ,,,ALAMEDA,FREMONT,-122.0078367,37.55145896
6946058,2015,11/7/16,9345,5/21/15,1610,19787,,4,2,6,105,0,1,1,,2,71,RT 880,DECOTO RD,1000,N,N,A,-,Y,ALA,4,880,-,-,10.49,H,-,S,Y,4,0,1,2,A,-,3,22350,,N,C,C,A,A,H,-,A,D,1,,,,,Y,,A,7,0,0,1,0,0,0,0,0,0,- ,- ,37.57699,-122.04729,ALAMEDA,FREMONT,-122.0408561,37.56549671
6946062,2015,12/8/16,9345,5/29/15,1355,20395,,5,1,6,105,0,1,1,,2,70,RT 880,WARREN AV,2000,N,N,B,-,Y,ALA,4,880,-,-,2.75,H,-,N,Y,3,0,2,2,A,-,8,22107,,N,B,C,A,A,H,-,A,D,1,,,,,Y,,-,- ,0,1,1,0,0,0,0,0,0,- ,- ,37.48761,-121.94185,ALAMEDA,FREMONT,-121.9420887,37.48794774
6947461,2015,11/7/16,9390,5/18/15,1240,20587,,1,1,6,105,0,1,1,,2,65,RT 680,VARGAS RD,800,S,N,B,-,Y,ALA,4,680,-,R,7.481,R,2,S,Y,3,0,1,1,A,-,8,22107,,N,E,I,A,A,H,-,A,D,1,,,,,Y,,A,1,0,1,0,0,0,0,0,0,0,- ,- ,37.55415,-121.91757,ALAMEDA,FREMONT,-121.9162534,37.55524114
6947465,2015,11/3/16,9390,5/18/15,1600,20587,,1,2,6,105,0,1,1,,2,64,RT 680,AUTO MALL PKWY,500,N,N,B,-,Y,ALA,4,680,-,M,4.11,H,-,N,Y,4,0,1,2,A,-,3,22350,,N,C,C,A,A,H,-,A,D,1,,,Y,,Y,,C,2,0,0,1,0,0,0,0,0,1,- ,- ,37.51631,-121.9407,ALAMEDA,FREMONT,-121.9402908,37.51601349