CASE_ID,ACCIDENT_YEAR,PROC_DATE,JURIS,COLLISION_DATE,COLLISION_TIME,OFFICER_ID,REPORTING_DISTRICT,DAY_OF_WEEK,CHP_SHIFT,POPULATION,CNTY_CITY_LOC,SPECIAL_COND,BEAT_TYPE,CHP_BEAT_TYPE,CITY_DIVISION_LAPD,CHP_BEAT_CLASS,BEAT_NUMBER,PRIMARY_RD,SECONDARY_RD,DISTANCE,DIRECTION,INTERSECTION,WEATHER_1,WEATHER_2,STATE_HWY_IND,CALTRANS_COUNTY,CALTRANS_DISTRICT,STATE_ROUTE,ROUTE_SUFFIX,POSTMILE_PREFIX,POSTMILE,LOCATION_TYPE,RAMP_INTERSECTION,SIDE_OF_HWY,TOW_AWAY,COLLISION_SEVERITY,NUMBER_KILLED,NUMBER_INJURED,PARTY_COUNT,PRIMARY_COLL_FACTOR,PCF_CODE_OF_VIOL,PCF_VIOL_CATEGORY,PCF_VIOLATION,PCF_VIOL_SUBSECTION,HIT_AND_RUN,TYPE_OF_COLLISION,MVIW,PED_ACTION,ROAD_SURFACE,ROAD_COND_1,ROAD_COND_2,LIGHTING,CONTROL_DEVICE,CHP_ROAD_TYPE,PEDESTRIAN_ACCIDENT,BICYCLE_ACCIDENT,MOTORCYCLE_ACCIDENT,TRUCK_ACCIDENT,NOT_PRIVATE_PROPERTY,ALCOHOL_INVOLVED,STWD_VEHTYPE_AT_FAULT,CHP_VEHTYPE_AT_FAULT,COUNT_SEVERE_INJ,COUNT_VISIBLE_INJ,COUNT_COMPLAINT_PAIN,COUNT_PED_KILLED,COUNT_PED_INJURED,COUNT_BICYCLIST_KILLED,COUNT_BICYCLIST_INJURED,COUNT_MC_KILLED,COUNT_MC_INJURED,PRIMARY_RAMP,SECONDARY_RAMP,LATITUDE,LONGITUDE,COUNTY,CITY,POINT_X,POINT_Y
7107052,2015,10/28/15,105,9/30/15,832,14281,1121,3,5,6,105,0,0,0,,0,3,CUSHING PKWY,BUNCHE DR,175,N,N,B,-,N,,,,,,,,,,Y,3,0,1,1,A,-,8,22107,,N,E,-,A,A,H,-,A,A,0,,,,,Y,,A,1,0,1,0,0,0,0,0,0,0,- ,- ,,,ALAMEDA,FREMONT,-121.9728562,37.49756546
7107182,2015,10/29/15,105,8/27/15,1455,14529,865,4,5,6,105,0,0,0,,0,1,STEVENSON BL,SUNDALE DR,0,,Y,A,-,N,,,,,,,,,,Y,4,0,1,2,A,-,12,21453,A,N,A,C,A,A,H,-,A,A,0,,,,,Y,,A,1,0,0,1,0,0,0,0,0,0,- ,- ,33.19607,-117.66602,ALAMEDA,FREMONT,-121.9820499,37.53017988
7107448,2015,11/3/15,105,10/2/15,229,13913,1006,5,5,6,105,0,0,0,,0,3,GRIMMER BL,BLACOW RD,42,N,N,A,-,N,,,,,,,,,,N,4,0,1,2,A,-,1,23152,A,F,C,C,A,A,H,-,C,A,0,,,,,Y,Y,A,1,0,0,1,0,0,0,0,0,0,- ,- ,,,ALAMEDA,FREMONT,-121.9692189,37.52271305
7107452,2015,2/1/17,105,10/23/15,916,2498,361,5,5,6,105,0,0,0,,0,1,RT 238,NILES BL,75,N,N,A,-,Y,ALA,4,238,-,-,3.66,H,-,S,Y,4,0,2,2,A,-,3,22350,,N,C,C,A,A,H,-,A,A,0,,,,,Y,,A,7,0,0,2,0,0,0,0,0,0,- ,- ,,,ALAMEDA,FREMONT,-121.9719473,37.57662296
7107456,2015,11/2/15,105,10/22/15,1305,14591,1158,4,5,6,105,0,0,0,,0,3,MISSION BL,RACOON CT,7,S,N,A,-,N,,,,,,,,,,Y,4,0,1,1,C,-,18,,,N,E,I,A,A,H,-,A,D,0,,,,,Y,,-,- ,0,0,1,0,0,0,0,0,0,- ,- ,,,ALAMEDA,FREMONT,-121.9196981,37.51103222
7109121,2015,1/21/17,105,8/29/15,1852,14529,362,6,5,6,105,0,0,0,,0,1,RT 238,NILES CANYON RD,26,N,N,A,-,Y,ALA,4,238,-,-,3.78,H,-,N,N,3,0,1,2,A,-,10,21950,A,N,G,B,B,A,H,-,A,A,0,Y,,,,Y,,A,1,0,1,0,0,1,0,0,0,0,- ,- ,33.24246,-117.65548,ALAMEDA,FREMONT,-121.9736785,37.57786151
7110202,2015,2/4/17,105,10/29/15,1041,2799,362,4,5,6,105,0,0,0,,0,1,RT 84,ROSEWARNES UP TRAIN BRIDGE,90,W,N,A,-,Y,ALA,4,84,-,-,12.08,H,-,N,Y,2,0,1,1,A,-,5,21650,,N,E,I,A,A,H,-,A,D,0,,,Y,,Y,,C,2,1,0,0,0,0,0,0,0,1,- ,- ,,,ALAMEDA,FREMONT,-121.9576501,37.58949196
7110223,2015,2/3/17,105,10/3/15,1648,14563,887,6,5,6,105,0,0,0,,0,1,STEVENSON BL,LIGHT POLE #1668,35,W,N,A,-,Y,ALA,4,880,-,-,6.397,R,3,N,Y,3,0,2,2,A,-,8,22107,,N,B,C,A,A,H,-,A,D,0,,,,,Y,,A,1,0,2,0,0,0,0,0,0,0,- ,- ,,,ALAMEDA,FREMONT,-121.9900016,37.52380608
7110567,2015,11/18/15,105,10/3/15,1611,14319,210,6,5,6,105,0,0,0,,0,2,ALVARADO BL,LOWRY RD,376,S,N,A,-,N,,,,,,,,,,Y,4,0,2,2,A,-,8,22107,,N,A,C,A,A,H,-,A,D,0,,,,,Y,,A,1,0,0,2,0,0,0,0,0,0,- ,- ,,,ALAMEDA,FREMONT,-122.0536625,37.58117913
7110570,2015,11/18/15,105,10/25/15,1919,2536,622,7,5,6,105,0,0,0,,0,1,MOWRY AV,VANCOUVER CMN N,124,E,N,A,-,N,,,,,,,,,,Y,3,0,2,2,C,-,18,,,N,C,C,A,A,H,-,C,D,0,,,,,Y,,-,- ,0,2,0,0,0,0,0,0,0,- ,- ,33.22625,-117.6627,ALAMEDA,FREMONT,-121.9791754,37.55995991
7110582,2015,11/18/15,105,10/30/15,1106,2498,210,5,5,6,105,0,0,0,,0,2,ALVARADO BL,LOWRY RD,0,,Y,A,-,N,,,,,,,,,,Y,4,0,1,3,A,-,0,21451,,N,D,C,A,A,H,-,A,A,0,,,,,Y,,A,8,0,0,1,0,0,0,0,0,0,- ,- ,33.24877,-117.73402,ALAMEDA,FREMONT,-122.05467,37.58179999
7110586,2015,1/30/17,105,10/30/15,943,2528,327,5,5,6,105,0,0,0,,0,1,RT 238,NURSERY AV,40,S,N,A,-,Y,ALA,4,238,-,-,4.71,H,-,S,Y,4,0,1,3,A,-,9,21453,B,N,B,C,A,A,H,-,A,A,0,,,,,Y,,A,1,0,0,1,0,0,0,0,0,0,- ,- ,,,ALAMEDA,FREMONT,-121.9902874,37.58052423
7110590,2015,11/18/15,105,10/21/15,813,13144,816,3,5,6,105,0,0,0,,0,1,STEVENSON BL,LESLIE ST,0,,Y,A,-,N,,,,,,,,,,N,3,0,1,2,A,-,3,22350,,N,G,-,-,A,H,-,A,A,0,Y,,,,Y,,A,1,0,1,0,0,1,0,0,0,0,- ,- ,33.20997,-117.65748,ALAMEDA,FREMONT,-121.97311,37.54399995
7110594,2015,11/18/15,105,10/10/15,630,13144,1150,6,5,6,105,0,0,0,,0,3,FREMONT BL,GATEWAY BL,28,S,N,A,-,N,,,,,,,,,,Y,3,0,1,1,A,-,3,22350,,N,E,I,A,A,H,-,D,A,0,,,,,Y,Y,A,1,0,1,0,0,0,0,0,0,0,- ,- ,33.13894,-117.62935,ALAMEDA,FREMONT,-121.9416682,37.47333093
7110598,2015,1/27/17,105,10/23/15,1742,12223,213,5,5,6,105,0,0,0,,0,3,CUSHING PKWY,FREMONT BL,0,,Y,A,-,Y,ALA,4,880,-,-,3.063,R,4,S,Y,3,0,1,2,A,-,12,21453,A,N,D,C,A,A,H,-,A,A,0,,,,,Y,,A,1,0,1,0,0,0,0,0,0,0,- ,- ,33.15625,-117.63554,ALAMEDA,FREMONT,-121.9461421,37.49063692
7114230,2015,11/17/15,105,10/28/15,1734,2909,1042,3,5,6,105,0,0,0,,0,3,OMAR ST,STEVENSON BL,0,,Y,A,-,N,,,,,,,,,,Y,3,0,1,2,A,-,9,21801,A,N,A,C,A,A,H,-,A,A,0,,,,,Y,,A,7,0,1,0,0,0,0,0,0,0,- ,- ,,,ALAMEDA,FREMONT,-121.9848399,37.52604998
7114231,2015,11/17/15,105,10/5/15,1632,14319,506,1,5,6,105,0,0,0,,0,2,CENTRAL AV,DUSTERBERRY WY,204,S,N,A,-,N,,,,,,,,,,N,4,0,1,2,B,-,22,,,N,G,B,D,A,H,-,A,D,0,Y,,,,Y,,A,8,0,0,1,0,1,0,0,0,0,- ,- ,,,ALAMEDA,FREMONT,-122.0074747,37.55190068
7114277,2015,11/17/15,105,11/2/15,1525,2536,1164,1,5,6,105,0,0,0,,0,3,PASEO PADRE PKWY,GREGORY CT,216,N,N,B,-,N,,,,,,,,,,Y,3,0,1,1,A,-,3,22350,,N,E,I,A,A,H,-,A,D,0,,,,,Y,,A,1,0,1,0,0,0,0,0,0,0,- ,- ,33.16976,-117.61389,ALAMEDA,FREMONT,-121.9265788,37.50484486
7114278,2015,11/17/15,105,11/3/15,1511,11863,1121,2,5,6,105,0,0,0,,0,3,CUSHING PKWY,AUTO MALL PKWY,309,S,N,A,-,N,,,,,,,,,,Y,3,0,1,2,A,-,5,21460,A,N,C,C,A,A,H,-,A,D,0,,,,,Y,,A,7,0,1,0,0,0,0,0,0,0,- ,- ,33.16836,-117.66437,ALAMEDA,FREMONT,-121.9785659,37.50181406
7114279,2015,11/17/15,105,11/3/15,1212,11863,500,2,5,6,105,0,0,0,,0,2,DUSTERBERRY WY,HANSEN AV,0,,Y,A,-,N,,,,,,,,,,N,3,0,1,2,A,-,10,21950,A,N,G,B,B,A,H,-,A,D,0,Y,,,,Y,,A,1,0,1,0,0,1,0,0,0,0,- ,- ,33.22109,-117.69463,ALAMEDA,FREMONT,-122.0124299,37.55461995
7114280,2015,11/17/15,105,11/3/15,1546,12745,1242,2,5,6,105,0,0,0,,0,3,CRAWFORD ST,FERNALD ST,60,E,N,A,-,N,,,,,,,,,,Y,3,0,2,1,C,-,18,,,N,E,I,A,A,H,-,A,D,0,,,,,Y,,-,- ,0,2,0,0,0,0,0,0,0,- ,- ,,,ALAMEDA,FREMONT,-121.9244993,37.49163852
7114295,2015,2/4/17,105,11/4/15,1537,11863,416,3,5,6,105,0,0,0,,0,2,RT 84,THORNTON AV,6,S,N,A,-,Y,ALA,4,84,-,-,8.024,I,5,S,N,4,0,1,2,A,-,5,21650,1,N,D,G,A,A,H,-,A,A,0,,Y,,,Y,,L,4,0,0,1,0,0,0,1,0,0,- ,- ,,,ALAMEDA,FREMONT,-122.011804,37.56073095
7115900,2015,12/23/15,105,12/6/15,1313,13144,1172,7,5,6,105,0,0,0,,0,3,WARM SPRINGS BL,MISSION CT,61,S,N,A,-,N,,,,,,,,,,N,4,0,2,3,A,-,4,21703,,N,C,C,A,A,H,-,A,A,0,,,,,Y,,J,48,0,0,2,0,0,0,0,0,0,- ,- ,,,ALAMEDA,FREMONT,-121.9303495,37.49128373
7119072,2015,2/4/17,105,10/29/15,1135,12636,361,4,5,6,105,0,0,0,,0,1,RT 84,OLD CANYON RD,3696,E,N,A,-,Y,ALA,4,84,-,-,11.72,H,-,N,Y,4,0,1,2,A,-,3,22350,,N,D,C,A,A,G,-,A,D,0,,,,Y,Y,,A,1,0,0,1,0,0,0,0,0,0,- ,- ,,,ALAMEDA,FREMONT,-121.9632126,37.586379
7119073,2015,12/7/15,105,11/20/15,1301,14565,681,5,5,6,105,0,0,0,,0,1,MOWRY AV,LOGAN DR,325,E,N,A,-,N,,,,,,,,,,N,4,0,1,3,A,-,4,21703,,N,C,C,A,A,H,-,A,D,0,,,,,Y,,I,20,0,0,1,0,0,0,0,0,0,- ,- ,33.20889,-117.67666,ALAMEDA,FREMONT,-121.9928143,37.54350132
7120409,2015,11/24/15,105,11/6/15,1921,11863,815,5,5,6,105,0,0,0,,0,1,FREMONT BL,BIDWELL DR,0,,Y,A,-,N,,,,,,,,,,Y,2,0,3,2,A,-,3,22350,,N,D,C,A,A,H,-,A,A,0,,,,,Y,,D,22,1,2,0,0,0,0,0,0,0,- ,- ,,,ALAMEDA,FREMONT,-121.9770399,37.54235988
7124060,2015,1/30/17,105,11/14/15,1058,13144,725,6,5,6,105,0,0,0,,0,1,RT 238,RT 680,0,,Y,A,-,Y,ALA,4,680,-,R,6.661,R,1,S,Y,3,0,2,1,A,-,3,22350,,N,E,I,A,A,-,-,A,A,0,,,,,Y,,A,1,0,1,1,0,0,0,0,0,0,- ,- ,,,ALAMEDA,FREMONT,-121.9214575,37.54354663
7124061,2015,12/1/15,105,11/5/15,1453,13144,549,4,5,6,105,0,0,0,,0,2,BLACOW RD,GARDEN WY,207,N,N,A,-,N,,,,,,,,,,Y,3,0,1,3,A,-,3,22350,,N,C,E,A,A,H,-,A,D,0,,,,,Y,,A,7,0,1,0,0,0,0,0,0,0,- ,- ,33.21345,-117.70102,ALAMEDA,FREMONT,-122.0195387,37.54720004
7124062,2015,12/7/15,105,11/4/15,1457,14082,159,3,5,6,105,0,0,0,,0,2,DEEP CREEK RD,PASEO PADRE PKWY,8,W,N,A,-,N,,,,,,,,,,N,3,0,1,2,A,-,5,21651,A,N,E,G,A,A,H,-,A,A,0,,Y,,,Y,,L,4,0,1,0,0,0,0,1,0,0,- ,- ,33.23472,-117.73209,ALAMEDA,FREMONT,-122.0523048,37.56783854
7124063,2015,12/1/15,105,11/2/15,1514,12223,416,1,5,6,105,0,0,0,,0,2,ALDER AV,FREMONT BL,216,E,N,B,-,N,,,,,,,,,,N,4,0,1,2,A,-,5,21650,,F,A,C,A,A,H,-,A,D,0,,,,,Y,Y,A,1,0,0,1,0,0,0,0,0,0,- ,- ,33.22926,-117.69781,ALAMEDA,FREMONT,-122.0155912,37.56320126
7129442,2015,12/7/15,105,11/17/15,750,2498,841,2,5,6,105,0,0,0,,0,1,TRENOUTH ST,CAROL AV,1,S,N,A,-,N,,,,,,,,,,N,3,0,1,2,A,-,5,21650,1,N,H,G,A,A,H,-,A,A,0,,Y,,,Y,,L,4,0,1,0,0,0,0,1,0,0,- ,- ,33.19347,-117.64542,ALAMEDA,FREMONT,-121.9598895,37.52768728
7129458,2015,1/27/17,105,11/18/15,1818,12223,1128,3,5,6,105,0,0,0,,0,3,FREMONT BL,CUSHING PKWY,19,S,N,A,-,Y,ALA,4,880,-,-,3.063,R,4,S,Y,4,0,1,3,A,-,5,21650,,F,E,I,A,A,H,-,C,A,0,,,,,Y,,A,1,0,0,1,0,0,0,0,0,0,- ,- ,33.15625,-117.63554,ALAMEDA,FREMONT,-121.9461421,37.49063692
7129462,2015,12/8/15,105,11/3/15,1227,12745,,2,5,6,105,0,0,0,,0,,NILES BL,LINDA DR,0,,Y,A,-,N,,,,,,,,,,N,3,0,2,2,A,-,3,22350,,N,F,J,A,A,H,-,A,D,0,,Y,,,Y,,L,4,0,1,1,0,0,0,2,0,0,- ,- ,33.24754,-117.68091,ALAMEDA,FREMONT,-122.00382,37.58211994
7129466,2015,12/8/15,105,11/10/15,1807,14309,1175,2,5,6,105,0,0,0,,0,3,FREMONT BL,INGOT ST,276,N,N,A,-,N,,,,,,,,,,Y,3,0,1,4,A,-,3,22350,,N,C,C,A,A,H,-,C,D,0,,,,,Y,,A,1,0,1,0,0,0,0,0,0,0,- ,- ,33.16442,-117.63534,ALAMEDA,FREMONT,-121.9487754,37.49955581
7129470,2015,2/4/17,105,11/14/15,1912,12745,361,6,5,6,105,0,0,0,,0,1,RT 84,PALOMARES RD,0,,Y,A,-,Y,ALA,4,84,-,-,13,I,5,S,Y,4,0,2,3,A,-,3,22350,,F,B,C,A,A,H,-,D,D,0,,,,,Y,,A,1,0,0,2,0,0,0,0,0,0,- ,- ,,,ALAMEDA,FREMONT,-121.9469282,37.59785254
7129505,2015,12/8/15,105,11/26/15,1213,14563,646,4,5,6,105,0,0,0,,0,,FREMONT BL,WALNUT AV,0,,Y,A,-,N,,,,,,,,,,Y,4,0,1,2,A,-,4,21703,,N,C,C,A,A,H,-,A,A,0,,,,,Y,,A,7,0,0,1,0,0,0,0,0,0,- ,- ,,,ALAMEDA,FREMONT,-121.9826399,37.5456099
7129509,2015,12/8/15,105,11/21/15,1347,14562,1087,6,5,6,105,0,0,0,,0,3,OSGOOD RD,AUTO MALL PKWY,339,S,N,A,-,N,,,,,,,,,,N,4,0,1,2,A,-,9,21804,A,N,-,I,A,A,H,-,A,D,0,,,Y,,Y,,A,1,0,0,1,0,0,0,0,0,1,- ,- ,,,ALAMEDA,FREMONT,-121.9421103,37.51304899
7129538,2015,12/16/15,105,10/25/15,1947,13896,806,7,5,6,105,0,0,0,,0,21,FREMONT BL,CHAPEL WY,0,,Y,A,-,N,,,,,,,,,,N,3,0,1,2,A,-,10,21950,A,N,G,B,B,A,H,-,C,A,0,Y,,Y,,Y,,C,2,0,1,0,0,1,0,0,0,0,- ,- ,37.52978,-121.95901,ALAMEDA,FREMONT,-121.9623499,37.53468989
7129888,2015,12/10/15,105,12/1/15,1440,2536,621,2,5,6,105,0,0,0,,0,1,MOWRY,PARKSIDE DR,0,,Y,A,-,N,,,,,,,,,,N,3,0,1,2,A,-,10,21950,A,N,G,B,B,A,H,-,A,A,0,Y,,,,Y,,D,22,0,1,0,0,1,0,0,0,0,- ,- ,,,ALAMEDA,FREMONT,-121.9802299,37.55854995
7130016,2015,12/8/15,105,11/23/15,1702,12223,1157,1,5,6,105,0,0,0,,0,3,MCCARTHY BL,DIXON LANDING RD,0,,Y,B,-,N,,,,,,,,,,Y,3,0,1,2,A,-,8,22100,A,N,B,C,A,A,H,-,C,A,0,,,Y,,Y,,A,1,0,1,0,0,0,0,0,0,1,- ,- ,,,ALAMEDA,FREMONT,-121.9269799,37.45528996
7130411,2015,12/9/15,105,12/1/15,548,2528,857,2,5,6,105,0,0,0,,0,1,BLACOW RD,ROYAL PALM DR,0,,Y,A,-,N,,,,,,,,,,N,4,0,1,2,A,-,10,21950,A,F,G,B,B,A,H,-,C,A,0,Y,,,,Y,,A,1,0,0,1,0,1,0,0,0,0,- ,- ,33.20085,-117.67847,ALAMEDA,FREMONT,-121.99512,37.53442996
7130419,2015,1/30/17,105,12/1/15,1628,12223,365,2,5,6,105,0,0,0,,0,1,RT 238,RT 84,167,N,N,B,-,Y,ALA,4,238,-,-,3.35,H,-,N,Y,3,0,3,3,A,-,3,22350,,N,C,C,A,A,H,-,A,D,0,,,,,Y,,A,1,0,1,2,0,0,0,0,0,0,- ,- ,,,ALAMEDA,FREMONT,-121.9683502,37.57316091
7131656,2015,12/15/15,105,11/10/15,510,12475,,2,5,6,105,0,0,0,,0,ZONE2,MOWRY AV,PASEO PADRE PK,0,,Y,A,-,N,,,,,,,,,,N,3,0,1,2,A,-,11,21456,B,N,D,G,A,A,H,-,C,A,0,,Y,,,Y,,L,4,0,1,0,0,0,0,1,0,0,- ,- ,,,ALAMEDA,FREMONT,-121.9833499,37.55471991
7131657,2015,12/15/15,105,11/27/15,1641,14565,160,5,5,6,105,0,0,0,,0,2,PASEO PADRE PKWY,WEBFOOT LOOP,261,W,N,A,-,N,,,,,,,,,,N,3,0,1,2,A,-,3,22350,,N,C,C,A,A,H,-,A,D,0,,,,,Y,,A,1,0,1,0,0,0,0,0,0,0,- ,- ,33.23318,-117.73545,ALAMEDA,FREMONT,-122.05659,37.56586145
7131658,2015,12/15/15,105,11/25/15,1746,14563,939,3,5,6,105,0,0,0,,0,3,PASEO PADRE PKWY,WASHINGTON BL,0,,Y,A,-,N,,,,,,,,,,Y,4,0,1,2,A,-,12,21453,A,N,D,C,A,A,H,-,C,A,0,,,,,Y,,A,7,0,0,1,0,0,0,0,0,0,- ,- ,33.19713,-117.62089,ALAMEDA,FREMONT,-121.9341299,37.53166993
7131659,2015,12/15/15,105,11/29/15,1940,11863,773,7,5,6,105,0,0,0,,0,1,PASEO PADRE PKWY,STEVENSON BL,12,N,N,A,-,N,,,,,,,,,,N,2,0,1,2,A,-,11,21453,D,N,G,B,B,A,H,-,C,A,0,Y,,,,Y,,N,60,1,0,0,0,1,0,0,0,0,- ,- ,33.21497,-117.65673,ALAMEDA,FREMONT,-121.9722782,37.54894415
7132611,2015,12/16/15,105,12/3/15,1736,12223,659,4,5,6,105,0,0,0,,0,2,FREMONT BL,PARISH AV,12,N,N,B,-,N,,,,,,,,,,N,3,0,1,2,A,-,10,21950,A,N,G,B,B,B,H,-,C,D,0,Y,,,,Y,,A,1,0,1,0,0,1,0,0,0,0,- ,- ,33.22333,-117.68718,ALAMEDA,FREMONT,-122.004635,37.55700763
7137224,2015,12/23/15,105,12/2/15,840,2528,729,3,5,6,105,0,0,0,,0,3,DRISCOLL RD,ARCOS CM,0,,Y,A,-,N,,,,,,,,,,N,3,0,1,2,A,-,5,21650,1,N,D,G,A,A,H,-,A,D,0,,Y,,Y,Y,,L,4,0,1,0,0,0,0,1,0,0,- ,- ,,,ALAMEDA,FREMONT,-121.9524525,37.536525
7138818,2015,12/28/15,105,12/14/15,1332,12636,362,1,5,6,105,0,0,0,,0,1,NILES BL,J ST,580,S,N,A,-,N,,,,,,,,,,N,4,0,1,2,A,-,8,22107,,N,-,J,A,A,H,-,A,D,0,,Y,,,Y,,L,4,0,0,1,0,0,0,1,0,0,- ,- ,33.24244,-117.66043,ALAMEDA,FREMONT,-121.974952,37.57595754
7138820,2015,1/4/16,105,11/28/15,2050,14772,647,6,5,6,105,0,0,0,,0,1,FREMONT BL,CAPITOL AV,0,,Y,A,-,N,,,,,,,,,,Y,4,0,3,2,A,-,12,21453,A,N,D,C,A,A,H,-,C,A,0,,,,,Y,,A,8,0,0,3,0,0,0,0,0,0,- ,- ,,,ALAMEDA,FREMONT,-121.986459,37.54773
7138830,2015,12/28/15,105,12/7/15,1303,13144,1004,1,5,6,105,0,0,0,,0,1,BLACOW RD,GRIMMER BL,11,W,N,A,-,N,,,,,,,,,,Y,3,0,4,2,A,-,3,22350,,N,D,C,A,A,H,-,A,A,0,,,,,Y,,A,1,0,2,2,0,0,0,0,0,0,- ,- ,33.18842,-117.65425,ALAMEDA,FREMONT,-121.9692273,37.52259451
7138865,2015,1/4/16,105,12/17/15,828,2528,564,4,5,6,105,0,0,0,,0,2,BLACOW RD,MOWRY AV,300,N,N,A,-,N,,,,,,,,,,Y,4,0,1,2,A,-,9,21801,A,N,D,C,A,A,H,-,A,D,0,,,,,Y,,D,22,0,0,1,0,0,0,0,0,0,- ,- ,33.20264,-117.68168,ALAMEDA,FREMONT,-121.9994065,37.53680823
7142198,2015,1/30/17,105,12/11/15,1202,2528,1242,5,5,6,105,0,0,0,,0,3,RT 262,WARM SPRINGS BL,340,E,N,A,-,Y,ALA,4,262,-,R,0.71,H,-,S,Y,3,0,2,3,A,-,3,22350,,N,C,C,A,A,H,-,A,A,0,,,,,Y,,A,1,0,1,1,0,0,0,0,0,0,- ,- ,,,ALAMEDA,FREMONT,-121.928603,37.49073261
7142200,2015,12/28/15,105,12/10/15,826,2528,986,4,5,6,105,0,0,0,,0,3,MISSION BL,HUNTER LN,0,,Y,B,-,N,,,,,,,,,,Y,3,0,2,3,A,-,12,21453,A,N,D,-,A,B,H,-,A,A,0,,,,,Y,,A,1,0,1,1,0,0,0,0,0,0,- ,- ,33.18604,-117.60573,ALAMEDA,FREMONT,-121.9178099,37.52078989
7142201,2015,12/28/15,105,12/9/15,1310,12223,436,3,5,6,105,0,0,0,,0,2,SAN JUAN AV,CORONADO DR,108,E,N,B,-,N,,,,,,,,,,Y,3,0,1,1,A,-,8,22107,,N,E,I,A,A,H,-,A,D,0,,,,,Y,,A,1,0,1,0,0,0,0,0,0,0,- ,- ,33.22496,-117.70444,ALAMEDA,FREMONT,-122.0226706,37.55862852
7142202,2015,12/28/15,105,12/4/15,1656,2536,825,5,5,6,105,0,0,0,,0,1,STEVENSON BL,DAVIS ST,0,,Y,A,-,N,,,,,,,,,,N,3,0,1,2,D,-,0,,,N,D,G,A,A,H,-,C,A,0,,Y,,,Y,,-,- ,0,1,0,0,0,0,1,0,0,- ,- ,33.20316,-117.66035,ALAMEDA,FREMONT,-121.97622,37.53731995
7142203,2015,12/28/15,105,12/4/15,822,2528,258,5,5,6,105,0,0,0,,0,2,PASEO PADRE PKWY,WARWICK RD,0,,Y,A,-,N,,,,,,,,,,Y,4,0,2,2,A,-,12,21453,A,N,B,C,A,A,H,-,A,A,0,,,,,Y,,A,1,0,0,2,0,0,0,0,0,0,- ,- ,33.24495,-117.70981,ALAMEDA,FREMONT,-122.0289999,37.57822992
7142821,2015,1/7/16,105,12/13/15,2015,11863,625,7,5,6,105,0,0,0,,0,1,MOWRY AV,PASEO PADRE PKWY,0,,Y,B,-,N,,,,,,,,,,Y,4,0,2,3,A,-,12,21453,A,N,D,C,A,A,H,-,C,A,0,,,,,Y,,A,1,0,0,2,0,0,0,0,0,0,- ,- ,,,ALAMEDA,FREMONT,-121.9833499,37.55471991
7149648,2015,1/11/16,105,12/11/15,1330,2536,622,5,5,6,105,0,0,0,,0,2,FREMONT BL,EGGERS DR,0,,Y,A,-,N,,,,,,,,,,N,4,0,1,2,D,-,0,,,N,G,B,B,A,H,-,A,A,0,Y,,,,Y,,-,- ,0,0,1,0,1,0,0,0,0,- ,- ,33.21889,-117.67934,ALAMEDA,FREMONT,-121.99626,37.55260992
7149652,2015,1/27/17,105,12/15/15,1658,12745,1066,2,5,6,105,0,0,0,,0,3,AUTO MALL PKWY,RT 880,80,W,N,A,-,Y,ALA,4,880,-,-,4.53,R,4,N,Y,3,0,2,1,C,-,18,,,N,E,I,A,A,H,-,B,D,0,,,,,Y,,-,- ,0,1,1,0,0,0,0,0,0,- ,- ,33.17399,-117.65123,ALAMEDA,FREMONT,-121.9649454,37.50554618
7149656,2015,1/11/16,105,12/21/15,2006,12745,832,1,5,6,105,0,0,0,,0,1,GRIMMER BL,BAY ST,0,,Y,B,-,N,,,,,,,,,,Y,3,0,1,2,A,-,12,21453,A,N,D,C,A,B,H,-,C,A,0,,,,,Y,,A,1,0,1,0,0,0,0,0,0,0,- ,- ,33.20054,-117.65194,ALAMEDA,FREMONT,-121.9669799,37.5347299
7149660,2015,1/11/16,105,12/19/15,57,2528,245,6,5,6,105,0,0,0,,0,2,FREMONT BL,PASEO PADRE PKWY,0,,Y,B,-,N,,,,,,,,,,N,2,0,2,3,D,-,0,,,F,G,-,B,B,H,-,C,A,0,Y,,,,Y,Y,-,- ,2,0,0,0,2,0,0,0,0,- ,- ,33.24196,-117.72134,ALAMEDA,FREMONT,-122.0411999,37.57508999
7149664,2015,1/30/17,105,12/21/15,1659,14562,385,1,5,6,105,0,0,0,,0,1,RT 238,WALNUT AV,17,S,N,C,-,Y,ALA,4,238,-,-,2.76,I,5,S,N,3,0,1,2,A,-,9,21453,B,N,D,G,A,B,H,-,C,A,0,,Y,,,Y,,A,1,0,1,0,0,0,0,1,0,0,- ,- ,33.23133,-117.64619,ALAMEDA,FREMONT,-121.961716,37.56561608
7149668,2015,1/30/17,105,12/25/15,731,2528,326,5,5,6,105,0,0,0,,0,1,RT 238,SULLIVAN UNDERPASS,0,,Y,A,-,Y,ALA,4,238,-,-,4.3,I,5,S,Y,3,0,1,2,A,-,9,21801,A,N,D,C,A,A,H,-,A,D,0,,,,,Y,,A,1,0,1,0,0,0,0,0,0,0,- ,- ,,,ALAMEDA,FREMONT,-121.983045,37.57904916
7149672,2015,1/30/17,105,12/23/15,1806,11863,1242,3,5,6,105,0,0,0,,0,3,RT 262,MOHAVE DR,318,W,N,A,-,Y,ALA,4,262,-,R,0.76,H,-,N,Y,4,0,1,2,A,-,9,21804,A,N,B,C,A,A,H,-,C,D,0,,,,,Y,,A,7,0,0,1,0,0,0,0,0,0,- ,- ,,,ALAMEDA,FREMONT,-121.9277023,37.49116852