CASE_ID,ACCIDENT_YEAR,PROC_DATE,JURIS,COLLISION_DATE,COLLISION_TIME,OFFICER_ID,REPORTING_DISTRICT,DAY_OF_WEEK,CHP_SHIFT,POPULATION,CNTY_CITY_LOC,SPECIAL_COND,BEAT_TYPE,CHP_BEAT_TYPE,CITY_DIVISION_LAPD,CHP_BEAT_CLASS,BEAT_NUMBER,PRIMARY_RD,SECONDARY_RD,DISTANCE,DIRECTION,INTERSECTION,WEATHER_1,WEATHER_2,STATE_HWY_IND,CALTRANS_COUNTY,CALTRANS_DISTRICT,STATE_ROUTE,ROUTE_SUFFIX,POSTMILE_PREFIX,POSTMILE,LOCATION_TYPE,RAMP_INTERSECTION,SIDE_OF_HWY,TOW_AWAY,COLLISION_SEVERITY,NUMBER_KILLED,NUMBER_INJURED,PARTY_COUNT,PRIMARY_COLL_FACTOR,PCF_CODE_OF_VIOL,PCF_VIOL_CATEGORY,PCF_VIOLATION,PCF_VIOL_SUBSECTION,HIT_AND_RUN,TYPE_OF_COLLISION,MVIW,PED_ACTION,ROAD_SURFACE,ROAD_COND_1,ROAD_COND_2,LIGHTING,CONTROL_DEVICE,CHP_ROAD_TYPE,PEDESTRIAN_ACCIDENT,BICYCLE_ACCIDENT,MOTORCYCLE_ACCIDENT,TRUCK_ACCIDENT,NOT_PRIVATE_PROPERTY,ALCOHOL_INVOLVED,STWD_VEHTYPE_AT_FAULT,CHP_VEHTYPE_AT_FAULT,COUNT_SEVERE_INJ,COUNT_VISIBLE_INJ,COUNT_COMPLAINT_PAIN,COUNT_PED_KILLED,COUNT_PED_INJURED,COUNT_BICYCLIST_KILLED,COUNT_BICYCLIST_INJURED,COUNT_MC_KILLED,COUNT_MC_INJURED,PRIMARY_RAMP,SECONDARY_RAMP,LATITUDE,LONGITUDE,COUNTY,CITY,POINT_X,POINT_Y
81603413,2021,10/22/21,105,10/14/21,1208,14591,1183,4,5,6,105,0,0,0,,0,3,WARM SPRINGS BLVD,FOURIER AVE,0,,Y,A,-,N,,,,,,,,,,Y,4,0,2,3,A,-,12,21453,A,N,D,C,A,A,H,-,A,A,0,,,,,Y,,A,1,0,0,2,0,0,0,0,0,0,- ,- ,,,ALAMEDA,FREMONT,-121.9245682,37.48109818
81603422,2021,10/22/21,105,10/15/21,1411,14175,1016,5,5,6,105,0,0,0,,0,3,HOPKINS AVE,JAMESTOWN RD,190,S,N,A,-,N,,,,,,,,,,N,4,0,1,2,A,-,21,22106,,N,H,C,A,A,H,-,A,D,0,,,,,Y,,A,1,0,0,1,0,0,0,0,0,0,- ,- ,,,ALAMEDA,FREMONT,-121.9484177,37.51579285
81603424,2021,10/22/21,105,10/15/21,1647,14175,1036,5,5,6,105,0,0,0,,0,3,GRIMMER BLVD,VALPEY PARK AVE,0,,Y,A,-,N,,,,,,,,,,Y,3,0,3,2,A,-,9,21800,A,N,D,C,A,A,H,-,A,A,0,,,,,Y,,A,1,0,2,1,0,0,0,0,0,0,- ,- ,,,ALAMEDA,FREMONT,-121.9684601,37.51984024
81606113,2021,10/26/21,105,10/13/21,556,14306,1088,3,5,6,105,0,0,0,,0,3,FREMONT BLVD,GRIMMER BLVD,597,S,N,A,-,N,,,,,,,,,,Y,4,0,1,2,A,-,3,22350,,N,D,C,A,A,H,-,C,D,0,,,,Y,Y,,A,1,0,0,1,0,0,0,0,0,0,- ,- ,,,ALAMEDA,FREMONT,-121.9637833,37.53551102
81607189,2021,10/27/21,105,9/27/21,1916,13531,333,1,5,6,105,0,0,0,,0,1,NILES BLVD,LINDA DR (1),0,,Y,A,-,Y,,,,,,,,,,N,3,0,1,2,A,-,8,22107,,N,D,G,A,A,H,-,C,D,0,,Y,,,Y,,L,4,0,1,0,0,0,0,1,0,0,- ,- ,,,ALAMEDA,FREMONT,-122.0038223,37.58211899
81607192,2021,10/27/21,105,10/16/21,1659,16441,266,6,5,6,105,0,0,0,,0,2,FREMONT BLVD,PASEO PADRE PKWY,0,,Y,A,-,N,,,,,,,,,,Y,4,0,1,2,A,-,7,21658,A,N,C,C,A,A,H,-,A,A,0,,,,,Y,,A,1,0,0,1,0,0,0,0,0,0,- ,- ,,,ALAMEDA,FREMONT,-122.0411987,37.5750885
81607195,2021,10/27/21,105,10/19/21,1240,14306,1242,2,5,6,105,0,0,0,,0,3,MISSION BL (SR-262),MOHAVE DR,282,W,N,A,-,Y,,,,,,,,,,N,4,0,1,2,A,-,4,21703,,N,C,C,A,A,H,-,A,D,0,,,,,Y,,A,1,0,0,1,0,0,0,0,0,0,- ,- ,,,ALAMEDA,FREMONT,-121.9274673,37.49153137
81608334,2021,10/28/21,105,10/24/21,1905,12223,367,7,5,6,105,0,0,0,,0,1,SR 84 (NILES CANYON RD),MISSION BLVD,7920,E,N,A,C,Y,,,,,,,,,,Y,4,0,1,2,C,-,18,,,N,E,J,A,B,C,-,D,D,0,,,,,Y,,-,- ,0,0,1,0,0,0,0,0,0,- ,- ,,,ALAMEDA,FREMONT,,
81614343,2021,11/3/21,105,10/30/21,1952,14563,814,6,5,6,105,0,0,0,,0,1,FREMONT BLVD,STEVENSON BLVD,200,S,N,A,-,N,,,,,,,,,,N,3,0,2,2,A,-,3,22350,,N,C,C,A,A,H,-,C,A,0,,,,,Y,,A,1,0,1,1,0,0,0,0,0,0,- ,- ,,,ALAMEDA,FREMONT,-121.9725647,37.54037476
81617000,2021,11/5/21,105,10/25/21,1749,12223,488,1,5,6,105,0,0,0,,0,2,DECOTO RD,I-880 SB ONRAMP,0,,Y,B,-,Y,,,,,,,,,,Y,3,0,2,2,A,-,12,21453,A,N,D,C,A,A,H,-,A,A,0,,,,,Y,,A,1,0,1,1,0,0,0,0,0,0,- ,- ,,,ALAMEDA,FREMONT,,
81621273,2021,11/10/21,105,10/22/21,612,14591,222,5,5,6,105,0,0,0,,0,2,ALVARADO BLVD,DEEP CREEK RD,484,S,N,C,-,N,,,,,,,,,,Y,4,0,2,2,A,-,5,21651,B,N,A,C,A,B,H,-,C,A,0,,,,,Y,,A,1,0,0,2,0,0,0,0,0,0,- ,- ,,,ALAMEDA,FREMONT,-122.0491943,37.57900238
81622302,2021,11/11/21,105,9/29/21,1055,12908,732,3,5,6,105,0,0,0,,0,1,MISSION BLVD,CASTRO LN,0,,Y,A,-,Y,,,,,,,,,,Y,4,0,2,2,A,-,12,21453,A,N,D,C,A,A,H,-,A,A,0,,,,,Y,,A,1,0,0,2,0,0,0,0,0,0,- ,- ,,,ALAMEDA,FREMONT,-121.9397964,37.54983902
81622303,2021,11/11/21,105,10/20/21,2311,16142,570,3,5,6,105,0,0,0,,0,2,BLACOW RD,EGGERS DR,33,N,N,C,-,N,,,,,,,,,,Y,4,0,2,2,A,-,1,23152,A,N,C,C,A,B,H,-,C,B,0,,,,,Y,Y,A,1,0,0,2,0,0,0,0,0,0,- ,- ,,,ALAMEDA,FREMONT,-122.0055923,37.53979111
81626768,2021,11/17/21,105,10/25/21,829,14563,810,1,5,6,105,0,0,0,,0,1,GRIMMER BLVD,HIGH ST,0,,Y,A,-,Y,,,,,,,,,,Y,4,0,3,2,A,-,9,21802,A,N,D,C,A,A,H,-,A,A,0,,,,,Y,,A,7,0,0,3,0,0,0,0,0,0,- ,- ,,,ALAMEDA,FREMONT,-121.9630203,37.53924942
81626770,2021,11/17/21,105,11/1/21,1221,12223,426,1,5,6,105,0,0,0,,0,2,DECOTO RD,OZARK RIVER WAY,0,,Y,B,-,N,,,,,,,,,,N,4,0,1,1,A,-,8,22107,,N,E,I,A,B,H,-,A,A,0,,,,,Y,,A,1,0,0,1,0,0,0,0,0,0,- ,- ,,,ALAMEDA,FREMONT,-122.0344086,37.56874084
81626771,2021,11/17/21,105,11/2/21,804,14307,814,2,5,6,105,0,0,0,,0,1,STEVENSON BLVD,FREMONT BLVD,432,E,N,A,-,N,,,,,,,,,,Y,3,0,2,2,A,-,3,22350,,N,C,C,A,A,H,-,A,D,0,,,,,Y,,A,1,0,1,1,0,0,0,0,0,0,- ,- ,,,ALAMEDA,FREMONT,-121.9727783,37.54184723
81626772,2021,11/17/21,105,11/2/21,1609,12223,1076,2,5,6,105,0,0,0,,0,3,CHRISTY ST,AUTO MALL PKWY,0,,Y,A,-,N,,,,,,,,,,Y,4,0,1,2,A,-,4,21703,,N,C,C,A,A,H,-,A,A,0,,,,,Y,,A,7,0,0,1,0,0,0,0,0,0,- ,- ,,,ALAMEDA,FREMONT,-121.9715424,37.50577927
81626773,2021,11/17/21,105,11/6/21,1157,12745,,6,5,6,105,0,0,0,,0,,PASEO PADRE PKWY,WASHINGTON BLVD,296,N,N,A,-,N,,,,,,,,,,N,3,0,1,1,A,-,5,21650,,N,E,I,A,A,H,-,A,D,0,,,,,Y,,A,7,0,1,0,0,0,0,0,0,0,- ,- ,,,ALAMEDA,FREMONT,-121.9345398,37.53239059
81626774,2021,11/17/21,105,11/9/21,1735,12223,849,2,5,6,105,0,0,0,,0,1,STEVENSON BLVD,DAVIS ST,42,E,N,B,-,N,,,,,,,,,,Y,4,0,1,3,A,-,3,22350,,N,C,C,A,A,H,-,B,A,0,,,,,Y,,A,1,0,0,1,0,0,0,0,0,0,- ,- ,,,ALAMEDA,FREMONT,-121.9762192,37.53731918
81626775,2021,11/17/21,105,11/12/21,1159,12745,,5,5,6,105,0,0,0,,0,,FREMONT BLVD,BEACON AVE,0,,Y,A,-,N,,,,,,,,,,N,3,0,2,2,A,-,12,21453,A,N,D,C,A,A,H,-,A,A,0,,,,,Y,,A,1,0,2,0,0,0,0,0,0,0,- ,- ,,,ALAMEDA,FREMONT,-121.9843826,37.54666138
81627953,2021,11/18/21,105,9/22/21,1322,16201,105,3,5,6,105,0,0,0,,0,2,THORNTON AVE,880 S ON RAMP,143,E,N,A,-,Y,,,,,,,,,,N,4,0,1,2,A,-,3,22350,,N,C,C,A,A,H,-,A,D,0,,,,,Y,,D,22,0,0,1,0,0,0,0,0,0,- ,- ,,,ALAMEDA,FREMONT,,
81627954,2021,11/18/21,105,9/29/21,907,14563,114,3,5,6,105,0,0,0,,0,2,6701 KAISER DR,PASEO PADRE PKWY,1500,E,N,A,-,N,,,,,,,,,,Y,3,0,1,1,A,-,8,22107,,N,E,I,A,A,H,-,A,D,0,,,,,Y,,I,10,0,1,0,0,0,0,0,0,0,- ,- ,,,ALAMEDA,FREMONT,-122.0648575,37.55021667
81627957,2021,11/18/21,105,10/24/21,2159,15844,127,7,5,6,105,0,0,0,,0,2,QUARRY RD,PASEO PADRE PKWY,0,,Y,C,-,N,,,,,,,,,,Y,3,0,1,2,A,-,1,23152,A,N,D,E,A,B,H,-,D,D,0,,,,,Y,Y,A,1,0,1,0,0,0,0,0,0,0,- ,- ,,,ALAMEDA,FREMONT,-122.0686264,37.54288864
81627959,2021,11/18/21,105,11/1/21,718,14307,582,1,5,6,105,0,0,0,,0,3,HANSEN AVE,BLACOW RD,27,E,N,B,-,N,,,,,,,,,,Y,4,0,1,3,A,-,8,22107,,F,B,E,A,A,H,-,A,D,0,,,,,Y,,A,7,0,0,1,0,0,0,0,0,0,- ,- ,,,ALAMEDA,FREMONT,-122.017662,37.54632187
81627960,2021,11/18/21,105,11/2/21,823,14307,655,2,5,6,105,0,0,0,,0,2,PERALTA BLVD,CAMDEN ST,0,,Y,A,-,Y,,,,,,,,,,Y,4,0,1,2,A,-,8,22107,,N,D,C,A,A,H,-,A,D,0,,,,,Y,,A,1,0,0,1,0,0,0,0,0,0,- ,- ,,,ALAMEDA,FREMONT,-121.9965515,37.56084824
81630065,2021,11/19/21,105,10/26/21,1802,15405,1150,2,5,6,105,0,0,0,,0,3,FREMONT BLVD,W WARREN AVE,29,N,N,B,-,N,,,,,,,,,,N,4,0,1,2,A,-,9,21803,A,N,B,G,A,A,H,-,C,A,0,,Y,,,Y,,A,1,0,0,1,0,0,0,1,0,0,- ,- ,,,ALAMEDA,FREMONT,-121.9452057,37.48121643
81630066,2021,11/19/21,105,10/27/21,824,14175,748,3,5,6,105,0,0,0,,0,1,STEVENSON BLVD,STEVENSON PL,0,,Y,A,-,N,,,,,,,,,,Y,4,0,1,2,A,-,9,21802,A,N,D,C,A,A,H,-,A,A,0,,,,,Y,,A,7,0,0,1,0,0,0,0,0,0,- ,- ,,,ALAMEDA,FREMONT,-121.9581223,37.56016159
81630076,2021,11/19/21,105,10/29/21,800,15405,1019,5,5,6,105,0,0,0,,0,3,ROBERTS AVE,HAVEN AVE,66,S,N,A,-,N,,,,,,,,,,N,3,0,1,2,A,-,5,21650,1,N,D,G,A,A,H,-,A,D,0,,Y,,,Y,,L,4,0,1,0,0,0,0,1,0,0,- ,- ,,,ALAMEDA,FREMONT,-121.9554749,37.52656174
81630077,2021,11/19/21,105,10/30/21,1640,14563,937,6,5,6,105,0,0,0,,0,3,WASHINGTON BLVD,COIT AVE,0,,Y,A,-,N,,,,,,,,,,Y,4,0,3,2,A,-,9,21801,A,N,D,C,A,A,H,-,A,D,0,,,,,Y,,A,1,0,0,3,0,0,0,0,0,0,- ,- ,,,ALAMEDA,FREMONT,-121.9249878,37.53279114
81631009,2021,11/22/21,105,11/1/21,938,14307,,1,5,6,105,0,0,0,,0,,STEVENSON BLVD,OMAR ST,0,,Y,B,-,N,,,,,,,,,,Y,4,0,2,2,A,-,12,21453,A,N,D,C,A,A,H,-,A,A,0,,,,,Y,,A,1,0,0,2,0,0,0,0,0,0,- ,- ,,,ALAMEDA,FREMONT,-121.9848404,37.52605057
81631010,2021,11/22/21,105,11/3/21,610,14306,1087,3,5,6,105,0,0,0,,0,3,OSGOOD RD,PRUNE AVE,0,,Y,A,-,N,,,,,,,,,,Y,4,0,1,1,A,-,5,21651,A,N,E,I,A,A,H,-,C,D,0,,,,,Y,,A,1,0,0,1,0,0,0,0,0,0,- ,- ,,,ALAMEDA,FREMONT,-121.9382629,37.50674057
81631011,2021,11/22/21,105,11/11/21,1955,15405,649,4,5,6,105,0,0,0,,0,1,MOWRY AVE,STATE ST,35,W,N,A,-,N,,,,,,,,,,N,4,0,1,2,A,-,3,22350,,N,C,C,A,A,H,-,C,A,0,,,,,Y,,A,1,0,0,1,0,0,0,0,0,0,- ,- ,,,ALAMEDA,FREMONT,-121.9864655,37.55089951
81631013,2021,11/22/21,105,11/15/21,1439,14591,648,1,5,6,105,0,0,0,,0,1,MOWRY AVE,FREMONT BLVD,410,W,N,A,-,N,,,,,,,,,,N,4,0,1,2,A,-,3,22350,,N,C,C,A,A,H,-,A,A,0,,,,,Y,,A,1,0,0,1,0,0,0,0,0,0,- ,- ,,,ALAMEDA,FREMONT,-121.9891815,37.54761124
81631014,2021,11/22/21,105,11/15/21,1809,15131,1169,1,5,6,105,0,0,0,,0,3,WARM SPRINGS BLVD,TOM BLALOCK ST,124,S,N,B,-,N,,,,,,,,,,Y,4,0,1,2,A,-,3,22350,,N,C,C,A,A,H,-,C,D,0,,,,,Y,,A,1,0,0,1,0,0,0,0,0,0,- ,- ,,,ALAMEDA,FREMONT,,
81631015,2021,11/22/21,105,11/15/21,1751,16440,105,1,5,6,105,0,0,0,,0,3,WARM SPRINGS BLVD,TONOPAH DR,0,,Y,A,-,N,,,,,,,,,,N,4,0,1,2,A,-,10,21950,A,N,G,B,B,A,H,-,C,A,0,Y,,,,Y,,A,1,0,0,1,0,1,0,0,0,0,- ,- ,,,ALAMEDA,FREMONT,-121.9166565,37.46744156
81631016,2021,11/22/21,105,11/17/21,1803,16206,502,3,5,6,105,0,0,0,,0,2,THORNTON AVE,DUSTERBERRY WAY,371,E,N,A,-,N,,,,,,,,,,Y,4,0,1,2,A,-,3,22350,,N,C,C,A,A,H,-,C,A,0,,,,,Y,,A,7,0,0,1,0,0,0,0,0,0,- ,- ,,,ALAMEDA,FREMONT,-122.0146103,37.55693817
81633905,2021,11/24/21,105,11/10/21,2027,12223,338,3,5,6,105,0,0,0,,0,1,SR238 (MISSION BL),NURSERY AVE,0,,Y,A,-,Y,,,,,,,,,,N,3,0,2,2,D,-,0,,,N,B,C,A,A,H,-,C,A,0,,,,,Y,Y,-,- ,0,2,0,0,0,0,0,0,0,- ,- ,,,ALAMEDA,FREMONT,,
81635208,2021,11/25/21,105,10/22/21,814,14563,674,5,5,6,105,0,0,0,,0,2,FREMONT BLVD,MATTOS DR,12,N,N,C,-,N,,,,,,,,,,Y,3,0,1,2,A,-,10,21950,A,N,D,G,A,B,H,-,A,D,0,,Y,,,Y,,D,22,0,1,0,0,0,0,1,0,0,- ,- ,,,ALAMEDA,FREMONT,-121.9990005,37.55401993
81635212,2021,11/25/21,105,11/1/21,1838,16212,1175,1,5,6,105,0,0,0,,0,3,INDUSTRIAL DR,FREMONT BLVD,0,,Y,A,-,N,,,,,,,,,,N,3,0,1,2,A,-,3,22350,,N,D,G,A,A,H,-,C,A,0,,Y,,Y,Y,,L,4,0,1,0,0,0,0,1,0,0,- ,- ,,,ALAMEDA,FREMONT,-121.9485321,37.49710083
81635214,2021,11/25/21,105,11/3/21,1816,15405,947,3,5,6,105,0,0,0,,0,3,WASHINGTON BLVD,ELLSWORTH ST,0,,N,A,-,N,,,,,,,,,,N,3,0,1,1,C,-,18,,,N,H,J,A,A,H,-,B,D,0,,Y,,,Y,,-,- ,0,1,0,0,0,0,1,0,0,- ,- ,,,ALAMEDA,FREMONT,-121.9215088,37.53321838
81639189,2021,12/1/21,105,11/25/21,1146,14591,287,4,5,6,105,0,0,0,,0,2,PASEO PADRE PKWY,TAMAYO ST,0,,Y,A,-,N,,,,,,,,,,Y,4,0,2,2,A,-,9,21802,A,N,D,C,A,A,H,-,A,A,0,,,,,Y,,A,1,0,0,2,0,0,0,0,0,0,- ,- ,,,ALAMEDA,FREMONT,-122.016777,37.57284927
81640486,2021,12/2/21,105,10/9/21,2210,16103,1046,6,5,6,105,0,0,0,,0,3,ALBRAE ST,STEWART AVE,1186,N,N,A,-,N,,,,,,,,,,Y,4,0,1,1,A,-,1,23152,A,N,E,I,A,A,H,-,C,B,0,,,,,Y,Y,A,1,0,0,1,0,0,0,0,0,0,- ,- ,,,ALAMEDA,FREMONT,-121.984169,37.52012634
81640487,2021,12/2/21,105,10/14/21,2136,15776,443,4,5,6,105,0,0,0,,0,2,FREMONT BLVD,GIBRALTAR DR,0,,Y,A,-,N,,,,,,,,,,N,4,0,4,2,A,-,12,21453,A,N,D,C,A,A,H,-,C,A,0,,,,Y,Y,,A,1,0,0,4,0,0,0,0,0,0,- ,- ,,,ALAMEDA,FREMONT,-122.0191574,37.56425858
81640490,2021,12/2/21,105,11/7/21,1042,14307,,7,5,6,105,0,0,0,,0,,NILES CANYON RD,PALOMARES RD,7075,W,N,B,-,Y,,,,,,,,,,Y,3,0,2,2,A,-,8,22107,,F,B,D,A,A,H,-,E,D,0,,,,,Y,,A,1,0,1,1,0,0,0,0,0,0,- ,- ,,,ALAMEDA,FREMONT,-121.9638062,37.58612823
81642899,2021,12/6/21,105,10/29/21,1536,14306,946,5,5,6,105,0,0,0,,0,3,WASHINGTON BLVD,STARR ST,8,W,N,A,-,N,,,,,,,,,,N,3,0,1,2,A,-,5,21650,1,N,D,G,A,A,H,-,A,A,0,,Y,,,Y,,L,4,0,1,0,0,0,0,1,0,0,- ,- ,,,ALAMEDA,FREMONT,-121.9241257,37.53291702
81642900,2021,12/6/21,105,11/1/21,157,15892,105,1,5,6,105,0,0,0,,0,1,GRIMMER BLVD,IRVINGTON AVE,780,S,N,B,-,N,,,,,,,,,,Y,3,0,2,1,A,-,1,23152,A,N,E,I,A,A,H,-,C,D,0,,,,,Y,Y,A,1,0,1,1,0,0,0,0,0,0,- ,- ,,,ALAMEDA,FREMONT,-121.9702835,37.53026199
81642901,2021,12/6/21,105,11/5/21,1835,15405,367,5,5,6,105,0,0,0,,0,1,MISSION BLVD,NILES BLVD,41,S,N,A,-,N,,,,,,,,,,N,4,0,1,2,A,-,11,21954,A,N,G,B,E,A,H,-,C,A,0,Y,,,,Y,Y,N,60,0,0,1,0,1,0,0,0,0,- ,- ,,,ALAMEDA,FREMONT,-121.9716034,37.57637787
81642904,2021,12/6/21,105,11/7/21,1652,16440,1078,7,5,6,105,0,0,0,,0,3,SABERCAT RD,DURHAM RD,0,,Y,A,-,N,,,,,,,,,,N,3,0,2,2,A,-,12,21453,A,F,D,C,A,A,H,-,B,A,0,,,,Y,Y,Y,G,26,0,2,0,0,0,0,0,0,0,- ,- ,,,ALAMEDA,FREMONT,-121.9382324,37.51509857
81642905,2021,12/6/21,105,11/10/21,1308,14307,1078,3,5,6,105,0,0,0,,0,3,AUTO MALL PKWY,880NB EXIT,0,,Y,A,-,Y,,,,,,,,,,Y,3,0,3,3,A,-,3,22350,,N,C,C,A,A,H,-,A,A,0,,,,,Y,,A,1,0,1,2,0,0,0,0,0,0,- ,- ,,,ALAMEDA,FREMONT,,
81645996,2021,12/8/21,105,11/8/21,1952,15776,488,1,5,6,105,0,0,0,,0,2,DECOTO RD,I-880 SB OFFRAMP,0,,Y,A,C,Y,,,,,,,,,,Y,3,0,2,2,A,-,12,21453,A,N,D,C,A,B,H,-,C,A,0,,,,,Y,,-,- ,0,1,1,0,0,0,0,0,0,- ,- ,,,ALAMEDA,FREMONT,,
81645997,2021,12/8/21,105,11/17/21,1036,14563,681,3,5,6,105,0,0,0,,0,1,BEACON AVE,FREMONT BLVD,0,,Y,A,-,N,,,,,,,,,,N,4,0,1,2,A,-,3,22350,,N,C,C,A,A,H,-,A,B,0,,,,,Y,,J,48,0,0,1,0,0,0,0,0,0,- ,- ,,,ALAMEDA,FREMONT,-121.9843826,37.54666138
81647213,2021,12/9/21,105,11/29/21,1716,15892,105,1,5,6,105,0,0,0,,0,3,MISSION BLVD,PINE ST,0,,Y,A,-,N,,,,,,,,,,Y,3,0,3,2,A,-,17,21457,B,N,D,C,A,A,H,-,B,A,0,,,,,Y,,A,1,0,1,2,0,0,0,0,0,0,- ,- ,,,ALAMEDA,FREMONT,-121.9179764,37.52606964
8164729,2016,11/15/16,105,9/24/16,1505,13916,874,6,5,6,105,0,0,0,,0,2,MOWRY AV,FARWELL DR,35,E,N,A,-,N,,,,,,,,,,Y,4,0,1,3,A,-,3,22350,,N,C,C,A,A,H,-,A,A,0,,,,,Y,,E,22,0,0,1,0,0,0,0,0,0,- ,- ,33.19971,-117.68402,ALAMEDA,FREMONT,-122.0008211,37.53356896
8164767,2016,11/9/16,105,10/29/16,2132,14468,123,6,5,6,105,0,0,0,,0,2,PASEO PADRE PKWY,COMMERCE DR,0,,Y,B,-,N,,,,,,,,,,Y,3,0,1,1,A,-,8,22107,,N,E,I,A,A,H,-,C,D,0,,,,,Y,Y,A,1,0,1,0,0,0,0,0,0,0,- ,- ,33.22269,-117.74674,ALAMEDA,FREMONT,-122.0673299,37.55549991
8164771,2016,2/18/17,105,10/27/16,2100,12745,1172,4,5,6,105,0,0,0,,0,3,RT 262,WARM SPRINGS BL,3,E,N,B,C,Y,ALA,4,262,-,R,0.66,H,-,S,Y,3,0,1,1,A,-,8,22107,,N,E,I,A,B,H,-,C,A,0,,,,,Y,,A,1,0,1,0,0,0,0,0,0,0,- ,- ,,,ALAMEDA,FREMONT,-121.9294024,37.4901595
8164775,2016,11/9/16,105,10/22/16,53,14810,1169,6,5,6,105,0,0,0,,0,3,WARM SPRINGS BL,WARM SPRINGS CT,71,N,N,A,-,N,,,,,,,,,,Y,4,0,1,1,A,-,1,23152,A,M,E,I,A,A,H,-,C,D,0,,,,,Y,Y,A,1,0,0,1,0,0,0,0,0,0,- ,- ,33.1611,-117.62118,ALAMEDA,FREMONT,-121.9341856,37.49688792
81648576,2021,12/10/21,105,11/15/21,751,14591,273,1,5,6,105,0,0,0,,0,2,FREMONT BLVD,DECOTO RD,461,N,N,A,-,N,,,,,,,,,,Y,4,0,1,2,A,-,3,22350,,N,C,C,A,A,H,-,A,A,0,,,,,Y,,A,1,0,0,1,0,0,0,0,0,0,- ,- ,,,ALAMEDA,FREMONT,-122.0339508,37.57153702
81648584,2021,12/10/21,105,12/1/21,1054,14562,866,3,5,6,105,0,0,0,,0,1,STEVENSON BLVD,BLACOW RD,40,E,N,A,-,N,,,,,,,,,,N,4,0,1,2,A,-,3,22350,,N,C,C,A,A,H,-,A,A,0,,,,,Y,,A,1,0,0,1,0,0,0,0,0,0,- ,- ,,,ALAMEDA,FREMONT,-121.9829636,37.52851868
81649439,2021,12/13/21,105,11/18/21,1322,14591,666,4,5,6,105,0,0,0,,0,2,SR 84 (FREMONT BL),SR 84 (PERALTA BL),0,,Y,A,-,Y,,,,,,,,,,Y,4,0,2,2,A,-,12,21457,A,N,D,C,A,A,H,-,A,A,0,,,,,Y,,-,- ,0,0,2,0,0,0,0,0,0,- ,- ,,,ALAMEDA,FREMONT,-122.1106491,37.51174164
81649441,2021,12/13/21,105,11/19/21,1332,15405,1044,5,5,6,105,0,0,0,,0,3,CURTIS ST,ANDANTE ST,10,N,N,B,-,N,,,,,,,,,,N,3,0,1,2,A,-,5,21650,,N,B,C,A,A,H,-,A,D,0,,,,,Y,,A,1,0,1,0,0,0,0,0,0,0,- ,- ,,,ALAMEDA,FREMONT,-121.979187,37.5218544
81649445,2021,12/13/21,105,11/28/21,1253,14306,674,7,5,6,105,0,0,0,,0,2,FREMONT BLVD,EGGERS DR,0,,Y,A,-,N,,,,,,,,,,Y,4,0,1,2,A,-,12,21453,A,N,D,C,A,A,H,-,A,A,0,,,,,Y,,A,1,0,0,1,0,0,0,0,0,0,- ,- ,,,ALAMEDA,FREMONT,-121.9962616,37.55260849
81649446,2021,12/13/21,105,11/29/21,738,14306,1176,1,5,6,105,0,0,0,,0,3,CUSHING PKWY,NORTHPORT LOOP E,0,,Y,A,-,N,,,,,,,,,,Y,4,0,2,3,A,-,7,21658,A,N,B,C,A,A,D,-,A,A,0,,,,Y,Y,,A,1,0,0,2,0,0,0,0,0,0,- ,- ,,,ALAMEDA,FREMONT,-121.9524307,37.48991013
81649465,2021,12/13/21,105,12/2/21,1745,13107,674,4,5,6,105,0,0,0,,0,2,FREMONT BLVD,MATTOS DR,120,S,N,A,-,N,,,,,,,,,,N,4,0,1,2,A,-,8,22107,,N,B,D,A,A,H,-,C,D,0,,,,,Y,,A,1,0,0,1,0,0,0,0,0,0,- ,- ,,,ALAMEDA,FREMONT,-121.9986191,37.55382156
81653648,2021,12/16/21,105,12/2/21,842,14591,1176,4,5,6,105,0,0,0,,0,3,FREMONT BLVD,CUSHING PKWY,0,,Y,A,-,N,,,,,,,,,,Y,4,0,1,2,A,-,12,21453,A,N,D,C,A,A,H,-,A,A,0,,,,,Y,,A,7,0,0,1,0,0,0,0,0,0,- ,- ,,,ALAMEDA,FREMONT,-121.9485703,37.49058914
81655582,2021,12/20/21,105,10/25/21,2031,12223,777,1,5,6,105,0,0,0,,0,1,STEVENSON BLVD,PASEO PADRE PKWY,0,,Y,B,-,N,,,,,,,,,,Y,4,0,2,2,A,-,9,21453,C,N,A,C,A,A,H,-,C,A,0,,,,,Y,,A,1,0,0,2,0,0,0,0,0,0,- ,- ,,,ALAMEDA,FREMONT,-121.9722519,37.54891968
81655584,2021,12/20/21,105,11/10/21,1618,14177,,3,5,6,105,0,0,0,,0,,AUTO MALL PKWY,BOYCE RD,304,E,N,A,-,N,,,,,,,,,,Y,4,0,1,3,A,-,3,22350,,N,C,C,A,A,H,-,B,D,0,,,,,Y,,A,1,0,0,1,0,0,0,0,0,0,- ,- ,,,ALAMEDA,FREMONT,-121.9784393,37.5027771
81655585,2021,12/20/21,105,11/20/21,1737,15405,929,6,5,6,105,0,0,0,,0,1,DRISCOLL RD,WASHINGTON BLVD,42,N,N,A,-,N,,,,,,,,,,N,4,0,1,2,A,-,3,22350,,F,C,C,A,A,H,-,C,A,0,,,,,Y,,D,22,0,0,1,0,0,0,0,0,0,- ,- ,,,ALAMEDA,FREMONT,-121.9533997,37.53336334
81655587,2021,12/20/21,105,11/29/21,1938,15405,272,1,5,6,105,0,0,0,,0,2,PASEO PADRE PKWY,DECOTO RD,0,,Y,A,-,N,,,,,,,,,,N,3,0,2,2,A,-,9,21453,C,N,D,C,A,A,H,-,C,A,0,,,,,Y,,A,1,0,2,0,0,0,0,0,0,0,- ,- ,,,ALAMEDA,FREMONT,-122.0270615,37.57688141