CASE_ID,ACCIDENT_YEAR,PROC_DATE,JURIS,COLLISION_DATE,COLLISION_TIME,OFFICER_ID,REPORTING_DISTRICT,DAY_OF_WEEK,CHP_SHIFT,POPULATION,CNTY_CITY_LOC,SPECIAL_COND,BEAT_TYPE,CHP_BEAT_TYPE,CITY_DIVISION_LAPD,CHP_BEAT_CLASS,BEAT_NUMBER,PRIMARY_RD,SECONDARY_RD,DISTANCE,DIRECTION,INTERSECTION,WEATHER_1,WEATHER_2,STATE_HWY_IND,CALTRANS_COUNTY,CALTRANS_DISTRICT,STATE_ROUTE,ROUTE_SUFFIX,POSTMILE_PREFIX,POSTMILE,LOCATION_TYPE,RAMP_INTERSECTION,SIDE_OF_HWY,TOW_AWAY,COLLISION_SEVERITY,NUMBER_KILLED,NUMBER_INJURED,PARTY_COUNT,PRIMARY_COLL_FACTOR,PCF_CODE_OF_VIOL,PCF_VIOL_CATEGORY,PCF_VIOLATION,PCF_VIOL_SUBSECTION,HIT_AND_RUN,TYPE_OF_COLLISION,MVIW,PED_ACTION,ROAD_SURFACE,ROAD_COND_1,ROAD_COND_2,LIGHTING,CONTROL_DEVICE,CHP_ROAD_TYPE,PEDESTRIAN_ACCIDENT,BICYCLE_ACCIDENT,MOTORCYCLE_ACCIDENT,TRUCK_ACCIDENT,NOT_PRIVATE_PROPERTY,ALCOHOL_INVOLVED,STWD_VEHTYPE_AT_FAULT,CHP_VEHTYPE_AT_FAULT,COUNT_SEVERE_INJ,COUNT_VISIBLE_INJ,COUNT_COMPLAINT_PAIN,COUNT_PED_KILLED,COUNT_PED_INJURED,COUNT_BICYCLIST_KILLED,COUNT_BICYCLIST_INJURED,COUNT_MC_KILLED,COUNT_MC_INJURED,PRIMARY_RAMP,SECONDARY_RAMP,LATITUDE,LONGITUDE,COUNTY,CITY,POINT_X,POINT_Y
8469664,2017,6/25/18,105,9/22/17,1530,14309,589,5,5,6,105,0,0,0,,0,2,MOWRY AV,FARWELL DR,940,W,N,A,-,Y,ALA,4,880,-,-,7.017,R,4,N,Y,4,0,1,2,A,-,3,22350,,N,C,C,A,A,H,-,A,A,0,,,,,Y,,A,1,0,0,1,0,0,0,0,0,0,- ,- ,33.19971,-117.68402,ALAMEDA,FREMONT,-121.9995497,37.52851748
8471958,2017,5/24/18,105,9/26/17,843,11242,0,2,5,6,105,0,0,0,,0,1,THORNTON AV,RT 84,238,N,N,A,-,Y,ALA,4,880,-,-,9.025,R,4,S,Y,4,0,1,3,A,-,3,22350,,N,C,C,A,A,H,-,A,D,0,,,,,Y,,A,1,0,0,1,0,0,0,0,0,0,- ,EO,,,ALAMEDA,FREMONT,-122.0247416,37.54886845
8472204,2017,7/6/18,105,10/8/17,1702,14175,367,7,5,6,105,0,0,0,,0,0Z1,RT 84,POLE #E33MO,435,W,N,A,-,Y,ALA,4,84,-,-,11.88,H,-,N,Y,3,0,1,1,A,-,8,22107,,N,E,I,A,A,H,-,A,D,0,,,,,Y,,A,1,0,1,0,0,0,0,0,0,0,- ,- ,,,ALAMEDA,FREMONT,-121.9604941,37.58748318
8475953,2017,10/23/17,105,9/15/17,335,13997,929,5,5,6,105,0,0,0,,0,1,WASHINGTON BL,DRISCOLL RD,22,W,N,A,-,N,,,,,,,,,,Y,3,0,1,1,A,-,1,23152,A,N,E,I,A,A,H,-,C,A,0,,,,,Y,Y,A,1,0,1,0,0,0,0,0,0,0,- ,- ,33.19894,-117.63919,ALAMEDA,FREMONT,-121.9534444,37.5332381
8477024,2017,11/8/17,105,10/5/17,1634,14563,947,4,5,6,105,0,0,0,,0,3,MISSION BL,MISSION TIERRA PL,88,S,N,A,-,N,,,,,,,,,,Y,3,0,1,3,A,-,1,23152,A,N,B,E,A,A,H,-,A,D,0,,,,,Y,Y,D,22,0,1,0,0,0,0,0,0,0,- ,- ,33.19753,-117.60732,ALAMEDA,FREMONT,-121.919703,37.53197256
8479469,2017,10/31/17,105,10/3/17,1617,14563,136,2,5,6,105,0,0,0,,0,2,ALVARADO BL,LOWRY RD,50,N,N,A,-,N,,,,,,,,,,Y,2,0,3,4,A,-,5,21650,,F,A,C,A,A,H,-,A,A,0,,,,,Y,,A,1,1,0,2,0,0,0,0,0,0,- ,- ,33.24877,-117.73402,ALAMEDA,FREMONT,-122.054817,37.58187194
8479810,2017,11/2/17,105,10/13/17,836,13916,953,5,5,6,105,0,0,0,,0,3,PASEO PADRE PKWY,OCASO CAMINO,215,N,N,A,-,N,,,,,,,,,,Y,3,0,1,1,C,-,18,,,N,E,I,A,A,H,-,A,A,0,,,,,Y,,-,- ,0,1,0,0,0,0,0,0,0,- ,- ,33.1917,-117.61665,ALAMEDA,FREMONT,-121.9299475,37.52677688
8479820,2017,11/1/17,105,10/1/17,1245,13252,105,7,5,6,105,0,0,0,,0,3,STEVENSON BL,ALBRAE ST,0,,Y,A,-,N,,,,,,,,,,N,4,0,1,2,A,-,3,22350,,N,C,C,A,A,H,-,A,A,0,,,,,Y,,A,1,0,0,1,0,0,0,0,0,0,- ,- ,33.18661,-117.67366,ALAMEDA,FREMONT,-121.98946,37.52039991
8480242,2017,11/6/17,105,10/14/17,1902,14563,385,6,5,6,105,0,0,0,,0,1,MISSION BL,WALNUT AV,0,,Y,A,-,N,,,,,,,,,,Y,3,0,1,3,A,-,12,21453,A,N,D,C,A,A,H,-,C,A,0,,,,,Y,,A,1,0,1,0,0,0,0,0,0,0,- ,- ,33.23133,-117.64619,ALAMEDA,FREMONT,-121.9615899,37.56548991
8480340,2017,7/6/18,105,10/19/17,1509,2536,666,4,5,6,105,0,0,0,,0,2,RT 84,FREMONT BL,39,E,N,B,-,Y,ALA,4,84,-,-,8.333,I,6,S,Y,3,0,1,2,A,-,4,21703,,N,C,C,A,A,H,-,A,D,0,,,,,Y,,A,7,0,1,0,0,0,0,0,0,0,- ,- ,33.22449,-117.68923,ALAMEDA,FREMONT,-122.0071559,37.55835907
8481317,2017,12/1/17,105,10/5/17,612,15102,1170,4,5,6,105,0,0,0,,0,3,WARM SPRINGS BL,RELIANCE WY,20,N,N,A,-,N,,,,,,,,,,Y,4,0,1,1,A,-,5,21651,A,N,E,I,A,A,H,-,B,A,0,,,,,Y,,A,1,0,0,1,0,0,0,0,0,0,- ,- ,33.1652,-117.6224,ALAMEDA,FREMONT,-121.9350475,37.49980039
8481587,2017,11/14/17,105,10/20/17,1247,13916,849,5,5,6,105,0,0,0,,0,1,STEVENSON BL,BESCO DR,429,E,N,A,-,N,,,,,,,,,,Y,3,0,2,4,A,-,3,22350,,N,C,C,A,A,H,-,A,D,0,,,,,Y,,A,1,0,1,1,0,0,0,0,0,0,- ,- ,33.19925,-117.66352,ALAMEDA,FREMONT,-121.9784809,37.53427942
8481703,2017,5/4/18,105,8/21/17,616,13365,616,1,5,6,105,0,0,0,,0,ZONE1,RT 84,PERALTA BL,0,,Y,B,-,N,,,,,,,,,,Y,4,0,1,2,A,-,9,21453,C,N,D,C,A,A,H,-,B,A,0,,,,,Y,,A,1,0,0,1,0,0,0,0,0,0,- ,- ,33.23011,-117.66222,ALAMEDA,FREMONT,-121.979718,37.56429
8481870,2017,6/14/18,105,10/25/17,1851,14175,272,3,5,6,105,0,0,0,,0,0Z2,RT 84,PASEO PADRE PK,600,E,N,A,-,Y,ALA,4,84,-,-,9.14,H,-,N,Y,4,0,2,2,A,-,3,22350,,N,C,C,A,A,H,-,C,D,0,,,,,Y,,A,7,0,0,2,0,0,0,0,0,0,- ,- ,33.24352,-117.7079,ALAMEDA,FREMONT,-121.9931351,37.56156262
8481881,2017,7/6/18,105,10/20/17,1643,12223,1242,5,5,6,105,0,0,0,,0,3,RT 262,BROWN RD,0,,Y,A,-,Y,ALA,4,262,-,R,0.92,I,5,S,Y,3,0,1,2,A,-,8,22107,,N,D,C,A,A,H,-,A,D,0,,,Y,,Y,,A,1,0,1,0,0,0,0,0,0,1,- ,- ,,,ALAMEDA,FREMONT,-121.9255852,37.49352052
8482048,2017,11/20/17,105,8/31/17,604,14792,333,4,5,6,105,0,0,0,,0,1,NILES BL,EL PORTAL AV,0,,Y,A,-,N,,,,,,,,,,Y,4,0,2,2,A,-,9,21802,A,N,D,C,A,A,H,-,A,D,0,,,,,Y,,A,1,0,0,2,0,0,0,0,0,0,TO,- ,33.24801,-117.68288,ALAMEDA,FREMONT,-122.0006299,37.5816899
8482596,2017,5/18/18,105,9/4/17,2136,10630,,1,5,6,105,0,0,0,,0,2,THORNTON AV,RT 880,0,,Y,A,-,Y,ALA,4,880,-,-,9.025,R,4,S,Y,2,0,2,3,A,-,1,23153,A,N,D,C,A,A,H,-,C,A,0,,,Y,,Y,Y,C,2,1,1,0,0,0,0,0,0,1,- ,SF,37.54857,-122.02164,ALAMEDA,FREMONT,-122.0247416,37.54886845
8483158,2017,11/6/17,105,10/24/17,1703,14175,777,2,5,6,105,0,0,0,,0,21,STEVENSON BL,CIVIC CENTER DR,385,W,N,A,-,N,,,,,,,,,,Y,4,0,1,2,A,-,9,21801,A,N,D,C,A,A,H,-,A,D,0,,,,,Y,,D,22,0,0,1,0,0,0,0,0,0,- ,- ,33.21805,-117.65602,ALAMEDA,FREMONT,-121.9721598,37.55112286
8483600,2017,11/8/17,105,9/29/17,1529,15103,1047,5,5,6,105,0,0,0,,0,,STEVENSON BL,ALBRAE ST,0,,Y,A,-,N,,,,,,,,,,N,4,0,1,2,A,-,8,22107,,N,D,C,A,A,H,-,A,D,0,,,,,Y,,A,1,0,0,1,0,0,0,0,0,0,- ,- ,33.18661,-117.67366,ALAMEDA,FREMONT,-121.98946,37.52039991
8484472,2017,11/29/17,105,10/27/17,1648,2536,1122,5,5,6,105,0,0,0,,0,3,BOYCE RD,STEWART AV,0,,Y,A,-,N,,,,,,,,,,Y,3,0,1,2,A,-,9,21801,A,N,A,C,A,A,H,-,A,D,0,,,,Y,Y,,F,26,0,1,0,0,0,0,0,0,0,- ,- ,33.17521,-117.67271,ALAMEDA,FREMONT,-121.9882799,37.50899998
8484751,2017,12/7/17,105,10/21/17,156,15102,1021,6,5,6,105,0,0,0,,0,3,FREMONT BL,MICHAEL AV,17,N,N,A,-,N,,,,,,,,,,Y,3,0,1,1,A,-,1,23152,A,N,E,I,A,A,H,-,C,A,0,,,,,Y,Y,A,1,0,1,0,0,0,0,0,0,0,- ,- ,33.18681,-117.64232,ALAMEDA,FREMONT,-121.9566145,37.52107244
8484755,2017,12/7/17,105,10/27/17,1813,14563,814,5,5,6,105,0,0,0,,0,1,STEVENSON BL,FREMONT BL,500,W,N,A,-,N,,,,,,,,,,N,4,0,1,3,A,-,4,21703,,N,C,C,A,A,H,-,B,A,0,,,,,Y,,A,1,0,0,1,0,0,0,0,0,0,- ,- ,33.20664,-117.65757,ALAMEDA,FREMONT,-121.9740585,37.53954886
8484759,2017,12/7/17,105,10/24/17,1135,14591,1006,2,5,6,105,0,0,0,,0,1,BLACOW RD,SHERWOOD ST,31,E,N,A,-,N,,,,,,,,,,N,3,0,1,1,C,-,18,,,N,F,A,A,A,H,-,A,A,0,,Y,,,Y,,-,- ,0,1,0,0,0,0,1,0,0,- ,- ,33.18903,-117.64918,ALAMEDA,FREMONT,-121.9636645,37.52330362
8484846,2017,12/1/17,105,10/30/17,1106,13916,681,1,5,6,105,0,0,0,,0,1,WALNUT AV,ROSS COM,131,W,N,A,-,N,,,,,,,,,,Y,3,0,2,2,A,-,9,21804,A,N,D,C,A,A,H,-,A,A,0,,,,,Y,,A,1,0,2,0,0,0,0,0,0,0,- ,- ,,,ALAMEDA,FREMONT,-121.984372,37.54352129
8485083,2017,12/7/17,105,11/1/17,655,14468,1128,3,5,6,105,0,0,0,,0,3,CUSHING PKWY,FREMONT BL,205,W,N,B,-,N,,,,,,,,,,N,4,0,1,2,A,-,9,21804,A,N,D,C,A,A,H,-,B,D,0,,,,,Y,,A,1,0,0,1,0,0,0,0,0,0,- ,- ,33.15625,-117.63554,ALAMEDA,FREMONT,-121.9492545,37.49045131
8485529,2017,6/28/18,105,10/10/17,719,14591,367,2,5,6,105,0,0,0,,0,1,RT 238,NILES BL,0,,Y,A,-,Y,ALA,4,238,-,-,3.65,H,-,S,Y,3,0,2,3,A,-,3,22350,,N,C,C,A,A,H,-,A,A,0,,,,,Y,,A,1,0,1,1,0,0,0,0,0,0,- ,- ,,,ALAMEDA,FREMONT,-121.9718053,37.57651597
8486657,2017,11/20/17,105,11/2/17,1948,14591,564,4,5,6,105,0,0,0,,0,2,MOWRY AV,FARWELL DR,509,E,N,A,-,N,,,,,,,,,,Y,3,0,1,2,A,-,9,21801,A,N,A,C,A,A,H,-,C,A,0,,,,,Y,,A,1,0,1,0,0,0,0,0,0,0,- ,- ,33.19971,-117.68402,ALAMEDA,FREMONT,-121.9999197,37.53465509
8487809,2017,6/29/18,105,10/23/17,1237,14591,709,1,5,6,105,0,0,0,,0,1,RT 238,RT 680,0,,Y,A,-,Y,ALA,4,238,-,-,0.03,H,-,N,Y,3,0,1,1,A,-,3,22350,,N,F,A,A,A,H,-,A,A,0,,,,Y,Y,,G,25,0,1,0,0,0,0,0,0,0,- ,SF,,,ALAMEDA,FREMONT,-121.9248904,37.54101051
8487892,2017,11/15/17,105,10/17/17,1603,14175,102,2,5,6,105,0,0,0,,0,0Z2,ARDENWOOD BL,RANCHO CT,0,,Y,A,-,N,,,,,,,,,,Y,3,0,1,1,A,-,1,23152,A,N,E,I,A,A,H,-,A,A,0,,,,,Y,Y,A,1,0,1,0,0,0,0,0,0,0,- ,- ,33.22755,-117.74334,ALAMEDA,FREMONT,-122.06458,37.5627599
8488899,2017,12/6/17,105,11/1/17,1139,11621,222,3,5,6,105,0,0,0,,0,2,ALVARADO BL,DEEP CREEK RD,29,S,N,A,-,N,,,,,,,,,,N,4,0,1,2,A,-,3,22350,,N,C,C,A,A,H,-,A,A,0,,,,Y,Y,,F,56,0,0,1,0,0,0,0,0,0,- ,- ,33.2467,-117.73029,ALAMEDA,FREMONT,-122.0505346,37.57964845
8488903,2017,6/8/18,105,11/3/17,1029,2909,1266,5,5,6,105,0,0,0,,0,3,RT 262,CURTNER RD,910,W,N,B,-,N,,,,,,,,,,N,4,0,1,2,A,-,3,22350,,N,C,C,A,A,H,-,A,D,0,,,,,Y,,A,7,0,0,1,0,0,0,0,0,0,- ,- ,,,ALAMEDA,FREMONT,,
8489670,2017,11/20/17,105,11/6/17,1658,15154,681,1,5,6,105,0,0,0,,0,1,FREMONT BL,WALNUT AV,28,S,N,A,-,N,,,,,,,,,,N,4,0,1,2,A,-,3,22350,,N,C,C,A,A,H,-,C,A,0,,,,Y,Y,,F,26,0,0,1,0,0,0,0,0,0,- ,- ,33.21171,-117.66657,ALAMEDA,FREMONT,-121.9825588,37.54556838
8489700,2017,12/12/17,105,10/25/17,1320,2799,1045,3,5,6,105,0,0,0,,0,3,STEVENSON BL,RT 880,34,W,N,A,-,N,,,,,,,,,,Y,3,0,1,2,A,-,7,21658,A,N,H,C,A,A,H,-,A,A,0,,,Y,,Y,,E,22,0,1,0,0,0,0,0,0,1,- ,NO,33.19047,-117.6705,ALAMEDA,FREMONT,-121.987715,37.52251751
8489956,2017,12/1/17,105,10/30/17,834,13915,674,1,5,6,105,0,0,0,,0,0P2,FREMONT BL,EGGERS DR,195,N,N,B,-,N,,,,,,,,,,Y,4,0,2,2,A,-,3,22350,,N,C,C,A,A,H,-,A,A,0,,,,,Y,,A,7,0,0,2,0,0,0,0,0,0,- ,- ,33.21889,-117.67934,ALAMEDA,FREMONT,-121.9968273,37.55289802
8489960,2017,12/1/17,105,10/26/17,1459,14175,173,4,5,6,105,0,0,0,,0,0Z2,MAYBIRD CIR,DEEP CREEK RD N,396,W,N,A,-,N,,,,,,,,,,N,3,0,1,2,A,-,11,21954,A,N,G,B,D,A,H,-,A,D,0,Y,,,,Y,,N,60,0,1,0,0,1,0,0,0,0,- ,- ,33.23078,-117.73071,ALAMEDA,FREMONT,-122.051891,37.56327261
8489964,2017,12/1/17,105,10/22/17,2059,14859,927,7,5,6,105,0,0,0,,0,3,AUTO MALL PKWY,OSGOOD RD,175,W,N,A,-,N,,,,,,,,,,N,4,0,2,2,A,-,7,21658,A,N,C,C,A,A,H,-,C,A,0,,,,,Y,,A,1,0,0,2,0,0,0,0,0,0,- ,- ,,,ALAMEDA,FREMONT,-121.9432152,37.5136818
8489968,2017,12/1/17,105,10/29/17,1445,13915,648,7,5,6,105,0,0,0,,0,0P2,FREMONT BL,MOWRY AV,471,N,N,A,-,N,,,,,,,,,,Y,4,0,1,2,A,-,3,22350,,N,C,C,A,A,H,-,A,A,0,,,,,Y,,A,7,0,0,1,0,0,0,0,0,0,- ,- ,33.21476,-117.67195,ALAMEDA,FREMONT,-121.9897415,37.5492464
8490180,2017,12/11/17,105,11/5/17,941,15153,1076,7,5,6,105,0,0,0,,0,0P3,AUTO MALL PKWY,CHRISTY ST,81,E,N,A,-,N,,,,,,,,,,N,4,0,1,2,A,-,21,22106,,N,C,C,A,A,H,-,A,A,0,,,,,Y,,A,1,0,0,1,0,0,0,0,0,0,- ,- ,33.1716,-117.65677,ALAMEDA,FREMONT,-121.9712919,37.50588217
8491198,2017,11/30/17,105,10/29/17,1927,14563,275,7,5,6,105,0,0,0,,0,2,WYNDHAM DR,FARADAY CT,41,W,N,A,-,N,,,,,,,,,,Y,4,0,1,2,A,-,3,22350,,F,C,E,A,A,H,-,C,D,0,,,,,Y,,-,,0,0,1,0,0,0,0,0,0,- ,- ,33.2405,-117.70746,ALAMEDA,FREMONT,-122.0264802,37.57377718
8493125,2017,7/6/18,105,11/9/17,1843,14592,544,4,5,6,105,0,0,0,,0,2,THORNTON AV,CONTRA COSTA AV,0,,Y,A,-,Y,ALA,4,84,-,-,7.57,I,5,N,N,3,0,3,2,A,-,12,21453,A,N,D,C,A,A,H,-,C,A,0,,,,,Y,,A,1,0,1,2,0,0,0,0,0,0,- ,- ,33.22145,-117.69806,ALAMEDA,FREMONT,-122.0161858,37.55471473
8493198,2017,7/6/18,105,11/2/17,2136,14591,385,4,5,6,105,0,0,0,,0,1,RT 238,WALNUT AV,50,N,N,A,-,Y,ALA,4,238,-,-,2.97,H,-,S,Y,3,0,1,1,A,-,8,22107,,N,E,I,A,A,H,-,C,A,0,,,,,Y,,A,1,0,1,0,0,0,0,0,0,0,- ,- ,33.23373,-117.64815,ALAMEDA,FREMONT,-121.9639136,37.56806665
8493219,2017,6/8/18,105,11/9/17,4,13913,,4,5,6,105,0,0,0,,0,,AUTO MALL PKWY,GRIMMER BL,400,W,N,B,C,N,,,,,,,,,,Y,4,0,2,1,A,-,3,22350,,N,E,I,A,B,H,-,C,A,0,,,,,Y,,A,1,0,0,2,0,0,0,0,0,0,- ,- ,,,ALAMEDA,FREMONT,-121.9642449,37.50878506
8493223,2017,7/6/18,105,11/6/17,825,15153,385,1,5,6,105,0,0,0,,0,0P1,RT 238,WALNUT AV,625,N,N,A,-,Y,ALA,4,238,-,-,2.88,H,-,S,N,3,0,1,2,A,-,17,21209,A,N,H,G,A,A,H,-,A,A,0,,Y,,,Y,,A,1,0,1,0,0,0,0,1,0,0,- ,- ,33.23133,-117.64619,ALAMEDA,FREMONT,-121.9629394,37.56698023
8493337,2017,6/28/18,105,10/26/17,1026,14564,1242,4,5,6,105,0,0,0,,0,3,RT 262,WARM SPRINGS BL,224,E,N,A,-,Y,ALA,4,262,-,R,0.69,H,-,N,N,4,0,1,2,A,-,3,22350,,N,C,C,A,A,H,-,A,A,0,,,,,Y,,A,1,0,0,1,0,0,0,0,0,0,- ,- ,33.15537,-117.61742,ALAMEDA,FREMONT,-121.9288429,37.49035921
8493341,2017,6/14/18,105,10/27/17,258,12759,488,5,5,6,105,0,0,0,,0,2,RT 84,BLACOW RD,0,,N,A,-,Y,ALA,4,880,-,-,8.675,R,4,N,Y,4,0,1,1,A,-,3,22350,,N,F,-,A,A,H,-,C,A,0,,,,,Y,Y,A,1,0,0,1,0,0,0,0,0,0,- ,- ,,,ALAMEDA,FREMONT,-122.021212,37.54476764
8493683,2017,12/14/17,105,11/13/17,924,13915,958,1,5,6,105,0,0,0,,0,0P3,PASEO PADRE PKWY,DURHAM RD,0,,Y,A,-,N,,,,,,,,,,Y,3,0,1,2,A,-,12,21453,A,N,D,C,A,A,H,-,A,A,0,,,,,Y,,A,1,0,1,0,0,0,0,0,0,0,- ,- ,33.1797,-117.61852,ALAMEDA,FREMONT,-121.93114,37.51430994
8493687,2017,1/17/18,105,11/13/17,2018,14563,222,1,5,6,105,0,0,0,,0,2,ALVARADO BL,DEEP CREEK RD,0,,Y,B,C,N,,,,,,,,,,Y,4,0,1,2,A,-,12,21453,A,N,D,C,A,B,H,-,C,A,0,,,,,Y,,-,- ,0,0,1,0,0,0,0,0,0,- ,- ,33.2467,-117.73029,ALAMEDA,FREMONT,-122.05062,37.57968989
8493752,2017,12/11/17,105,11/14/17,1632,2536,863,2,5,6,105,0,0,0,,0,1,BLACOW RD,BOONE DR,0,,Y,A,-,N,,,,,,,,,,N,3,0,1,2,A,-,10,21950,A,N,G,B,B,A,H,-,A,A,0,Y,,,,Y,,A,7,0,1,0,0,1,0,0,0,0,- ,- ,33.19602,-117.66986,ALAMEDA,FREMONT,-121.9858499,37.52985994
8493760,2017,12/11/17,105,11/13/17,1312,13915,601,1,5,6,105,0,0,0,,0,0P1,GALLAUDET DR,WALNUT AV,500,S,N,A,-,N,,,,,,,,,,Y,3,0,1,1,A,-,8,22107,,N,E,I,A,A,H,-,A,A,0,,,,,Y,,A,7,0,1,0,0,0,0,0,0,0,- ,- ,33.2272,-117.65235,ALAMEDA,FREMONT,-121.9668254,37.56015175
8494083,2017,11/21/17,105,11/2/17,1529,14175,648,4,5,6,105,0,0,0,,0,0Z1,MOWRY AV,FREMONT BL,0,,Y,A,-,N,,,,,,,,,,N,3,0,1,2,A,-,5,21650,,N,H,G,A,A,H,-,A,A,0,,Y,,,Y,,L,4,0,1,0,0,0,0,1,0,0,- ,- ,33.21476,-117.67195,ALAMEDA,FREMONT,-121.9883799,37.54853992
8494087,2017,11/21/17,105,11/3/17,1116,2696,640,5,5,6,105,0,0,0,,0,2,PASEO PADRE PKWY,EGGERS DR,975,S,N,A,-,N,,,,,,,,,,N,4,0,1,2,A,-,3,22350,,N,C,C,A,A,H,-,A,D,0,,,,,Y,,A,1,0,0,1,0,0,0,0,0,0,- ,- ,33.22483,-117.67436,ALAMEDA,FREMONT,-121.9883574,37.55718303
8494122,2017,11/21/17,105,10/31/17,852,2909,1156,2,5,6,105,0,0,0,,0,3,FREMONT BL,LAKEVIEW BL,0,,Y,A,-,N,,,,,,,,,,N,3,0,2,2,A,-,9,21802,A,N,D,C,A,A,H,-,A,A,0,,,,,Y,,A,7,0,2,0,0,0,0,0,0,0,- ,- ,33.13029,-117.6194,ALAMEDA,FREMONT,-121.9309799,37.46487996
8494126,2017,11/21/17,105,10/25/17,942,14591,287,3,5,6,105,0,0,0,,0,2,PASEO PADRE PKWY,ISHERWOOD WY,0,,Y,A,-,N,,,,,,,,,,Y,3,0,1,2,A,-,12,21453,A,N,D,C,A,A,H,-,A,A,0,,,,,Y,,A,1,0,1,0,0,0,0,0,0,0,- ,- ,33.23814,-117.69632,ALAMEDA,FREMONT,-122.01467,37.57156997
8494154,2017,11/21/17,105,11/1/17,1951,14175,909,3,5,6,105,0,0,0,,0,0Z1,PASEO PADRE PKWY,OLIVE AV,251,S,N,A,-,N,,,,,,,,,,Y,3,0,1,3,A,-,8,22107,,N,B,E,A,A,H,-,C,D,0,,,,,Y,,A,1,0,1,0,0,0,0,0,0,0,- ,- ,33.20034,-117.62476,ALAMEDA,FREMONT,-121.9379969,37.53424409
8494158,2017,11/21/17,105,11/8/17,1900,7438,927,3,5,6,105,0,0,0,,0,3,AUTO MALL PKWY,OSGOOD RD,50,E,N,C,-,N,,,,,,,,,,N,4,0,1,2,A,-,3,22350,,N,C,C,A,B,H,-,C,A,0,,,,,Y,,A,1,0,0,1,0,0,0,0,0,0,- ,- ,33.17938,-117.62936,ALAMEDA,FREMONT,-121.9424979,37.51391691
8494567,2017,6/8/18,105,10/30/17,743,13915,416,1,5,6,105,0,0,0,,0,0P2,THORTON AV,POST ST,0,,Y,B,-,N,,,,,,,,,,Y,3,0,1,2,A,-,9,21801,A,N,D,C,A,A,H,-,A,D,0,,,Y,,Y,,D,22,0,1,0,0,0,0,0,0,1,- ,- ,33.22831,-117.69285,ALAMEDA,FREMONT,-122.01081,37.56189992
8494845,2017,12/6/17,105,11/9/17,756,2909,944,4,5,6,105,0,0,0,,0,3,WASHINGTON BL,GALLEGOS AV,9,E,N,B,-,N,,,,,,,,,,N,3,0,1,2,A,-,10,21950,A,N,G,B,B,B,H,-,A,D,0,Y,,,,Y,,A,1,0,1,0,0,1,0,0,0,0,- ,- ,33.19762,-117.61684,ALAMEDA,FREMONT,-121.9297691,37.5322325
8494849,2017,12/6/17,105,11/10/17,926,14591,243,5,5,6,105,0,0,0,,0,2,BEARD RD,FREMONT BL,27,E,N,A,-,N,,,,,,,,,,N,4,0,1,2,A,-,3,22350,,N,C,C,A,A,H,-,A,A,0,,,,,Y,,A,1,0,0,1,0,0,0,0,0,0,- ,- ,33.24438,-117.72587,ALAMEDA,FREMONT,-122.0458011,37.57762313
8494853,2017,12/6/17,105,11/9/17,1506,11621,539,4,5,6,105,0,0,0,,0,2,CENTRAL AV,GLENMOOR DR,3,W,N,A,-,N,,,,,,,,,,N,3,0,1,2,A,-,12,21453,A,N,H,G,A,A,-,-,A,A,0,,Y,,,Y,,A,1,0,1,0,0,0,0,1,0,0,- ,- ,33.21524,-117.69254,ALAMEDA,FREMONT,-122.0100761,37.54878336
8495282,2017,12/1/17,105,10/5/17,2246,2536,1182,4,5,6,105,0,0,0,,0,3,KATO RD,AUBURN ST,311,S,N,A,-,N,,,,,,,,,,Y,2,0,1,2,A,-,1,23152,A,N,D,C,A,A,H,-,C,D,0,,,,Y,Y,Y,D,22,1,0,0,0,0,0,0,0,0,- ,- ,33.1459,-117.6218,ALAMEDA,FREMONT,-121.9336701,37.47963566
8495304,2017,1/3/18,105,11/13/17,813,13916,635,1,5,6,105,0,0,0,,0,1,RT 84,ARCHER AV,41,E,N,A,-,N,,,,,,,,,,Y,4,0,3,3,A,-,4,21703,,N,C,C,A,A,H,-,A,D,0,,,,,Y,,A,7,0,0,3,0,0,0,0,0,0,- ,- ,33.22849,-117.67289,ALAMEDA,FREMONT,-121.9895107,37.56233289
8495328,2017,12/7/17,105,11/13/17,336,15102,1188,1,5,6,105,0,0,0,,0,3,KATO RD,WARREN AV,1138,S,N,A,-,N,,,,,,,,,,Y,3,0,1,2,A,-,3,22350,,N,C,E,A,A,H,-,C,D,0,,,,Y,Y,,A,1,0,1,0,0,0,0,0,0,0,- ,- ,33.15094,-117.6199,ALAMEDA,FREMONT,-121.9344881,37.48352875
8495340,2017,12/7/17,105,11/18/17,1836,14175,266,6,5,6,105,0,0,0,,0,0Z2,FREMONT BL,BOXSTEAD COM,0,,Y,A,-,N,,,,,,,,,,Y,3,0,1,2,A,-,17,21461,A,F,C,D,A,A,H,-,C,A,0,,,Y,,Y,,D,22,0,1,0,0,0,0,0,0,1,- ,- ,,,ALAMEDA,FREMONT,-122.04399,37.5764599
8495443,2017,12/7/17,105,11/21/17,1100,13916,326,2,5,6,105,0,0,0,,0,1,NILES BL,D ST,108,N,N,A,-,N,,,,,,,,,,Y,3,0,1,2,A,-,8,22107,,N,B,E,A,A,H,-,A,D,0,,,,,Y,,A,1,0,1,0,0,0,0,0,0,0,- ,- ,33.24462,-117.66895,ALAMEDA,FREMONT,-121.986248,37.57857278