CASE_ID,ACCIDENT_YEAR,PROC_DATE,JURIS,COLLISION_DATE,COLLISION_TIME,OFFICER_ID,REPORTING_DISTRICT,DAY_OF_WEEK,CHP_SHIFT,POPULATION,CNTY_CITY_LOC,SPECIAL_COND,BEAT_TYPE,CHP_BEAT_TYPE,CITY_DIVISION_LAPD,CHP_BEAT_CLASS,BEAT_NUMBER,PRIMARY_RD,SECONDARY_RD,DISTANCE,DIRECTION,INTERSECTION,WEATHER_1,WEATHER_2,STATE_HWY_IND,CALTRANS_COUNTY,CALTRANS_DISTRICT,STATE_ROUTE,ROUTE_SUFFIX,POSTMILE_PREFIX,POSTMILE,LOCATION_TYPE,RAMP_INTERSECTION,SIDE_OF_HWY,TOW_AWAY,COLLISION_SEVERITY,NUMBER_KILLED,NUMBER_INJURED,PARTY_COUNT,PRIMARY_COLL_FACTOR,PCF_CODE_OF_VIOL,PCF_VIOL_CATEGORY,PCF_VIOLATION,PCF_VIOL_SUBSECTION,HIT_AND_RUN,TYPE_OF_COLLISION,MVIW,PED_ACTION,ROAD_SURFACE,ROAD_COND_1,ROAD_COND_2,LIGHTING,CONTROL_DEVICE,CHP_ROAD_TYPE,PEDESTRIAN_ACCIDENT,BICYCLE_ACCIDENT,MOTORCYCLE_ACCIDENT,TRUCK_ACCIDENT,NOT_PRIVATE_PROPERTY,ALCOHOL_INVOLVED,STWD_VEHTYPE_AT_FAULT,CHP_VEHTYPE_AT_FAULT,COUNT_SEVERE_INJ,COUNT_VISIBLE_INJ,COUNT_COMPLAINT_PAIN,COUNT_PED_KILLED,COUNT_PED_INJURED,COUNT_BICYCLIST_KILLED,COUNT_BICYCLIST_INJURED,COUNT_MC_KILLED,COUNT_MC_INJURED,PRIMARY_RAMP,SECONDARY_RAMP,LATITUDE,LONGITUDE,COUNTY,CITY,POINT_X,POINT_Y
8581292,2018,3/21/18,105,2/22/18,2132,14916,,4,5,6,105,0,0,0,,0,,AUTO MALL PKWY,SOUTHLAKE COM,0,,Y,A,-,N,,,,,,,,,,Y,4,0,2,2,A,-,9,21800,A,N,D,C,A,A,H,-,C,A,0,,,,,Y,,A,1,0,0,2,0,0,0,0,0,0,- ,- ,33.17618942,-117.6442795,ALAMEDA,FREMONT,-121.9584503,37.51060104
8581296,2018,3/26/18,105,2/27/18,806,13915,639,2,5,6,105,0,0,0,,0,0P2,PASEO PADRE PKWY,PARKSIDE DR,0,,Y,A,-,N,,,,,,,,,,Y,4,0,2,2,A,-,9,21802,A,N,D,C,A,A,H,-,A,A,0,,,,,Y,,A,1,0,0,2,0,0,0,0,0,0,- ,- ,33.22407913,-117.6730118,ALAMEDA,FREMONT,-121.9897308,37.55786133
8581300,2018,3/21/18,105,2/26/18,839,2498,815,1,5,6,105,0,0,0,,0,1,FREMONT BL,BIDWELL DR,9,S,N,C,-,N,,,,,,,,,,N,3,0,1,2,A,-,10,21950,A,N,G,B,B,B,H,-,A,A,0,Y,,,,Y,,A,7,0,1,0,0,1,0,0,0,0,- ,- ,33.20867157,-117.6611176,ALAMEDA,FREMONT,-121.9770126,37.54235077
8581369,2018,3/23/18,105,1/3/18,1042,14703,603,3,5,6,105,0,0,0,,0,0P1,MOWRY AV,CHERRY LN,0,,Y,A,-,N,,,,,,,,,,Y,4,0,1,2,A,-,8,22107,,N,B,C,A,A,H,-,A,A,0,,,,,Y,,A,1,0,0,1,0,0,0,0,0,0,- ,- ,33.23358917,-117.6566696,ALAMEDA,FREMONT,-121.9727097,37.56771088
8582748,2018,8/10/18,105,3/16/18,1459,13915,1078,5,5,6,105,0,0,0,,0,0P3,AUTO MALL PKWY,RT 880,0,,Y,C,-,Y,ALA,4,880,-,-,4.905,R,4,S,N,4,0,1,3,A,-,3,22350,,M,B,C,A,B,H,-,A,A,0,,,,,Y,,D,22,0,0,1,0,0,0,0,0,0,- ,SF,33.17250061,-117.6546097,ALAMEDA,FREMONT,-121.9701004,37.50929642
8582756,2018,8/10/18,105,3/8/18,708,14563,1177,4,5,6,105,0,0,0,,0,3,RT 262,KATO RD,8,E,N,A,-,Y,ALA,4,262,-,R,0.301,R,1,S,N,3,0,1,2,A,-,3,22350,,N,C,C,A,A,H,-,A,A,0,,,,,Y,,D,22,0,1,0,0,0,0,0,0,0,- ,- ,33.15055847,-117.6217804,ALAMEDA,FREMONT,-121.9333496,37.4863472
8582760,2018,3/28/18,105,3/16/18,1513,2909,923,5,5,6,105,0,0,0,,0,3,OSGOOD RD,BLACOW RD,300,S,N,A,-,N,,,,,,,,,,Y,4,0,1,3,A,-,4,21703,,N,C,C,A,A,H,-,A,D,0,,,,Y,Y,,F,26,0,0,1,0,0,0,0,0,0,- ,- ,33.19126892,-117.6357117,ALAMEDA,FREMONT,-121.9490662,37.52488327
8582768,2018,8/7/18,105,2/23/18,2241,13252,,5,5,6,105,0,0,0,,0,,MISSION BL,BROWN RD,0,,Y,A,-,Y,ALA,4,262,-,R,0.92,I,5,S,Y,4,0,9,2,A,-,9,21801,A,N,D,C,A,A,H,-,C,D,0,,,,,Y,,I,10,0,0,9,0,0,0,0,0,0,- ,- ,33.1588707,-117.6135025,ALAMEDA,FREMONT,-121.9255829,37.49351883
8582991,2018,3/26/18,105,3/5/18,1753,15187,966,1,5,6,105,0,0,0,,0,3,DRISCOLL RD,MISSION BL,41,W,N,A,-,N,,,,,,,,,,N,4,0,1,2,A,-,3,22350,,N,C,C,A,A,H,-,A,A,0,,,,,Y,,A,1,0,0,1,0,0,0,0,0,0,- ,- ,33.21530914,-117.6259537,ALAMEDA,FREMONT,-121.9400406,37.54967499
8583030,2018,3/26/18,105,3/14/18,939,13915,860,3,5,6,105,0,0,0,,0,0P1,BLACOW RD,COCO PALM DR,100,S,N,C,-,N,,,,,,,,,,Y,3,0,2,2,A,-,7,21658,A,N,B,C,A,B,H,-,A,D,0,,,,,Y,,A,7,0,1,1,0,0,0,0,0,0,- ,- ,33.19839096,-117.6741486,ALAMEDA,FREMONT,-121.9901733,37.5318985
8583034,2018,3/26/18,105,3/16/18,1449,13915,576,5,5,6,105,0,0,0,,0,0P2,BLACOW RD,CASTLEWOOD CMN,0,,Y,C,-,N,,,,,,,,,,N,3,0,1,2,A,-,5,21650,1,N,H,G,A,B,H,-,A,A,0,,Y,,,Y,,L,4,0,1,0,0,0,0,1,0,0,- ,- ,33.21010971,-117.694931,ALAMEDA,FREMONT,-122.0125809,37.54359818
8583038,2018,3/26/18,105,3/10/18,829,12745,1078,6,5,6,105,0,0,0,,0,3,AUTO MALL PKWY,GRIMMER BL,100,W,N,C,-,N,,,,,,,,,,Y,4,0,1,1,A,-,8,22107,,N,E,I,A,B,H,-,A,A,0,,,,,Y,,A,1,0,0,1,0,0,0,0,0,0,- ,- ,33.17506027,-117.6486969,ALAMEDA,FREMONT,-121.9633255,37.50916672
8584162,2018,3/30/18,105,3/14/18,1356,13916,1219,3,5,6,105,0,0,0,,0,3,MISSION BL,ANTELOPE DR,1200,N,N,B,-,N,,,,,,,,,,Y,4,0,2,4,A,-,3,22350,,N,C,C,A,B,H,-,A,D,0,,,,,Y,,A,1,0,0,2,0,0,0,0,0,0,- ,- ,33.17192078,-117.607811,ALAMEDA,FREMONT,-121.9197998,37.50995636
8584373,2018,3/29/18,105,3/13/18,1355,14563,1042,2,5,6,105,0,0,0,,0,1,STEVENSON BL,BLACOW RD,172,W,N,C,-,N,,,,,,,,,,N,4,0,1,2,A,-,3,22350,,F,C,C,A,B,H,-,A,D,0,,,,,Y,,A,1,0,0,1,0,0,0,0,0,0,- ,- ,33.19453049,-117.6672287,ALAMEDA,FREMONT,-121.9833603,37.52803421
8585819,2018,4/20/18,105,3/5/18,1427,14591,552,1,5,6,105,0,0,0,,0,2,CENTRAL AV,GLENMOOR DR,112,E,N,A,-,N,,,,,,,,,,Y,4,0,1,2,A,-,9,21804,A,N,C,C,A,A,H,-,A,A,0,,,,,Y,,A,1,0,0,1,0,0,0,0,0,0,- ,- ,33.21524048,-117.692543,ALAMEDA,FREMONT,-122.0098495,37.54904556
8585978,2018,4/13/18,105,2/24/18,1411,14591,866,6,5,6,105,0,0,0,,0,1,STEVENSON BL,SUNDALE DR,45,W,N,A,-,N,,,,,,,,,,N,4,0,1,2,A,-,21,22106,,F,C,C,A,A,H,-,A,A,0,,,,,Y,,A,1,0,0,1,0,0,0,0,0,0,- ,- ,,,ALAMEDA,FREMONT,-121.982048,37.53018188
8586706,2018,8/10/18,105,3/8/18,720,2909,322,4,5,6,105,0,0,0,,0,1,RT 238,GURDWARA RD,90,S,N,A,-,Y,ALA,4,238,-,-,5.21,H,-,N,Y,3,0,3,3,A,-,3,22350,,N,C,C,A,A,H,-,A,A,0,,,,,Y,,A,7,0,1,2,0,0,0,0,0,0,- ,- ,33.25188065,-117.6792068,ALAMEDA,FREMONT,-121.9965668,37.585495
8587480,2018,5/17/18,105,5/6/18,2308,14703,272,7,5,6,105,0,0,0,,0,2,DECOTO RD,PASEO PADRE PKWY,105,E,N,A,-,N,,,,,,,,,,Y,4,0,1,2,A,-,1,23153,A,N,C,C,A,A,H,-,C,A,0,,,,,Y,Y,A,1,0,0,1,0,0,0,0,0,0,- ,- ,33.24351883,-117.707901,ALAMEDA,FREMONT,-122.0268631,37.57712173
8588019,2018,5/4/18,105,4/20/18,1342,2536,1067,5,5,6,105,0,0,0,,0,3,AUTO MALL PKWY,GRIMMER BL,110,E,N,A,-,N,,,,,,,,,,N,4,0,1,2,A,-,3,22350,,N,C,C,A,A,H,-,A,A,0,,,,,Y,,J,48,0,0,1,0,0,0,0,0,0,- ,- ,33.17506027,-117.6486969,ALAMEDA,FREMONT,-121.9626846,37.50943375
8588749,2018,8/10/18,105,3/14/18,16,14853,1242,3,5,6,105,0,0,0,,0,3,MISSION BL,MOHAVE DR,0,,Y,B,C,Y,ALA,4,262,-,R,0.82,I,5,N,Y,4,0,2,2,A,-,12,21453,A,N,D,C,A,B,H,-,C,A,0,,,,,Y,,-,- ,0,0,2,0,0,0,0,0,0,- ,- ,33.15740967,-117.6147995,ALAMEDA,FREMONT,-121.9268036,37.4919281
8589283,2018,4/6/18,105,3/11/18,119,14774,113,7,5,6,105,0,0,0,,0,2,PASEO PADRE PKWY,KAISER DR,0,,Y,E,-,N,,,,,,,,,,Y,3,0,1,1,A,-,8,22107,,N,E,I,A,A,H,-,C,D,0,,,,,Y,,D,22,0,1,0,0,0,0,0,0,0,- ,- ,,,ALAMEDA,FREMONT,-122.0697632,37.54906845
8589287,2018,4/6/18,105,3/16/18,838,14306,1066,5,5,6,105,0,0,0,,0,3,AUTO MALL PKWY,GRIMMER BL,40,W,N,C,-,N,,,,,,,,,,N,4,0,2,2,A,-,4,21703,,N,C,C,A,B,H,-,A,A,0,,,,,Y,,D,82,0,0,2,0,0,0,0,0,0,- ,- ,,,ALAMEDA,FREMONT,-121.9631424,37.50924301
8589425,2018,4/5/18,105,3/25/18,1239,2536,2,7,5,6,105,0,0,0,,0,2,CENTRAL AV,DUSTERBERRY WY,230,E,N,A,-,N,,,,,,,,,,Y,3,0,2,2,A,-,9,21804,A,N,D,C,A,A,H,-,A,D,0,,,,,Y,,A,1,0,1,1,0,0,0,0,0,0,- ,- ,33.21878052,-117.6893387,ALAMEDA,FREMONT,-122.0066605,37.55290222
8591075,2018,4/9/18,105,3/19/18,1433,14306,1081,1,5,6,105,0,0,0,,0,3,FREMONT BL,ICE HOUSE TER,0,,Y,A,-,N,,,,,,,,,,Y,4,0,2,2,A,-,12,21453,A,N,D,C,A,A,H,-,A,A,0,,,,,Y,,A,1,0,0,2,0,0,0,0,0,0,- ,- ,33.17612839,-117.6365128,ALAMEDA,FREMONT,-121.9502335,37.5104599
8592898,2018,4/6/18,105,2/26/18,1757,14563,647,1,5,6,105,0,0,0,,0,2,FREMONT BL,MOWRY AV,0,,Y,C,-,N,,,,,,,,,,N,3,0,1,2,A,-,5,21650,1,N,H,G,A,B,H,-,C,B,0,,Y,,,Y,,L,4,0,1,0,0,0,0,1,0,0,- ,- ,33.21475983,-117.6719513,ALAMEDA,FREMONT,-121.9883804,37.54853821
8593021,2018,4/9/18,105,3/21/18,1249,13916,1066,3,5,6,105,0,0,0,,0,3,AUTO MALL PKWY,S GRIMMER BL,0,,Y,A,-,N,,,,,,,,,,Y,4,0,1,2,A,-,12,21453,A,N,D,C,A,B,H,-,A,A,0,,,,,Y,,A,8,0,0,1,0,0,0,0,0,0,- ,- ,33.17506027,-117.6486969,ALAMEDA,FREMONT,-121.9630203,37.50928879
8593446,2018,8/10/18,105,3/22/18,639,13916,213,4,5,6,105,0,0,0,,0,2,FREMONT BL,RT 880,0,,Y,C,-,Y,ALA,4,880,-,-,3.465,R,4,N,N,4,0,1,2,A,-,3,22350,,N,C,C,A,B,H,-,A,A,0,,,,,Y,,A,1,0,0,1,0,0,0,0,0,0,- ,NO,33.158741,-117.6352921,ALAMEDA,FREMONT,-121.9511261,37.49487686
8594850,2018,4/24/18,105,3/28/18,930,14309,1081,3,5,6,105,0,0,0,,0,3,FREMONT BL,OLD WARM SPRINGS BL,0,,Y,A,-,N,,,,,,,,,,N,3,0,2,2,A,-,3,22350,,N,C,C,A,A,H,-,A,A,0,,,,,Y,,A,1,0,1,1,0,0,0,0,0,0,- ,- ,33.17475891,-117.6361084,ALAMEDA,FREMONT,-121.9497223,37.50907898
8594854,2018,4/24/18,105,3/23/18,1410,14591,1066,5,5,6,105,0,0,0,,0,3,GRIMMER BL,AUTO MALL PKWY,430,N,N,A,-,N,,,,,,,,,,Y,2,0,1,2,A,-,9,21801,A,N,D,C,A,A,H,-,A,A,0,,,Y,,Y,,A,1,1,0,0,0,0,0,0,0,1,- ,- ,33.17506027,-117.6486969,ALAMEDA,FREMONT,-121.9637299,37.51032639
8594858,2018,4/24/18,105,3/17/18,2016,14591,926,6,5,6,105,0,0,0,,0,3,OSGOOD RD,OSGOOD CT,0,,Y,A,-,N,,,,,,,,,,N,4,0,1,2,A,-,9,21802,A,F,H,G,A,A,H,-,C,A,0,,Y,,,Y,,L,4,0,0,1,0,0,0,1,0,0,- ,- ,33.18133163,-117.6304092,ALAMEDA,FREMONT,-121.9437485,37.51575089
8594903,2018,4/23/18,105,4/5/18,2022,14563,1173,4,5,6,105,0,0,0,,0,3,WARM SPRINGS BL,WARM SPRINGS CT,0,,Y,C,-,N,,,,,,,,,,N,3,0,1,2,A,-,10,21950,A,N,G,B,B,B,H,-,C,D,0,Y,,,,Y,,A,1,0,1,0,0,1,0,0,0,0,- ,- ,33.16109848,-117.6211777,ALAMEDA,FREMONT,-121.9341202,37.49670029
8594907,2018,4/23/18,105,4/11/18,808,2536,866,3,5,6,105,0,0,0,,0,1,STEVENSON BL,SUNDALE DR,203,E,N,B,-,N,,,,,,,,,,Y,3,0,1,3,A,-,4,21703,,N,C,C,A,A,H,-,A,D,0,,,,,Y,,A,1,0,1,0,0,0,0,0,0,0,- ,- ,33.19607162,-117.6660233,ALAMEDA,FREMONT,-121.9815216,37.53054047
8594911,2018,4/23/18,105,4/7/18,608,13916,1175,6,5,6,105,0,0,0,,0,3,FREMONT BL,INDUSTRIAL DR,15,N,N,C,-,N,,,,,,,,,,N,3,0,1,2,A,-,11,21456,B,N,G,B,B,B,H,-,C,A,0,Y,,,,Y,,N,60,0,1,0,0,1,0,0,0,0,- ,- ,33.16281128,-117.6352234,ALAMEDA,FREMONT,-121.9485321,37.49714279
8594915,2018,4/23/18,105,4/9/18,1845,2536,610,1,5,6,105,0,0,0,,0,1,WALNUT AV,LAKEFRONT CIR,0,,Y,A,-,N,,,,,,,,,,Y,4,0,1,2,A,-,9,21801,A,N,D,C,A,A,H,-,A,D,0,,,Y,,Y,,A,1,0,0,1,0,0,0,0,0,1,- ,- ,,,ALAMEDA,FREMONT,-121.9726105,37.55833054
8594919,2018,4/23/18,105,4/12/18,1517,14175,1122,4,5,6,105,0,0,0,,0,0Z3,PACIFIC COMMONS BL,CURIE ST,0,,Y,B,-,N,,,,,,,,,,Y,3,0,2,2,A,-,9,21801,A,N,D,C,A,A,H,-,A,A,0,,,,,Y,,A,1,0,1,1,0,0,0,0,0,0,- ,- ,33.16793823,-117.6563034,ALAMEDA,FREMONT,-121.9708023,37.50202942
8594923,2018,4/23/18,105,4/1/18,2137,14175,874,7,5,6,105,0,0,0,,0,0Z1,BLACOW RD,MOWRY AV,9,S,N,A,-,N,,,,,,,,,,N,3,0,1,2,A,-,10,21950,A,F,G,B,B,A,H,-,C,A,0,Y,,,,Y,,A,7,0,1,0,0,1,0,0,0,0,- ,- ,33.20264053,-117.6816788,ALAMEDA,FREMONT,-121.9985046,37.53635788
8595384,2018,5/4/18,105,4/2/18,1050,14175,1245,1,5,6,105,0,0,0,,0,0Z3,WARM SPRINGS BL,WARREN AV,15,N,N,B,-,N,,,,,,,,,,N,4,0,1,2,D,-,0,,,N,C,C,A,A,H,-,A,A,0,,,,,Y,,-,- ,0,0,1,0,0,0,0,0,0,- ,- ,33.15245819,-117.6159668,ALAMEDA,FREMONT,-121.9280319,37.48714828
8596252,2018,4/17/18,105,3/30/18,1625,14563,801,5,5,6,105,0,0,0,,0,1,DRISCOLL RD,CARMEN ST,13,W,N,A,-,N,,,,,,,,,,N,4,0,1,2,A,-,9,21804,A,N,G,B,F,A,H,-,A,D,0,Y,,,,Y,,D,22,0,0,1,0,1,0,0,0,0,- ,- ,33.20301056,-117.6374664,ALAMEDA,FREMONT,-121.9517059,37.53729248
8596362,2018,5/8/18,105,3/28/18,1110,13915,623,3,5,6,105,0,0,0,,0,0P1,CIVIC CENTER DR,WALNUT AV,40,S,N,A,-,N,,,,,,,,,,N,4,0,3,3,A,-,21,22106,,N,C,C,A,A,H,-,A,A,0,,,,,Y,,A,7,0,0,3,0,0,0,0,0,0,- ,- ,33.22018814,-117.6601715,ALAMEDA,FREMONT,-121.9759598,37.55413437
8596406,2018,4/26/18,105,4/2/18,1830,2536,1175,1,5,6,105,0,0,0,,0,3,KATO RD,LIGHTPOLE #202727,325,W,N,A,-,N,,,,,,,,,,Y,3,0,2,2,A,-,9,21804,A,N,D,C,A,A,H,-,A,D,0,,,,,Y,,A,7,0,1,1,0,0,0,0,0,0,- ,- ,,,ALAMEDA,FREMONT,,
8596414,2018,5/8/18,105,4/4/18,1622,14175,537,3,5,6,105,0,0,0,,0,0Z2,CENTRAL AV,LOGAN DR,0,,Y,B,-,N,,,,,,,,,,Y,3,0,2,2,A,-,12,21453,A,N,D,D,A,A,H,-,A,A,0,,,,,Y,,-,- ,0,1,1,0,0,0,0,0,0,- ,- ,33.21683884,-117.6911774,ALAMEDA,FREMONT,-122.0086823,37.5504303
8596421,2018,4/19/18,105,4/6/18,958,13916,953,5,5,6,105,0,0,0,,0,3,PASEO PADRE PKWY,VISTA DEL MAR,45,S,N,C,-,N,,,,,,,,,,Y,4,0,2,2,A,-,3,22350,,N,C,C,A,B,H,-,A,A,0,,,,,Y,,A,1,0,0,2,0,0,0,0,0,0,- ,- ,33.19169998,-117.6166534,ALAMEDA,FREMONT,-121.9294281,37.52619553
8596425,2018,8/23/18,105,4/6/18,1529,13916,1078,5,5,6,105,0,0,0,,0,3,AUTO MALL PKWY,RT 880,100,E,N,C,-,Y,ALA,4,880,-,R,4.905,R,4,S,Y,4,0,1,4,A,-,3,22350,,N,B,C,A,B,H,-,A,A,0,,,,,Y,,A,7,0,0,1,0,0,0,0,0,0,- ,SF,33.17250061,-117.6546097,ALAMEDA,FREMONT,-121.9737091,37.51218414
8596530,2018,4/20/18,105,3/17/18,1629,14591,641,6,5,6,105,0,0,0,,0,1,MOWRY AV,PASEO PADRE PKWY,0,,Y,A,-,N,,,,,,,,,,Y,3,0,1,2,A,-,12,21453,A,N,D,C,A,A,H,-,A,A,0,,,,,Y,,A,1,0,1,0,0,0,0,0,0,0,- ,- ,33.22080994,-117.6670837,ALAMEDA,FREMONT,-121.9833527,37.55471802
8596534,2018,4/20/18,105,3/29/18,739,13916,640,4,5,6,105,0,0,0,,0,2,PASEO PADRE PKWY,COUNTRY DR,183,N,N,A,-,N,,,,,,,,,,Y,4,0,1,3,A,-,3,22350,,N,C,C,A,A,H,-,A,A,0,,,,,Y,,A,1,0,0,1,0,0,0,0,0,0,- ,- ,33.22286987,-117.6707306,ALAMEDA,FREMONT,-121.9878464,37.55693436
8596538,2018,4/20/18,105,3/31/18,1517,14591,845,6,5,6,105,0,0,0,,0,1,GRIMMER BL,WESTERIA CMN,8,E,N,A,-,N,,,,,,,,,,N,4,0,1,2,A,-,5,21650,1,N,A,G,A,A,H,-,A,A,0,,Y,,,Y,,L,4,0,0,1,0,0,0,1,0,0,- ,- ,,,ALAMEDA,FREMONT,-121.9681549,37.53303909
8596547,2018,4/17/18,105,3/29/18,1330,13915,455,4,5,6,105,0,0,0,,0,0P2,FREMONT BL,THORNTON AV,138,N,N,A,-,N,,,,,,,,,,Y,3,0,3,2,A,-,9,21804,A,N,D,C,A,A,H,-,A,A,0,,,,,Y,,A,1,0,1,2,0,0,0,0,0,0,- ,- ,33.22706985,-117.6938705,ALAMEDA,FREMONT,-122.0122757,37.56081772
8596551,2018,4/17/18,105,3/27/18,2112,14898,638,2,5,6,105,0,0,0,,0,,PERALTA BL,PASEO PADRE PKWY,0,,Y,A,-,N,,,,,,,,,,Y,4,0,1,2,A,-,3,22350,,N,C,C,A,A,H,-,C,D,0,,,,,Y,,A,1,0,0,1,0,0,0,0,0,0,- ,- ,33.22742081,-117.6781082,ALAMEDA,FREMONT,-121.9952011,37.56113815
8596555,2018,4/17/18,105,3/28/18,1026,13915,1066,3,5,6,105,0,0,0,,0,0P3,AUTO MALL PKWY,GRIMMER BL,82,W,N,A,-,N,,,,,,,,,,Y,4,0,2,2,A,-,21,22106,,N,C,C,A,A,H,-,A,A,0,,,,,Y,,A,7,0,0,2,0,0,0,0,0,0,- ,- ,33.17506027,-117.6486969,ALAMEDA,FREMONT,-121.9632721,37.50918961
8596801,2018,8/8/18,105,3/15/18,2152,14563,1078,4,5,6,105,0,0,0,,0,3,AUTO MALL PKWY,RT 880,0,,Y,B,-,Y,ALA,4,880,-,-,4.905,R,4,S,Y,3,0,1,2,A,-,12,21453,A,N,D,C,A,B,H,-,C,A,0,,,,,Y,,A,1,0,1,0,0,0,0,0,0,0,- ,SF,,,ALAMEDA,FREMONT,-121.9701004,37.50929642
8596894,2018,4/16/18,105,3/9/18,2022,14175,867,5,5,6,105,0,0,0,,0,0Z1,BLACOW RD,STEVENSON BL,230,S,N,B,-,N,,,,,,,,,,Y,3,0,1,2,A,-,3,22350,,M,C,C,A,A,H,-,C,A,0,,,,,Y,Y,A,1,0,1,0,0,0,0,0,0,0,- ,- ,33.19453049,-117.6672287,ALAMEDA,FREMONT,-121.9823685,37.52809143
8599692,2018,4/26/18,105,3/30/18,1710,14591,564,5,5,6,105,0,0,0,,0,2,MOWRY AV,BLACOW RD,399,W,N,A,-,N,,,,,,,,,,N,3,0,1,2,A,-,5,21650,1,N,A,G,A,A,H,-,A,A,0,,Y,,,Y,,L,4,0,1,0,0,0,0,1,0,0,- ,- ,33.20264053,-117.6816788,ALAMEDA,FREMONT,-121.9992752,37.53544998
8601688,2018,7/27/18,105,4/16/18,1501,14563,273,1,5,6,105,0,0,0,,0,2,FREMONT BL,RT 84,1120,S,N,C,-,N,,,,,,,,,,N,4,0,2,2,A,-,4,21703,,N,C,C,A,B,H,-,A,D,0,,,,,Y,,A,8,0,0,2,0,0,0,0,0,0,- ,- ,,,ALAMEDA,FREMONT,-122.0084534,37.55895996
8604468,2018,5/8/18,105,4/13/18,1601,14591,1258,5,5,6,105,0,0,0,,0,3,WARM SPRINGS BL,STARLITE WY,318,S,N,A,-,N,,,,,,,,,,Y,3,0,1,1,C,-,18,,,N,E,I,A,A,H,-,A,A,0,,,,,Y,,-,- ,0,1,0,0,0,0,0,0,0,- ,- ,33.13793945,-117.6084137,ALAMEDA,FREMONT,-121.9192352,37.47184753
8604476,2018,8/23/18,105,4/13/18,1642,14591,1075,5,5,6,105,0,0,0,,0,3,AUTO MALL PKWY,RT 880,77,W,N,A,-,Y,ALA,4,880,-,-,4.53,R,4,N,N,4,0,2,3,A,-,3,22350,,N,C,C,A,A,H,-,A,A,0,,,,,Y,,A,7,0,0,2,0,0,0,0,0,0,- ,NF,33.17398834,-117.6512299,ALAMEDA,FREMONT,-121.9649429,37.50554657
8604539,2018,5/9/18,105,4/30/18,1733,14563,641,1,5,6,105,0,0,0,,0,2,PASEO PADRE PKWY,COUNTRY DR,0,,Y,A,-,N,,,,,,,,,,Y,4,0,1,2,A,-,9,21801,A,N,A,C,A,A,H,-,A,A,0,,,,,Y,,A,7,0,0,1,0,0,0,0,0,0,- ,- ,33.22286987,-117.6707306,ALAMEDA,FREMONT,-121.9873123,37.55667114
8606905,2018,5/9/18,105,4/29/18,1007,13915,1075,7,5,6,105,0,0,0,,0,0P3,AUTO MALL PKWY,CHRISTY ST,0,,Y,A,-,N,,,,,,,,,,Y,4,0,1,3,A,-,12,21453,A,N,D,C,A,A,H,-,A,A,0,,,,,Y,,A,8,0,0,1,0,0,0,0,0,0,- ,- ,33.17160034,-117.6567688,ALAMEDA,FREMONT,-121.9715424,37.50577927
8606909,2018,5/9/18,105,4/22/18,1535,14563,761,7,5,6,105,0,0,0,,0,1,DRISCOLL RD,AMAPOLA DR,0,,Y,A,-,N,,,,,,,,,,Y,4,0,2,2,A,-,17,21451,A,N,D,C,A,A,H,-,A,D,0,,,,,Y,,A,7,0,0,2,0,0,0,0,0,0,- ,- ,33.2121315,-117.6291199,ALAMEDA,FREMONT,-121.9431686,37.54655838
8607049,2018,8/23/18,105,5/2/18,1929,14563,367,3,5,6,105,0,0,0,,0,1,RT 84,PALOMARES RD,1800,W,N,A,-,Y,ALA,4,84,-,-,12.66,H,-,S,Y,4,0,1,1,C,-,18,,,N,E,I,A,A,H,-,A,D,0,,,,,Y,,-,- ,0,0,1,0,0,0,0,0,0,- ,- ,,,ALAMEDA,FREMONT,-121.9521942,37.59704208
8609585,2018,5/14/18,105,4/22/18,756,13916,385,7,5,6,105,0,0,0,,0,1,MISSION BL,WALNUT AV,0,,Y,A,-,N,,,,,,,,,,Y,3,0,2,2,A,-,12,21453,A,N,D,C,A,A,H,-,A,A,0,,,,,Y,,-,- ,0,2,0,0,0,0,0,0,0,- ,- ,33.23133087,-117.6461868,ALAMEDA,FREMONT,-121.9615936,37.56549072
8609589,2018,5/10/18,105,4/19/18,1424,14565,874,4,5,6,105,0,0,0,,0,1,MOWRY AV,BLACOW RD,0,,Y,A,-,N,,,,,,,,,,Y,4,0,2,2,A,-,3,22350,,N,C,C,A,A,H,-,A,A,0,,,,Y,Y,,A,1,0,0,2,0,0,0,0,0,0,- ,- ,33.20264053,-117.6816788,ALAMEDA,FREMONT,-121.9985275,37.53636932
8609681,2018,5/2/18,105,4/14/18,1206,13915,997,6,5,6,105,0,0,0,,0,0P3,MISSION BL,MILL CREEK RD,0,,Y,A,-,N,,,,,,,,,,N,3,0,1,2,A,-,17,21209,A,N,D,C,A,A,H,-,A,A,0,,,Y,,Y,,A,1,0,1,0,0,0,0,0,0,1,- ,- ,33.20294189,-117.60952,ALAMEDA,FREMONT,-121.9222336,37.53763962
8609685,2018,5/2/18,105,4/17/18,1746,13142,412,2,5,6,105,0,0,0,,0,2,PASEO PADRE PKWY,THORNTON AV,22,S,N,A,-,N,,,,,,,,,,N,4,0,1,2,A,-,4,21703,A,N,C,C,A,A,H,-,A,A,0,,,,,Y,,A,7,0,0,1,0,0,0,0,0,0,- ,- ,33.23101044,-117.6894989,ALAMEDA,FREMONT,-122.0666351,37.53878784