CASE_ID,ACCIDENT_YEAR,PROC_DATE,JURIS,COLLISION_DATE,COLLISION_TIME,OFFICER_ID,REPORTING_DISTRICT,DAY_OF_WEEK,CHP_SHIFT,POPULATION,CNTY_CITY_LOC,SPECIAL_COND,BEAT_TYPE,CHP_BEAT_TYPE,CITY_DIVISION_LAPD,CHP_BEAT_CLASS,BEAT_NUMBER,PRIMARY_RD,SECONDARY_RD,DISTANCE,DIRECTION,INTERSECTION,WEATHER_1,WEATHER_2,STATE_HWY_IND,CALTRANS_COUNTY,CALTRANS_DISTRICT,STATE_ROUTE,ROUTE_SUFFIX,POSTMILE_PREFIX,POSTMILE,LOCATION_TYPE,RAMP_INTERSECTION,SIDE_OF_HWY,TOW_AWAY,COLLISION_SEVERITY,NUMBER_KILLED,NUMBER_INJURED,PARTY_COUNT,PRIMARY_COLL_FACTOR,PCF_CODE_OF_VIOL,PCF_VIOL_CATEGORY,PCF_VIOLATION,PCF_VIOL_SUBSECTION,HIT_AND_RUN,TYPE_OF_COLLISION,MVIW,PED_ACTION,ROAD_SURFACE,ROAD_COND_1,ROAD_COND_2,LIGHTING,CONTROL_DEVICE,CHP_ROAD_TYPE,PEDESTRIAN_ACCIDENT,BICYCLE_ACCIDENT,MOTORCYCLE_ACCIDENT,TRUCK_ACCIDENT,NOT_PRIVATE_PROPERTY,ALCOHOL_INVOLVED,STWD_VEHTYPE_AT_FAULT,CHP_VEHTYPE_AT_FAULT,COUNT_SEVERE_INJ,COUNT_VISIBLE_INJ,COUNT_COMPLAINT_PAIN,COUNT_PED_KILLED,COUNT_PED_INJURED,COUNT_BICYCLIST_KILLED,COUNT_BICYCLIST_INJURED,COUNT_MC_KILLED,COUNT_MC_INJURED,PRIMARY_RAMP,SECONDARY_RAMP,LATITUDE,LONGITUDE,COUNTY,CITY,POINT_X,POINT_Y
8609746,2018,5/1/18,105,4/17/18,1909,14175,336,2,5,6,105,0,0,0,,0,0Z1,NILES BL,LINDA DR,500,N,N,A,-,N,,,,,,,,,,N,3,0,1,2,A,-,3,22350,,N,C,G,A,A,H,-,B,D,0,,Y,,,Y,,A,1,0,1,0,0,0,0,1,0,0,- ,- ,33.24753952,-117.6809082,ALAMEDA,FREMONT,-122.0021133,37.58203125
8609750,2018,5/1/18,105,4/17/18,1944,13142,580,2,5,6,105,0,0,0,,0,2,CENTRAL AV,BLACOW RD,123,E,N,A,-,N,,,,,,,,,,Y,4,0,1,2,A,-,7,21658,A,N,B,C,A,A,H,-,A,A,0,,,,,Y,,A,1,0,0,1,0,0,0,0,0,0,- ,- ,33.21073151,-117.6960602,ALAMEDA,FREMONT,-122.0135117,37.54449463
8609754,2018,5/1/18,105,4/17/18,756,14565,740,2,5,6,105,0,0,0,,0,1,MISSION BL,LAS PALMAS AV,0,,Y,A,-,N,,,,,,,,,,Y,4,0,1,2,A,-,9,21800,D,N,D,C,A,A,H,-,A,B,0,,,,,Y,,-,- ,0,0,1,0,0,0,0,0,0,- ,- ,33.22351837,-117.6377487,ALAMEDA,FREMONT,-121.9525528,37.55778885
8609758,2018,10/22/18,105,4/13/18,920,13915,1187,5,5,6,105,0,0,0,,0,0P3,KATO RD,KATO TER,0,,Y,A,-,N,,,,,,,,,,N,3,0,2,2,A,-,9,21801,A,N,D,C,A,A,H,-,A,D,0,,,,,Y,,A,1,0,1,1,0,0,0,0,0,0,- ,- ,33.12796021,-117.6066818,ALAMEDA,FREMONT,-121.9174881,37.46266937
8610298,2018,5/4/18,105,4/3/18,656,14309,944,2,5,6,105,0,0,0,,0,3,GALLEGOS AV,GLENHILL CT,220,S,N,B,-,N,,,,,,,,,,Y,3,0,1,1,A,-,1,23152,A,N,E,I,A,A,H,-,B,D,0,,,,,Y,Y,A,1,0,1,0,0,0,0,0,0,0,- ,- ,,,ALAMEDA,FREMONT,-121.9291229,37.52811813
8610302,2018,5/4/18,105,4/6/18,1957,14591,1122,5,5,6,105,0,0,0,,0,3,PACIFIC COMMONS BL,BRAUN ST,0,,Y,C,-,N,,,,,,,,,,Y,4,0,1,2,A,-,1,23152,A,N,D,C,A,B,H,-,A,A,0,,,,,Y,Y,A,7,0,0,1,0,0,0,0,0,0,- ,- ,,,ALAMEDA,FREMONT,-121.973159,37.503877
8610484,2018,5/10/18,105,4/12/18,1651,15102,287,4,5,6,105,0,0,0,,0,2,PASEO PADRE PKWY,ISHERWOOD WY,678,S,N,A,-,N,,,,,,,,,,Y,4,0,1,3,A,-,3,22350,,N,C,C,A,A,H,-,A,A,0,,,,,Y,,A,1,0,0,1,0,0,0,0,0,0,- ,- ,33.23814011,-117.6963196,ALAMEDA,FREMONT,-122.0127335,37.57052612
8610488,2018,5/10/18,105,4/20/18,624,7338,564,5,5,6,105,0,0,0,,0,2,MOWRY AV,BLACOW RD,22,W,N,A,-,N,,,,,,,,,,N,4,0,1,2,A,-,3,22350,,N,C,C,A,A,H,-,A,A,0,,,,,Y,,A,1,0,0,1,0,0,0,0,0,0,- ,- ,33.20264053,-117.6816788,ALAMEDA,FREMONT,-121.9985733,37.53631973
8610565,2018,5/9/18,105,4/12/18,1805,14613,866,4,5,6,105,0,0,0,,0,0Z1,STEVENSON BL,SUNDALE DR,13,W,N,A,-,N,,,,,,,,,,N,4,0,1,2,A,-,3,22350,,N,C,C,A,A,H,-,A,A,0,,,,,Y,,A,1,0,0,1,0,0,0,0,0,0,- ,- ,33.19607162,-117.6660233,ALAMEDA,FREMONT,-121.982048,37.53018188
8610569,2018,5/9/18,105,4/26/18,820,11621,,4,5,6,105,0,0,0,,0,,WASHINGTON BL,MEREDITH DR,0,,Y,B,-,N,,,,,,,,,,Y,3,0,3,2,A,-,12,21453,A,N,D,C,A,A,H,-,A,A,0,,,,,Y,,A,7,0,1,2,0,0,0,0,0,0,- ,- ,33.19765091,-117.6316071,ALAMEDA,FREMONT,-121.9454269,37.53194046
8610573,2018,5/9/18,105,4/24/18,1547,14563,879,2,5,6,105,0,0,0,,0,1,BLACOW RD,CALAVERAS AV,407,N,N,A,-,N,,,,,,,,,,N,3,0,1,1,A,-,5,21650,,N,E,I,A,A,H,-,A,D,0,,,,,Y,,I,9,0,1,0,0,0,0,0,0,0,- ,- ,33.20085144,-117.6784668,ALAMEDA,FREMONT,-121.9960556,37.53524017
8610577,2018,5/9/18,105,4/27/18,915,2799,1252,5,5,6,105,0,0,0,,0,3,WARM SPRINGS BL,GABLE DR,39,N,N,B,-,N,,,,,,,,,,N,3,0,2,3,A,-,3,22350,,N,C,C,A,A,H,-,A,A,0,,,,,Y,,A,7,0,1,1,0,0,0,0,0,0,- ,- ,33.14286041,-117.6110001,ALAMEDA,FREMONT,-121.9225693,37.47760773
8610658,2018,5/7/18,105,3/28/18,1306,13915,453,3,5,6,105,0,0,0,,0,0P2,BLUE RIDGE ST,DAUPHINE AV,0,,Y,A,-,N,,,,,,,,,,Y,3,0,1,1,A,-,1,23152,A,N,E,I,A,A,H,-,A,D,0,,,,,Y,,A,7,0,1,0,0,0,0,0,0,0,- ,- ,33.22513962,-117.6983795,ALAMEDA,FREMONT,-122.0164566,37.55863953
8612743,2018,5/7/18,105,4/13/18,1441,14591,985,5,5,6,105,0,0,0,,0,3,MISSION BL,WITHERLY LN,40,S,N,A,-,N,,,,,,,,,,Y,4,0,2,2,A,-,3,22350,,N,C,C,A,A,H,-,A,A,0,,,,,Y,,A,1,0,0,2,0,0,0,0,0,0,- ,- ,33.19643021,-117.607048,ALAMEDA,FREMONT,-121.9192657,37.53039169
8613847,2018,4/26/18,105,3/31/18,1510,14563,884,6,5,6,105,0,0,0,,0,1,STEVENSON BL,BLACOW RD,261,W,N,A,-,N,,,,,,,,,,Y,3,0,3,4,A,-,3,22350,,N,C,C,A,A,H,-,A,A,0,,,,,Y,,A,8,0,1,2,0,0,0,0,0,0,- ,- ,33.19453049,-117.6672287,ALAMEDA,FREMONT,-121.9835281,37.52782822
8613852,2018,4/26/18,105,4/8/18,1519,14591,1245,7,5,6,105,0,0,0,,0,3,WARM SPRINGS BL,MISSION FALLS LN,0,,Y,A,-,N,,,,,,,,,,Y,4,0,1,2,A,-,9,21802,A,N,D,C,A,A,H,-,A,A,0,,,,,Y,,A,8,0,0,1,0,0,0,0,0,0,- ,- ,33.15024948,-117.6148224,ALAMEDA,FREMONT,-121.9267197,37.48485947
8614766,2018,5/1/18,105,4/22/18,1235,15104,767,7,5,6,105,0,0,0,,0,0P1,STEVENSON BL,GALLAUDET DR,0,,Y,A,-,N,,,,,,,,,,N,4,0,1,2,A,-,3,22350,,N,C,C,A,A,H,-,A,A,0,,,,,Y,,A,1,0,0,1,0,0,0,0,0,0,- ,- ,33.22320175,-117.6465988,ALAMEDA,FREMONT,-121.9618378,37.55739975
8614770,2018,5/1/18,105,4/13/18,1417,13915,667,5,5,6,105,0,0,0,,0,0P2,PERALTA BL,MAPLE ST,0,,Y,A,-,N,,,,,,,,,,Y,4,0,1,2,A,-,12,22450,A,N,D,C,A,A,H,-,A,A,0,,,,,Y,,A,1,0,0,1,0,0,0,0,0,0,- ,- ,33.22348022,-117.6900406,ALAMEDA,FREMONT,-122.0076294,37.55710983
8614774,2018,5/1/18,105,4/13/18,1415,13916,562,5,5,6,105,0,0,0,,0,2,MOWRY AV,GLENVIEW DR,70,E,N,A,-,N,,,,,,,,,,Y,4,0,1,3,A,-,3,22350,,N,C,C,A,A,H,-,A,D,0,,,,,Y,,A,8,0,0,1,0,0,0,0,0,0,- ,- ,33.20460129,-117.6800995,ALAMEDA,FREMONT,-121.9968872,37.53866577
8614778,2018,5/1/18,105,4/16/18,947,13916,885,1,5,6,105,0,0,0,,0,1,STEVENSON BL,MARIETTA DR,77,E,N,C,-,N,,,,,,,,,,Y,4,0,2,2,A,-,9,21802,A,N,C,C,A,B,H,-,A,A,0,,,,,Y,,A,7,0,0,2,0,0,0,0,0,0,- ,- ,33.19081879,-117.6701889,ALAMEDA,FREMONT,-121.9857788,37.52486038
8614868,2018,5/10/18,105,4/22/18,940,13915,835,7,5,6,105,0,0,0,,0,0P1,FREMONT BL,PAPAZIAN WY,0,,Y,A,-,N,,,,,,,,,,Y,3,0,2,2,A,-,9,21802,A,N,D,C,A,A,H,-,A,A,0,,,,,Y,,D,22,0,1,1,0,0,0,0,0,0,- ,- ,33.19982147,-117.6464691,ALAMEDA,FREMONT,-121.9611435,37.53404999
8614934,2018,5/8/18,105,3/30/18,1818,15188,158,5,5,6,105,0,0,0,,0,,PASEO PADRE PKWY,DUNSMUIR COM,0,,Y,A,-,N,,,,,,,,,,N,4,0,1,2,A,-,3,22350,,N,C,C,A,A,H,-,A,D,0,,,,,Y,,D,22,0,0,1,0,0,0,0,0,0,- ,- ,,,ALAMEDA,FREMONT,-122.055603,37.56615829
8614942,2018,5/7/18,105,4/9/18,1357,14306,933,1,5,6,105,0,0,0,,0,3,AUTO MALL PKWY,OSGOOD RD,810,W,N,A,-,N,,,,,,,,,,Y,4,0,1,3,A,-,3,22350,,N,C,C,A,A,H,-,A,D,0,,,,,Y,,D,22,0,0,1,0,0,0,0,0,0,- ,- ,,,ALAMEDA,FREMONT,-121.945137,37.51285172
8615001,2018,5/2/18,105,3/25/18,1813,2535,1066,7,5,6,105,0,0,0,,0,3,AUTO MALL PKWY,GRIMMER BL,0,,Y,B,-,N,,,,,,,,,,N,4,0,1,2,A,-,4,21703,,N,C,C,A,B,H,-,B,A,0,,,,,Y,,A,1,0,0,1,0,0,0,0,0,0,- ,- ,33.17506027,-117.6486969,ALAMEDA,FREMONT,-121.9630203,37.50928879
8615008,2018,5/2/18,105,4/23/18,852,13916,928,1,5,6,105,0,0,0,,0,3,OSGOOD RD,BLACOW RD,1000,N,N,A,-,N,,,,,,,,,,N,4,0,1,2,A,-,4,21703,,N,C,C,A,A,H,-,A,D,0,,,,,Y,,A,1,0,0,1,0,0,0,0,0,0,- ,- ,33.19126892,-117.6357117,ALAMEDA,FREMONT,-121.9509888,37.52810669
8615639,2018,7/26/18,105,3/28/18,1150,12759,666,3,5,6,105,0,0,0,,0,2,RT 84,CONTRA COSTA AV,0,,Y,A,-,Y,ALA,4,84,-,-,7.57,I,5,S,Y,4,0,1,2,A,-,17,21451,A,N,D,C,A,A,H,-,A,A,0,,,Y,,Y,,A,1,0,0,1,0,0,0,0,0,1,- ,- ,,,ALAMEDA,FREMONT,-122.0163116,37.55476761
8615691,2018,7/6/18,105,3/21/18,2035,14563,273,3,5,6,105,0,0,0,,0,2,RT 84,FREMONT BL,0,,Y,A,-,N,,,,,,,,,,Y,3,0,1,2,A,-,12,21453,A,N,A,C,A,A,H,-,C,A,0,,,Y,,Y,,C,2,0,1,0,0,0,0,0,0,1,- ,- ,33.23759842,-117.7132797,ALAMEDA,FREMONT,-122.01168,37.56061
8615697,2018,8/22/18,105,4/5/18,1603,14563,734,4,5,6,105,0,0,0,,0,1,RT 238,DALGO RD,0,,Y,B,-,Y,ALA,4,238,-,-,1.531,I,5,S,Y,3,0,1,2,A,-,9,21802,A,N,D,C,A,A,H,-,A,A,0,,,,,Y,,A,7,0,1,0,0,0,0,0,0,0,- ,- ,33.21942902,-117.6317825,ALAMEDA,FREMONT,-121.9461365,37.55379105
8615709,2018,8/23/18,105,4/5/18,1237,14175,1046,4,5,6,105,0,0,0,,0,0Z3,STEVENSON BL,RT 880,0,,Y,B,-,Y,ALA,4,880,-,-,6.444,R,4,S,N,4,0,1,2,A,-,12,21453,A,N,D,C,A,A,H,-,A,A,0,,,,,Y,,D,22,0,0,1,0,0,0,0,0,0,- ,SF,33.1896019,-117.6711578,ALAMEDA,FREMONT,-121.9908752,37.52389145
8615717,2018,8/22/18,105,4/11/18,1531,2536,185,3,5,6,105,0,0,0,,0,2,ARDENWOOD BL,RT 84,0,,Y,B,-,Y,ALA,4,84,-,R,5.11,R,4,S,Y,3,0,2,3,A,-,12,21453,A,N,D,C,A,A,H,-,A,A,0,,,,,Y,,A,1,0,2,0,0,0,0,0,0,0,- ,- ,,,ALAMEDA,FREMONT,-122.0493393,37.55376816
8617288,2018,6/4/18,105,5/7/18,1645,14591,875,1,5,6,105,0,0,0,,0,1,FARWELL DR,MOWRY AV,869,S,N,A,-,N,,,,,,,,,,Y,4,0,1,1,C,-,18,,,N,E,I,A,A,H,-,A,A,0,,,,,Y,,-,- ,0,0,1,0,0,0,0,0,0,- ,- ,33.19971085,-117.684021,ALAMEDA,FREMONT,-121.9983749,37.53219223
8617327,2018,8/23/18,105,4/29/18,1440,14591,1045,7,5,6,105,0,0,0,,0,3,STEVENSON BL,RT 880,0,,Y,A,-,Y,ALA,4,880,-,-,6.444,R,4,S,Y,3,0,2,2,A,-,12,21453,A,N,D,C,A,A,H,-,A,A,0,,,,,Y,,-,- ,0,1,1,0,0,0,0,0,0,- ,SF,,,ALAMEDA,FREMONT,-121.9908752,37.52389145
8617441,2018,5/23/18,105,2/9/18,250,15103,P3,5,5,6,105,0,0,0,,0,1046,ALBRAE ST,STEWART AV,160,S,N,A,-,N,,,,,,,,,,Y,3,0,1,1,A,-,1,23152,A,N,E,I,A,A,H,-,C,D,0,,,,,Y,Y,A,1,0,1,0,0,0,0,0,0,0,- ,- ,33.18387985,-117.6659164,ALAMEDA,FREMONT,-121.9808578,37.51766968
8618076,2018,5/23/18,105,5/13/18,1302,14565,642,7,5,6,105,0,0,0,,0,1,PASEO PADRE PKWY,MOWRY AV,0,,Y,A,-,N,,,,,,,,,,Y,4,0,3,2,A,-,3,22350,,N,C,C,A,A,H,-,A,A,0,,,,,Y,,A,1,0,0,3,0,0,0,0,0,0,- ,- ,33.22080994,-117.6670837,ALAMEDA,FREMONT,-121.9833527,37.55471802
8618080,2018,5/23/18,105,5/14/18,1929,14175,1006,1,5,6,105,0,0,0,,0,0Z3,BLACOW RD,SHERWOOD ST,7,W,N,A,-,N,,,,,,,,,,N,3,0,1,2,A,-,10,21950,A,N,G,B,B,A,H,-,A,A,0,Y,,,,Y,,A,1,0,1,0,0,1,0,0,0,0,- ,- ,33.18902969,-117.6491776,ALAMEDA,FREMONT,-121.9637909,37.52328873
8619170,2018,6/8/18,105,5/8/18,1515,14337,,2,5,6,105,0,0,0,,0,,AUTO MALL PKWY,CHRISTY ST,0,,Y,A,-,N,,,,,,,,,,Y,4,0,1,2,A,-,12,21453,A,N,D,C,A,A,H,-,A,A,0,,,,,Y,Y,I,11,0,0,1,0,0,0,0,0,0,- ,- ,,,ALAMEDA,FREMONT,-121.9715424,37.50577927
8620700,2018,5/23/18,105,4/19/18,1821,13142,655,4,5,6,105,0,0,0,,0,2,PERALTA BL,CAMDEN ST,35,E,N,A,-,N,,,,,,,,,,Y,4,0,1,2,A,-,9,21801,A,N,D,C,A,A,H,-,A,D,0,,,,,Y,,A,1,0,0,1,0,0,0,0,0,0,- ,- ,33.22705841,-117.679512,ALAMEDA,FREMONT,-121.9964294,37.56086731
8620828,2018,5/21/18,105,5/4/18,1531,15102,641,5,5,6,105,0,0,0,,0,2,COUNTRY DR,PASEO PADRE PKWY,0,,Y,A,-,N,,,,,,,,,,N,4,0,1,2,A,-,9,21801,A,N,D,D,A,A,H,-,A,A,0,,,,,Y,,A,1,0,0,1,0,0,0,0,0,0,- ,- ,33.22286987,-117.6707306,ALAMEDA,FREMONT,-121.9873123,37.55667114
8623875,2018,8/23/18,105,4/25/18,749,13144,327,3,5,6,105,0,0,0,,0,1,RT 238,NURSERY AV,376,S,N,A,-,Y,ALA,4,238,-,-,4.63,H,-,N,Y,4,0,1,4,A,-,4,21703,,N,C,C,A,A,H,-,A,A,0,,,,,Y,,A,1,0,0,1,0,0,0,0,0,0,- ,- ,,,ALAMEDA,FREMONT,-121.9888687,37.58011627
8625695,2018,6/1/18,105,3/24/18,1358,7338,849,6,5,6,105,0,0,0,,0,1,STEVENSON BL,DAVIS ST,298,E,N,A,-,N,,,,,,,,,,N,4,0,1,2,A,-,7,21658,A,N,C,C,A,A,H,-,A,D,0,,,,,Y,,A,1,0,0,1,0,0,0,0,0,0,- ,- ,33.20315933,-117.660347,ALAMEDA,FREMONT,-121.9762192,37.53731918
8625699,2018,6/6/18,105,5/17/18,1608,2530,640,4,5,6,105,0,0,0,,0,2,PASEO PADRE PKWY,EGGERS DR,140,S,N,A,-,N,,,,,,,,,,N,4,0,2,2,A,-,3,22350,,N,C,C,A,A,H,-,A,A,0,,,,,Y,,I,9,0,0,2,0,0,0,0,0,0,- ,- ,33.22483063,-117.6743622,ALAMEDA,FREMONT,-121.9908066,37.55838776
8625703,2018,8/23/18,105,5/7/18,1736,14591,1076,1,5,6,105,0,0,0,,0,3,AUTO MALL PKWY,RT 880,0,,Y,A,-,Y,ALA,4,880,-,-,4.905,R,4,S,Y,4,0,1,2,A,-,12,21453,A,N,D,C,A,A,H,-,A,A,0,,,,,Y,,-,- ,0,0,1,0,0,0,0,0,0,- ,SF,33.17250061,-117.6546097,ALAMEDA,FREMONT,-121.9701004,37.50929642
8625888,2018,5/31/18,105,5/16/18,844,13916,457,3,5,6,105,0,0,0,,0,2,THORNTON AV,MAPLE ST,0,,Y,A,-,N,,,,,,,,,,N,4,0,1,2,A,-,5,21650,1,N,H,G,A,A,H,-,A,A,0,,Y,,,Y,,L,4,0,0,1,0,0,0,1,0,0,- ,- ,33.22605896,-117.6946335,ALAMEDA,FREMONT,-122.0124435,37.55960083
8625892,2018,5/31/18,105,5/15/18,2117,14563,928,2,5,6,105,0,0,0,,0,3,OSGOOD RD,BLACOW RD,15,S,N,A,-,N,,,,,,,,,,N,4,0,1,2,A,-,3,22350,,N,C,C,A,A,H,-,C,A,0,,,,,Y,,A,1,0,0,1,0,0,0,0,0,0,- ,- ,33.19126892,-117.6357117,ALAMEDA,FREMONT,-121.9495087,37.52558517
8625896,2018,5/31/18,105,5/13/18,1108,11621,,7,5,6,105,0,0,0,,0,,PASEO PADRE PKWY,AMOROK WY,0,,Y,A,-,N,,,,,,,,,,N,3,0,1,2,A,-,9,21802,A,N,H,G,A,A,H,-,A,A,0,,Y,,,Y,,A,7,0,1,0,0,0,0,1,0,0,- ,- ,33.16566849,-117.6069107,ALAMEDA,FREMONT,-121.9185715,37.50032043
8625900,2018,5/31/18,105,5/10/18,1900,14591,829,4,5,6,105,0,0,0,,0,1,FREMONT BL,STEVENSON BL,316,N,N,A,-,N,,,,,,,,,,N,4,0,2,2,A,-,3,22350,,N,C,C,A,A,H,-,A,A,0,,,,,Y,,A,1,0,0,2,0,0,0,0,0,0,- ,- ,33.20663834,-117.6575699,ALAMEDA,FREMONT,-121.9740295,37.54117584
8625906,2018,5/30/18,105,4/3/18,946,15153,1078,2,5,6,105,0,0,0,,0,3,AUTO MALL PKWY,GRIMMER BL,256,W,N,A,-,N,,,,,,,,,,N,4,0,1,2,A,-,8,22107,,N,C,C,A,A,H,-,A,D,0,,,,,Y,,A,1,0,0,1,0,0,0,0,0,0,- ,- ,33.17506027,-117.6486969,ALAMEDA,FREMONT,-121.9638062,37.50897217
8625981,2018,5/31/18,105,5/7/18,940,2536,352,1,5,6,105,0,0,0,,0,2,BARNARD DR,HARRISBURG AV,59,N,N,A,-,N,,,,,,,,,,Y,3,0,1,2,A,-,3,22350,,N,E,I,A,A,H,-,A,D,0,,,,,Y,,A,8,0,1,0,0,0,0,0,0,0,- ,- ,,,ALAMEDA,FREMONT,-122.0098495,37.57733917
8625985,2018,5/31/18,105,5/21/18,1508,2536,560,1,5,6,105,0,0,0,,0,2,GLENVIEW DR,RICHMOND AV,0,,Y,A,-,N,,,,,,,,,,N,3,0,1,2,A,-,12,22450,A,N,D,G,A,A,H,-,A,D,0,,Y,,,Y,,L,4,0,1,0,0,0,0,1,0,0,- ,- ,33.20711136,-117.6841202,ALAMEDA,FREMONT,-122.0009918,37.54080963
8625989,2018,5/31/18,105,5/21/18,1456,14175,1046,1,5,6,105,0,0,0,,0,0Z3,STEVENSON BL,ALBRAE ST,420,W,N,A,-,N,,,,,,,,,,Y,4,0,1,2,A,-,9,21801,B,N,D,C,A,A,H,-,A,D,0,,,Y,,Y,,C,2,0,0,1,0,0,0,0,0,1,- ,- ,33.18661118,-117.6736603,ALAMEDA,FREMONT,-121.9902496,37.51943588
8625997,2018,5/31/18,105,5/15/18,1254,13916,952,2,5,6,105,0,0,0,,0,3,VISTA DEL MAR,MONTANA VISTA CT,33,E,N,A,-,N,,,,,,,,,,Y,4,0,1,1,A,-,8,22107,,N,E,I,A,A,H,-,A,D,0,,,,,Y,,A,1,0,0,1,0,0,0,0,0,0,- ,- ,33.19126129,-117.6140213,ALAMEDA,FREMONT,-121.9265976,37.52588654
8626056,2018,6/6/18,105,5/16/18,1733,14591,1175,3,5,6,105,0,0,0,,0,3,KATO RD,FREMONT BL,2240,S,N,A,-,N,,,,,,,,,,Y,4,0,1,2,A,-,3,22350,,N,C,C,A,A,H,-,A,A,0,,,,,Y,,A,1,0,0,1,0,0,0,0,0,0,- ,- ,,,ALAMEDA,FREMONT,,
8626320,2018,6/27/18,105,5/17/18,1223,14591,416,4,5,6,105,0,0,0,,0,2,THORNTON AV,MORAINE ST,0,,Y,A,-,N,,,,,,,,,,Y,3,0,3,2,A,-,12,21453,A,N,D,C,A,A,H,-,A,A,0,,,,,Y,,A,1,0,1,2,0,0,0,0,0,0,- ,- ,,,ALAMEDA,FREMONT,-122.0091934,37.56299973
8627447,2018,6/14/18,105,5/25/18,1228,13915,875,5,5,6,105,0,0,0,,0,0P1,MOWRY AV,FARWELL DR,141,E,N,A,-,N,,,,,,,,,,N,4,0,1,2,A,-,4,21703,,N,C,C,A,A,H,-,A,A,0,,,,,Y,,D,22,0,0,1,0,0,0,0,0,0,- ,- ,33.19971085,-117.684021,ALAMEDA,FREMONT,-122.0006104,37.53380966
8627812,2018,6/8/18,105,5/22/18,1055,14306,1122,2,5,6,105,0,0,0,,0,3,PACIFIC COMMONS BL,CURIE ST,498,N,N,A,-,N,,,,,,,,,,N,4,0,1,2,A,-,9,21804,A,N,D,C,A,A,H,-,A,D,0,,,,,Y,,A,8,0,0,1,0,0,0,0,0,0,- ,- ,33.16793823,-117.6563034,ALAMEDA,FREMONT,-121.9720459,37.50297546
8627816,2018,6/8/18,105,5/4/18,1817,2536,674,5,5,6,105,0,0,0,,0,2,FREMONT BL,EGGERS DR,30,S,N,A,-,N,,,,,,,,,,N,4,0,1,2,A,-,4,21703,,N,C,C,A,A,H,-,A,A,0,,,,,Y,,A,1,0,0,1,0,0,0,0,0,0,- ,- ,33.21889114,-117.6793365,ALAMEDA,FREMONT,-121.99617,37.55256653
8627820,2018,6/8/18,105,5/29/18,1451,15131,874,2,5,6,105,0,0,0,,0,2,BLACOW RD,MOWRY AV,403,N,N,A,-,N,,,,,,,,,,Y,3,0,1,2,A,-,3,22350,,N,C,C,A,A,H,-,A,D,0,,,,,Y,,A,1,0,1,0,0,0,0,0,0,0,- ,- ,33.20264053,-117.6816788,ALAMEDA,FREMONT,-121.9997101,37.53695679
8627824,2018,6/8/18,105,5/28/18,1019,14306,,1,5,6,105,0,0,0,,0,,DURHAM RD,SABERCAT RD,54,W,N,A,-,N,,,,,,,,,,Y,4,0,2,2,A,-,12,21453,A,N,A,C,A,A,H,-,A,A,0,,,,,Y,,A,1,0,0,2,0,0,0,0,0,0,- ,- ,33.18053818,-117.6251297,ALAMEDA,FREMONT,-121.9384155,37.51507568
8627832,2018,8/22/18,105,5/28/18,1750,14175,545,1,5,6,105,0,0,0,,0,0Z2,RT 84,CABRILLO DR,20,W,N,A,-,Y,ALA,4,84,-,-,7.35,I,5,S,Y,3,0,2,2,A,-,12,21453,A,N,D,C,A,A,H,-,A,A,0,,,,,Y,,A,1,0,1,1,0,0,0,0,0,0,- ,- ,33.21865845,-117.7003021,ALAMEDA,FREMONT,-122.0185699,37.55198669
8627836,2018,6/8/18,105,5/24/18,1711,14591,1122,4,5,6,105,0,0,0,,0,3,BOSCELL RD,AUTO MALL PKWY,124,N,N,A,-,N,,,,,,,,,,Y,4,0,1,2,A,-,9,21801,A,N,B,C,A,A,H,-,A,A,0,,,,,Y,,A,1,0,0,1,0,0,0,0,0,0,- ,- ,33.1697197,-117.6614075,ALAMEDA,FREMONT,-121.9764023,37.50403595
8627840,2018,6/8/18,105,5/29/18,349,14773,,2,5,6,105,0,0,0,,0,,MISSION BL,DRISCOLL RD,320,N,N,A,-,N,,,,,,,,,,N,4,0,1,1,A,-,8,22107,,N,E,I,A,A,H,-,C,D,0,,,,,Y,,A,1,0,0,1,0,0,0,0,0,0,- ,- ,33.21530914,-117.6259537,ALAMEDA,FREMONT,-121.9408035,37.55031967
8628883,2018,6/18/18,105,5/30/18,1450,14306,1076,3,5,6,105,0,0,0,,0,3,AUTO MALL PKWY,CHRISTY ST,0,,Y,A,-,N,,,,,,,,,,Y,4,0,1,2,A,-,12,21453,A,N,D,C,A,A,H,-,A,A,0,,,,,Y,,A,7,0,0,1,0,0,0,0,0,0,- ,- ,,,ALAMEDA,FREMONT,-121.9715424,37.50577927
8628960,2018,6/18/18,105,5/30/18,838,15493,477,3,5,6,105,0,0,0,,0,2,SAN PEDRO DR,LEON CT,292,N,N,A,-,N,,,,,,,,,,Y,3,0,1,2,A,-,8,22103,,N,C,A,A,A,A,-,A,D,0,,,,,Y,,A,1,0,1,0,0,0,0,0,0,0,- ,- ,,,ALAMEDA,FREMONT,-122.0261917,37.55276871