CASE_ID,ACCIDENT_YEAR,PROC_DATE,JURIS,COLLISION_DATE,COLLISION_TIME,OFFICER_ID,REPORTING_DISTRICT,DAY_OF_WEEK,CHP_SHIFT,POPULATION,CNTY_CITY_LOC,SPECIAL_COND,BEAT_TYPE,CHP_BEAT_TYPE,CITY_DIVISION_LAPD,CHP_BEAT_CLASS,BEAT_NUMBER,PRIMARY_RD,SECONDARY_RD,DISTANCE,DIRECTION,INTERSECTION,WEATHER_1,WEATHER_2,STATE_HWY_IND,CALTRANS_COUNTY,CALTRANS_DISTRICT,STATE_ROUTE,ROUTE_SUFFIX,POSTMILE_PREFIX,POSTMILE,LOCATION_TYPE,RAMP_INTERSECTION,SIDE_OF_HWY,TOW_AWAY,COLLISION_SEVERITY,NUMBER_KILLED,NUMBER_INJURED,PARTY_COUNT,PRIMARY_COLL_FACTOR,PCF_CODE_OF_VIOL,PCF_VIOL_CATEGORY,PCF_VIOLATION,PCF_VIOL_SUBSECTION,HIT_AND_RUN,TYPE_OF_COLLISION,MVIW,PED_ACTION,ROAD_SURFACE,ROAD_COND_1,ROAD_COND_2,LIGHTING,CONTROL_DEVICE,CHP_ROAD_TYPE,PEDESTRIAN_ACCIDENT,BICYCLE_ACCIDENT,MOTORCYCLE_ACCIDENT,TRUCK_ACCIDENT,NOT_PRIVATE_PROPERTY,ALCOHOL_INVOLVED,STWD_VEHTYPE_AT_FAULT,CHP_VEHTYPE_AT_FAULT,COUNT_SEVERE_INJ,COUNT_VISIBLE_INJ,COUNT_COMPLAINT_PAIN,COUNT_PED_KILLED,COUNT_PED_INJURED,COUNT_BICYCLIST_KILLED,COUNT_BICYCLIST_INJURED,COUNT_MC_KILLED,COUNT_MC_INJURED,PRIMARY_RAMP,SECONDARY_RAMP,LATITUDE,LONGITUDE,COUNTY,CITY,POINT_X,POINT_Y
8987548,2019,1/23/20,105,11/12/19,1207,15131,649,2,5,6,105,0,0,0,,0,1,HASTINGS ST,MOWRY AV,10,S,N,A,-,N,,,,,,,,,,N,4,0,1,2,D,-,0,,,N,G,B,B,A,H,-,A,A,0,Y,,,,Y,,-,- ,0,0,1,0,1,0,0,0,0,- ,- ,,,ALAMEDA,FREMONT,-121.9845886,37.55314636
8987552,2019,12/17/19,105,10/24/19,524,14818,666,4,5,6,105,0,0,0,,0,2,FREMONT BL,CENTRAL AV,0,,Y,A,-,N,,,,,,,,,,Y,4,0,1,2,A,-,12,21453,,N,D,C,A,A,H,-,C,A,0,,,,,Y,,D,22,0,0,1,0,0,0,0,0,0,- ,- ,,,ALAMEDA,FREMONT,-122.0037689,37.55648804
8987987,2019,1/23/20,105,11/14/19,1437,2536,1073,4,5,6,105,0,0,0,,0,3,AUTO MALL PKWY,SOUTHLAKE COM,0,,Y,B,-,N,,,,,,,,,,Y,3,0,4,3,A,-,7,21658,A,N,D,C,A,A,H,-,A,A,0,,,Y,,Y,Y,A,1,0,3,1,0,0,0,0,0,2,- ,- ,,,ALAMEDA,FREMONT,-121.9584503,37.51060104
8988104,2019,1/21/20,105,11/9/19,1144,15775,222,6,5,6,105,0,0,0,,0,2,DECOTO RD,CANAL TER,430,W,N,A,-,N,,,,,,,,,,N,4,0,2,3,A,-,3,22350,,N,C,C,A,A,H,-,A,A,0,,,,,Y,,A,1,0,0,2,0,0,0,0,0,0,- ,- ,,,ALAMEDA,FREMONT,-122.0372162,37.56529236
8988261,2019,1/27/20,105,11/15/19,1805,14175,943,5,5,6,105,0,0,0,,0,0Z3,PASEO PADRE PKWY,WASHINGTON BL,18,S,N,A,-,N,,,,,,,,,,N,3,0,1,2,A,-,10,21950,A,N,G,B,B,A,H,-,C,A,0,Y,,,,Y,,A,7,0,1,0,0,1,0,0,0,0,- ,- ,,,ALAMEDA,FREMONT,-121.9341125,37.53162384
8988694,2019,1/15/20,105,11/27/19,2001,14563,841,3,5,6,105,0,0,0,,0,1,IRVINGTON AV,TRIMBOLI WY,0,,Y,B,-,N,,,,,,,,,,N,3,0,1,2,D,-,0,,,N,G,B,D,B,H,-,C,A,0,Y,,,,Y,,-,- ,0,1,0,0,1,0,0,0,0,- ,- ,,,ALAMEDA,FREMONT,-121.9608612,37.53097916
8989246,2019,1/13/20,105,11/27/19,826,14852,943,3,5,6,105,0,0,0,,0,3,PASEO PADRE PKWY,GLENHILL DR,187,N,N,B,-,N,,,,,,,,,,N,4,0,1,2,A,-,8,22107,,N,D,C,A,B,H,-,A,D,0,,,,,Y,,A,7,0,0,1,0,0,0,0,0,0,- ,- ,,,ALAMEDA,FREMONT,-121.9328384,37.52984619
8989250,2019,1/13/20,105,11/27/19,624,12745,875,3,5,6,105,0,0,0,,0,1,MOWRY AV,FARWELL DR,0,,Y,B,-,N,,,,,,,,,,Y,4,0,1,1,A,-,1,23152,A,N,E,I,A,B,H,-,C,A,0,,,,,Y,Y,A,1,0,0,1,0,0,0,0,0,0,- ,- ,,,ALAMEDA,FREMONT,-122.0008926,37.53348923
8990406,2019,1/13/20,105,11/8/19,2300,13915,412,5,5,6,105,0,0,0,,0,2,PASEO PADRE PKWY,THORNTON AV,754,S,N,A,-,N,,,,,,,,,,N,4,0,1,1,A,-,8,22107,,N,E,I,A,A,H,-,C,D,0,,,,,Y,,A,1,0,0,1,0,0,0,0,0,0,- ,- ,,,ALAMEDA,FREMONT,-122.0691071,37.53859711
8990410,2019,1/13/20,105,11/17/19,1920,14175,1032,7,5,6,105,0,0,0,,0,0Z3,YELLOWSTONE PARK DR,MIRAMAR PARK DR,244,N,N,A,-,N,,,,,,,,,,Y,3,0,1,3,A,-,1,23152,A,N,B,E,A,A,H,-,C,D,0,,,,,Y,Y,A,1,0,1,0,0,0,0,0,0,0,- ,- ,,,ALAMEDA,FREMONT,-121.9685669,37.51133347
8990414,2019,1/13/20,105,11/9/19,959,14591,367,6,5,6,105,0,0,0,,0,1,NILES CANYON RD,OLD CANYON RD,2112,E,N,A,-,N,,,,,,,,,,Y,3,0,1,1,A,-,8,22107,,N,F,A,A,A,H,-,A,A,0,,,,,Y,,A,1,0,1,0,0,0,0,0,0,0,- ,- ,,,ALAMEDA,FREMONT,-121.9646912,37.58164215
8990510,2019,1/16/20,105,11/20/19,1629,7438,1064,3,5,6,105,0,0,0,,0,3,ALBRAE ST,CHRISTY ST,639,N,N,A,-,N,,,,,,,,,,Y,4,0,1,2,A,-,9,21804,A,N,D,C,A,A,H,-,A,D,0,,,,,Y,,A,1,0,0,1,0,0,0,0,0,0,- ,- ,,,ALAMEDA,FREMONT,-121.9738922,37.50884628
8990514,2019,7/13/20,105,11/18/19,2205,155161,933,1,5,6,105,0,0,0,,0,3,AUTO MALL PKWY,RT 680,0,,Y,A,-,Y,SCL,4,680,-,M,4.041,R,4,S,N,4,0,1,2,A,-,12,21453,A,N,D,C,A,A,H,-,C,A,0,,,,,Y,,D,22,0,0,1,0,0,0,0,0,0,- ,SF,,,ALAMEDA,FREMONT,-121.8655243,37.38667679
8990522,2019,1/16/20,105,11/18/19,1750,13997,1006,1,5,6,105,0,0,0,,0,3,BLACOW RD,SHERWOOD ST,37,W,N,A,-,N,,,,,,,,,,Y,4,0,2,2,A,-,4,21703,,N,C,C,A,A,H,-,C,A,0,,,,,Y,,D,22,0,0,2,0,0,0,0,0,0,- ,- ,,,ALAMEDA,FREMONT,-121.9638977,37.52327347
8990919,2019,12/17/19,105,10/30/19,1845,15153,1,3,5,6,105,0,0,0,,0,344,NILES BL,I ST,0,,Y,A,-,N,,,,,,,,,,N,4,0,1,2,A,-,10,21950,A,N,G,B,B,A,H,-,C,D,0,Y,,,,Y,,A,7,0,0,1,0,1,0,0,0,0,- ,- ,,,ALAMEDA,FREMONT,-121.9780502,37.57672882
8990952,2019,12/17/19,105,10/4/19,2018,2535,1089,5,5,6,105,0,0,0,,0,3,INDUSTRIAL DR,INGOT ST,300,S,N,A,-,N,,,,,,,,,,N,3,0,1,2,A,-,8,22107,,N,C,E,A,A,H,-,C,D,0,,,,,Y,,A,1,0,1,0,0,0,0,0,0,0,- ,- ,33.16395187,-117.6379318,ALAMEDA,FREMONT,-121.9511261,37.49752045
8990956,2019,12/17/19,105,10/12/19,1734,2535,1048,6,5,6,105,0,0,0,,0,3,BOYCE RD,STEVENSON BL,1156,S,N,B,-,N,,,,,,,,,,Y,4,0,1,2,A,-,9,21801,A,N,D,C,A,A,H,-,C,D,0,,,,,Y,,A,1,0,0,1,0,0,0,0,0,0,- ,- ,33.18011093,-117.6787796,ALAMEDA,FREMONT,-121.9917526,37.51161575
8990960,2019,12/17/19,105,10/25/19,1454,14852,1020,5,5,6,105,0,0,0,,0,3,BLACOW RD,GRIMMER BL,0,,Y,A,-,N,,,,,,,,,,Y,4,0,1,2,A,-,9,21804,A,N,D,C,A,A,H,-,A,D,0,,,,,Y,,A,7,0,0,1,0,0,0,0,0,0,- ,- ,,,ALAMEDA,FREMONT,-121.9691925,37.52259827
8991064,2019,1/17/20,105,11/20/19,900,11621,1189,3,5,6,105,0,0,0,,0,3,WARM SPRINGS BL,SCOTT CREEK RD,324,N,N,A,-,N,,,,,,,,,,N,3,0,1,2,A,-,6,21760,B,F,H,G,A,A,H,-,A,D,0,,Y,,,Y,,A,1,0,1,0,0,0,0,1,0,0,- ,- ,,,ALAMEDA,FREMONT,-121.9148331,37.46424103
8991068,2019,1/17/20,105,11/20/19,1718,7438,649,3,5,6,105,0,0,0,,0,2,PENNSYLVANIA AV,LEXINGTON ST,815,E,N,A,-,N,,,,,,,,,,Y,4,0,1,2,A,-,6,21750,,N,B,C,A,A,H,-,C,D,0,,,,,Y,,A,1,0,0,1,0,0,0,0,0,0,- ,- ,,,ALAMEDA,FREMONT,-121.9869156,37.55243683
8991072,2019,1/17/20,105,11/25/19,1941,2536,769,1,5,6,105,0,0,0,,0,1,GALLAUDET DR,STEVENSON BL,227,N,N,A,-,N,,,,,,,,,,Y,3,0,2,1,A,-,8,22107,,N,F,A,A,A,H,-,C,D,0,,,,,Y,,A,7,0,2,0,0,0,0,0,0,0,- ,- ,,,ALAMEDA,FREMONT,-121.9624863,37.5577507
8991076,2019,1/17/20,105,11/25/19,1230,14468,1076,1,5,6,105,0,0,0,,0,3,AUTO MALL PKWY,CHRISTY ST,368,W,N,A,-,N,,,,,,,,,,N,4,0,1,2,A,-,3,22350,,N,C,C,A,A,H,-,A,A,0,,,,,Y,,A,1,0,0,1,0,0,0,0,0,0,- ,- ,,,ALAMEDA,FREMONT,-121.9726639,37.50531769
8991080,2019,1/17/20,105,11/27/19,1030,13253,667,3,5,6,105,0,0,0,,0,2,PERALTA BL,MAPLE ST,76,E,N,B,-,N,,,,,,,,,,N,4,0,1,2,A,-,4,21703,,N,C,C,A,B,H,-,A,D,0,,,,,Y,,A,1,0,0,1,0,0,0,0,0,0,- ,- ,,,ALAMEDA,FREMONT,-122.0074844,37.55728531
8992750,2019,12/17/19,105,10/28/19,1729,2535,1082,1,5,6,105,0,0,0,,0,3,FREMONT BL,OLD WARM SPRINGS BL,1091,S,N,A,-,N,,,,,,,,,,N,4,0,1,2,A,-,3,22350,,N,C,C,A,A,H,-,A,D,0,,,,,Y,,A,1,0,0,1,0,0,0,0,0,0,- ,- ,33.17475891,-117.6361084,ALAMEDA,FREMONT,-121.9494095,37.50609207
8993428,2019,12/11/19,105,10/24/19,1104,15837,924,4,5,6,105,0,0,0,,0,,OSGOOD RD,BLACOW RD,974,S,N,A,-,N,,,,,,,,,,Y,4,0,2,2,A,-,9,21804,A,N,D,C,A,A,H,-,A,D,0,,,,,Y,,A,1,0,0,2,0,0,0,0,0,0,- ,- ,,,ALAMEDA,FREMONT,-121.9480743,37.52320862
8993432,2019,12/11/19,105,10/12/19,932,14852,1242,6,5,6,105,0,0,0,,0,3,FERNALD ST,CRAWFORD ST,0,,Y,A,-,N,,,,,,,,,,Y,3,0,1,1,A,-,8,22107,,N,E,I,A,A,H,-,A,A,0,,,,,Y,Y,A,1,0,1,0,0,0,0,0,0,0,- ,- ,,,ALAMEDA,FREMONT,-121.924555,37.491142
8993545,2019,1/14/20,105,11/18/19,855,11621,418,1,5,6,105,0,0,0,,0,2,ALDER AV,NETTLES CT,115,E,N,A,-,N,,,,,,,,,,N,3,0,1,2,A,-,9,21804,A,N,G,B,D,A,H,-,A,D,0,Y,,,,Y,,A,8,0,1,0,0,1,0,0,0,0,- ,- ,,,ALAMEDA,FREMONT,-122.0147095,37.56406784
8993553,2019,1/14/20,105,11/13/19,1429,12745,1075,3,5,6,105,0,0,0,,0,3,AUTO MALL PKWY,GRIMMER BL,100,E,N,A,-,N,,,,,,,,,,Y,3,0,2,2,A,-,7,21658,A,N,D,C,A,A,H,-,A,A,0,,,,,Y,,A,7,0,2,0,0,0,0,0,0,0,- ,- ,,,ALAMEDA,FREMONT,-121.9627151,37.50941849
8993557,2019,1/14/20,105,11/18/19,1828,14318,112,1,5,6,105,0,0,0,,0,2,COMMERCE DR,TAN BARK DR,0,,Y,A,-,N,,,,,,,,,,N,4,0,1,2,A,-,10,21950,A,N,G,B,B,A,H,-,C,A,0,Y,,,,Y,,A,1,0,0,1,0,1,0,0,0,0,- ,- ,,,ALAMEDA,FREMONT,-122.0600204,37.55672836
8993561,2019,1/14/20,105,11/20/19,806,14563,289,3,5,6,105,0,0,0,,0,2,PASEO PADRE PKWY,MILTON ST,0,,Y,A,-,N,,,,,,,,,,N,3,0,1,2,A,-,10,21950,A,N,G,B,B,A,H,-,A,A,0,Y,,,,Y,,A,1,0,1,0,0,1,0,0,0,0,- ,- ,,,ALAMEDA,FREMONT,-122.0394897,37.57738876
8996989,2019,2/6/20,105,11/10/19,1132,14563,748,7,5,6,105,0,0,0,,0,1,RT 238,STEVENSON BL,80,N,N,A,-,Y,ALA,4,238,-,-,2.35,H,-,S,Y,3,0,2,2,A,-,1,23152,A,N,C,C,A,A,H,-,A,A,0,,,,,Y,Y,A,1,0,2,0,0,0,0,0,0,0,- ,- ,,,ALAMEDA,FREMONT,-121.9574966,37.56100464
8996999,2019,2/4/20,105,11/4/19,1522,7438,544,1,5,6,105,0,0,0,,0,2,THORTON AV,CONTRA COSTA AV,57,W,N,A,-,N,,,,,,,,,,N,3,0,1,2,A,-,3,22350,,N,C,C,A,A,H,-,A,A,0,,,,,Y,,A,1,0,1,0,0,0,0,0,0,0,- ,- ,,,ALAMEDA,FREMONT,-122.0161819,37.55476761
8997019,2019,9/11/20,105,11/12/19,1122,14563,875,2,5,6,105,0,0,0,,0,1,MOWRY AV,RT 880,0,,Y,A,-,Y,ALA,4,880,-,-,7.017,R,4,N,N,4,0,1,2,A,-,13,22515,A,N,G,B,E,A,H,-,A,A,0,Y,,,,Y,,A,1,0,0,1,0,1,0,0,0,0,- ,NF,,,ALAMEDA,FREMONT,-121.9995499,37.52851868
8997023,2019,6/30/20,105,11/24/19,919,14175,326,7,5,6,105,0,0,0,,0,0Z1,RT 238,SULLIVAN AV,0,,Y,A,-,Y,ALA,4,238,-,-,4.3,I,5,S,Y,3,0,1,2,A,-,9,21801,A,N,B,C,A,A,H,-,A,D,0,,,,,Y,,A,1,0,1,0,0,0,0,0,0,0,- ,- ,,,ALAMEDA,FREMONT,-121.9830475,37.57904816
8997170,2019,1/25/20,105,11/15/19,1409,15731,105,5,5,6,105,0,0,0,,0,977,MISSION BL,STARR ST,0,,Y,A,-,N,,,,,,,,,,N,3,0,1,2,A,-,9,21802,,N,D,C,A,A,H,-,A,A,0,,,,,Y,,A,1,0,1,0,0,0,0,0,0,0,- ,- ,,,ALAMEDA,FREMONT,-121.9222336,37.53763962
90006526,2015,10/19/15,9390,7/15/15,1750,15650,,3,2,6,105,0,1,1,,2,64,I-680 N/B,AUTOMALL PARKWAY,2112,S,N,A,-,Y,,,,,,,,,,Y,3,0,1,2,A,-,3,22350,,N,C,C,A,A,H,-,A,D,0,,,,,Y,,A,1,0,1,0,0,0,0,0,0,0,- ,- ,37.7562,-121.98875,ALAMEDA,FREMONT,-121.9365772,37.50947627
90006789,2015,10/19/15,9345,7/27/15,1423,19797,,1,2,6,105,0,1,1,,2,70,I-880 N/B (NIMITIZ FREEWAY),UNION PACIFIC RAILROAD O/C,188,N,N,A,-,Y,,,880,,,,,,N,Y,3,0,2,3,A,-,8,22107,,N,C,C,A,A,H,-,A,D,0,,,,,Y,,A,1,0,1,1,0,0,0,0,0,0,- ,- ,37.54336,-122.02008,ALAMEDA,FREMONT,-122.0201274,37.54332466
9000710,2019,2/6/20,105,12/2/19,1309,2536,683,1,5,6,105,0,0,0,,0,1,MOWRY AV,ARGONAUT WY,85,W,N,B,-,N,,,,,,,,,,N,4,0,1,3,A,-,3,22350,,N,C,C,A,B,H,-,A,D,0,,,,,Y,,A,7,0,0,1,0,0,0,0,0,0,- ,- ,,,ALAMEDA,FREMONT,-121.9913788,37.5454216
90007186,2015,10/19/15,9390,7/30/15,1645,15650,,4,2,6,105,0,3,5,,2,100,I-680 N/B,WARREN AVE.,528,S,N,A,-,Y,,,680,,,,,,N,Y,4,0,2,2,A,-,3,22350,,N,C,C,A,A,H,-,A,D,0,,,,,Y,,A,1,0,0,2,0,0,0,0,0,0,- ,- ,37.48973,-121.91763,ALAMEDA,FREMONT,-121.917644,37.48972024
90007374,2015,10/19/15,9345,7/31/15,826,20214,,5,1,6,105,0,1,1,,2,71,I-880 S/B,CENTRAL AVENUE O/C,1438,S,N,A,-,Y,,,,,,,,,,Y,3,0,1,2,A,-,7,21658,A,N,B,C,A,A,H,-,A,D,0,,,Y,,Y,,A,7,0,1,0,0,0,0,0,0,1,- ,- ,37.53672,-122.41451,ALAMEDA,FREMONT,-122.0141661,37.53647748
90007413,2015,10/19/15,9345,8/1/15,1105,20214,,6,1,6,105,0,1,1,,2,71,I-880 S/B,CENTRAL AVENUE O/C,250,N,N,A,-,Y,,,880,,,,,,S,Y,4,0,3,3,A,-,3,22350,,N,C,C,A,A,H,-,A,D,0,,,,,Y,,A,8,0,0,3,0,0,0,0,0,0,- ,- ,37.53961,-122.01783,ALAMEDA,FREMONT,-122.0178135,37.53962226
90007463,2015,10/19/15,9390,7/27/15,1555,15650,,1,2,6,105,0,1,1,,2,64,I-680 N/B,AUTOMALL PARKWAY,1056,N,N,A,-,Y,,,680,,,,,,N,Y,3,0,1,3,A,-,3,22350,,N,C,C,A,A,H,-,A,D,0,,,Y,,Y,,C,2,0,1,0,0,0,0,0,0,1,- ,- ,37.51707,-121.94001,ALAMEDA,FREMONT,-121.9406643,37.51672802
90007774,2015,10/19/15,9345,7/31/15,1900,20683,,5,2,6,105,0,1,1,,2,71,I-880 N/B,DECOTO RD,1500,S,N,A,-,Y,,,880,,,,,,N,Y,3,0,1,2,A,-,7,21658,A,N,B,C,A,A,H,-,A,D,0,,,Y,,Y,,A,7,0,1,0,0,0,0,0,0,1,- ,- ,37.55203,-122.02655,ALAMEDA,FREMONT,-122.0266135,37.55198313
90007780,2015,10/19/15,9345,8/1/15,100,20686,,6,3,6,105,0,1,3,,1,184,SR-84 N/B,I-880,1571,S,N,A,-,Y,,,84,,,,,,N,Y,3,0,1,1,A,-,8,22107,,N,E,I,A,A,H,-,C,D,0,,,,,Y,,A,1,0,1,0,0,0,0,0,0,0,- ,- ,37.55966,-122.04162,ALAMEDA,FREMONT,-122.0415383,37.55959402
90009412,2015,10/19/15,9345,8/9/15,1340,20193,,7,1,6,105,0,1,1,,2,71,I-880 S/B,N. FREMONT BLVD,500,S,N,A,-,Y,,,880,,,,,,S,Y,4,0,1,3,A,-,3,22350,,N,C,C,A,A,H,-,A,D,0,,,,,Y,,D,22,0,0,1,0,0,0,0,0,0,- ,- ,37.57506,-122.04737,ALAMEDA,FREMONT,-122.0472627,37.57509635
90009448,2015,10/19/15,9390,8/7/15,1730,20987,,5,2,6,105,0,1,1,,2,64,I-680 S/B,S. MISSION (SR-262),2640,N,N,A,-,Y,,,680,,,,,,S,Y,4,0,2,3,A,-,3,22350,,N,C,C,A,A,H,-,A,D,0,,,,,Y,,A,1,0,0,2,0,0,0,0,0,0,- ,- ,37.5007,-121.9294,ALAMEDA,FREMONT,-121.9293304,37.50077764
90009485,2015,10/19/15,9345,8/10/15,1210,18351,,1,1,6,105,0,1,1,,2,72,I-880 N/B,NORTH FREMONT BLVD,300,N,N,A,-,Y,,,880,,,,,,N,Y,4,0,1,1,C,-,18,,,N,E,I,A,A,H,-,A,D,0,,,,,Y,,-,- ,0,0,1,0,0,0,0,0,0,- ,- ,37.58022,-122.04848,ALAMEDA,FREMONT,-122.0485702,37.58018949
90009854,2015,10/19/15,9345,8/11/15,810,21034,,2,1,6,105,0,1,3,,1,184,STATE ROUTE 84 S/B,SAN MATEO COUNTY LINE,4224,N,N,A,-,Y,,,84,,,,,,S,Y,3,0,1,2,A,-,3,22350,,N,F,A,A,A,H,-,A,D,0,,,Y,,Y,,C,2,0,1,0,0,0,0,0,0,1,- ,- ,37.51364,-122.10902,ALAMEDA,FREMONT,-122.1089278,37.51356051
90009884,2015,10/19/15,9345,8/11/15,1608,19804,,2,2,6,105,0,1,1,,2,71,I-880 N/B (NIMITZ FREEWAY),DECOTO ROAD,2500,S,N,A,-,Y,,,880,,,,,,N,N,4,0,1,2,A,-,3,22350,,N,C,C,A,A,H,-,A,D,0,,,,,Y,,A,1,0,0,1,0,0,0,0,0,0,- ,- ,37.5607,-122.03509,ALAMEDA,FREMONT,-122.0351461,37.5606416
90009972,2015,10/19/15,9390,8/10/15,1425,18694,,1,2,6,105,0,1,1,,2,64,I-680 N/B,PASEO PADRE PKWY O/C,528,N,N,A,-,Y,,,,,,,,,,Y,3,0,1,1,A,-,3,22350,,N,F,A,A,A,H,-,A,D,0,,,Y,,Y,,C,2,0,1,0,0,0,0,0,0,1,- ,- ,,,ALAMEDA,FREMONT,-121.9355007,37.53417768
90010146,2015,10/19/15,9345,8/13/15,802,19804,,4,1,6,105,0,1,1,,2,71,I-880 S/B (NIMITZ FREEWAY),PASEO PADRE PKWY,775,N,N,B,-,Y,,,880,,,,,,S,N,4,0,1,2,A,-,3,22350,,N,C,C,A,A,H,-,A,D,0,,,,,Y,,A,8,0,0,1,0,0,0,0,0,0,- ,- ,37.57281,-122.04647,ALAMEDA,FREMONT,-122.0464777,37.57280734
90010241,2015,10/19/15,9345,8/14/15,537,20214,,5,3,6,105,0,1,1,,2,71,I-880 S/B,CENTRAL AVENUE O/C,350,N,N,B,-,Y,,,880,,,,,,S,Y,4,0,1,3,A,-,3,22350,,N,C,C,A,A,H,-,B,D,0,,,,,Y,,A,1,0,0,1,0,0,0,0,0,0,- ,- ,37.53983,-122.01803,ALAMEDA,FREMONT,-122.0179903,37.53985956
90010694,2015,10/19/15,9390,8/5/15,930,20188,,3,1,6,105,0,1,1,,2,64,I-680 SB,S. MISSION BLVD.,4224,N,N,B,-,Y,,,680,,,,,,S,Y,2,0,1,2,A,-,3,22350,,N,C,C,A,A,H,-,A,D,0,,,,Y,Y,,D,22,1,0,0,0,0,0,0,0,0,- ,- ,37.50056,-121.92922,ALAMEDA,FREMONT,-121.929161,37.50062581
90011552,2015,10/19/15,9345,8/3/15,2248,21066,,1,3,6,105,0,1,1,,2,70,I-880 N/B (NIMITZ FREEWAY),DIXON LANDING ROAD,2640,N,N,A,-,Y,,,880,,,,,,N,Y,2,0,1,1,A,-,1,23152,A,N,E,I,A,A,H,-,D,D,0,,,,,Y,Y,A,7,1,0,0,0,0,0,0,0,0,- ,- ,37.46792,-121.92843,ALAMEDA,FREMONT,-121.9283637,37.46795263
90011725,2015,10/19/15,9345,8/21/15,1735,20802,,5,2,6,105,0,1,1,,2,71,I-880 N/B,CENTRAL AVE,1300,S,N,A,-,Y,,,880,,,,,,N,Y,3,0,1,2,A,-,7,21658,A,F,B,C,A,A,H,-,A,D,0,,,Y,,Y,,D,22,0,1,0,0,0,0,0,0,1,- ,- ,37.53672,-122.01433,ALAMEDA,FREMONT,-122.0143615,37.53667517
90011971,2015,10/19/15,9345,8/15/15,1235,20395,,6,1,6,105,0,1,1,,2,71,I-880 N/B (THE NIMITZ FREEWAY),PASEO PADRE PKY,600,S,N,B,-,Y,,,880,,,,,,N,N,4,0,1,2,A,-,3,22350,,N,C,C,A,A,H,-,A,D,0,,,,,Y,,A,1,0,0,1,0,0,0,0,0,0,- ,- ,37.56936,-122.04418,ALAMEDA,FREMONT,-122.0441876,37.56935427
90012845,2015,10/19/15,9345,8/17/15,305,20802,,1,3,6,105,0,1,1,,2,70,I-880 N/B,AUTO MALL PKY,2500,N,N,A,-,Y,,,880,,,,,,N,Y,3,0,1,2,A,-,3,22350,,N,C,C,A,A,H,-,D,D,0,,,,,Y,,A,1,0,1,0,0,0,0,0,0,0,- ,- ,37.51268,-121.9739,ALAMEDA,FREMONT,-121.9738508,37.51274066
90012975,2015,10/19/15,9345,8/13/15,940,17966,,4,1,6,105,0,1,1,,2,70,I-880 S/B,SANTA CLARA COUNTY LINE,500,N,N,A,-,Y,,,880,,,,,,S,Y,3,0,2,5,A,-,3,22350,,N,C,C,A,A,H,-,A,D,0,,,Y,,Y,,A,1,0,1,1,0,0,0,0,0,1,- ,- ,37.45606,-121.92323,ALAMEDA,FREMONT,-121.9234554,37.45600764
90012978,2015,10/19/15,9345,8/22/15,1245,19994,,6,1,6,105,0,1,1,,2,72,I-880 N/B,N. FREMONT BLVD,700,N,N,A,-,Y,,,880,,,,,,N,Y,4,0,2,2,A,-,3,22350,,N,C,C,A,A,H,-,A,D,0,,,,,Y,,A,1,0,0,2,0,0,0,0,0,0,- ,- ,37.58503,-122.05131,ALAMEDA,FREMONT,-122.0510713,37.58519092
90013383,2015,10/19/15,9345,8/24/15,1500,21022,,1,2,6,105,0,1,1,,2,72,I-880 N/B,N. FREMONT BLVD,500,N,N,A,-,Y,,,880,,,,,,N,N,4,0,1,2,A,-,7,21658,A,N,B,C,A,A,H,-,A,D,0,,,Y,,Y,,A,1,0,0,1,0,0,0,0,0,1,- ,- ,37.58174,-122.04905,ALAMEDA,FREMONT,-122.0491334,37.58170367
90013477,2015,10/19/15,9390,8/16/15,1630,20987,,7,2,6,105,0,1,1,,2,64,I-680 S/B,SCOTT CREEK RD.,700,N,N,A,-,Y,,,680,,,,,,S,N,4,0,1,3,A,-,8,22107,,N,C,E,A,A,H,-,A,D,0,,,,Y,Y,,A,1,0,0,1,0,0,0,0,0,0,- ,- ,37.4681,-121.9073,ALAMEDA,FREMONT,-121.9072604,37.46813189
90013661,2015,10/19/15,9345,8/25/15,815,17406,,2,1,6,105,0,1,3,,1,184,SR-84 S/B,THE SR-84 TOLL PLAZA,2640,S,N,B,-,Y,,,84,,,,,,S,Y,4,0,1,2,A,-,7,21658,A,N,B,C,A,A,H,-,A,D,0,,,Y,,Y,,D,22,0,0,1,0,0,0,0,0,1,- ,- ,37.53306,-122.08525,ALAMEDA,FREMONT,-122.085257,37.53310401
90013760,2015,10/19/15,9345,8/29/15,1835,20802,,6,2,6,105,0,1,3,,2,84,I-880 N/B FROM STEVENSON BLVD,STEVENSON BLVD,500,N,N,A,-,Y,,,880,,,,R,,N,Y,4,0,1,2,A,-,3,22350,,N,C,C,A,A,H,-,A,D,0,,,,,Y,,A,1,0,0,1,0,0,0,0,0,0,- ,- ,37.52399,-121.98997,ALAMEDA,FREMONT,-121.98997,37.52399
90013851,2015,10/19/15,9345,8/26/15,1157,19804,,3,1,6,105,0,1,1,,2,71,I-880 N/B (NIMITZ FREEWAY),DECOTO ROAD,1500,S,N,A,-,Y,,,880,,,,,,N,Y,4,0,1,3,A,-,3,22350,,N,C,C,A,A,H,-,A,D,0,,,,,Y,,A,8,0,0,1,0,0,0,0,0,0,- ,- ,37.5616,-122.0361,ALAMEDA,FREMONT,-122.0361339,37.56156368