CASE_ID,ACCIDENT_YEAR,PROC_DATE,JURIS,COLLISION_DATE,COLLISION_TIME,OFFICER_ID,REPORTING_DISTRICT,DAY_OF_WEEK,CHP_SHIFT,POPULATION,CNTY_CITY_LOC,SPECIAL_COND,BEAT_TYPE,CHP_BEAT_TYPE,CITY_DIVISION_LAPD,CHP_BEAT_CLASS,BEAT_NUMBER,PRIMARY_RD,SECONDARY_RD,DISTANCE,DIRECTION,INTERSECTION,WEATHER_1,WEATHER_2,STATE_HWY_IND,CALTRANS_COUNTY,CALTRANS_DISTRICT,STATE_ROUTE,ROUTE_SUFFIX,POSTMILE_PREFIX,POSTMILE,LOCATION_TYPE,RAMP_INTERSECTION,SIDE_OF_HWY,TOW_AWAY,COLLISION_SEVERITY,NUMBER_KILLED,NUMBER_INJURED,PARTY_COUNT,PRIMARY_COLL_FACTOR,PCF_CODE_OF_VIOL,PCF_VIOL_CATEGORY,PCF_VIOLATION,PCF_VIOL_SUBSECTION,HIT_AND_RUN,TYPE_OF_COLLISION,MVIW,PED_ACTION,ROAD_SURFACE,ROAD_COND_1,ROAD_COND_2,LIGHTING,CONTROL_DEVICE,CHP_ROAD_TYPE,PEDESTRIAN_ACCIDENT,BICYCLE_ACCIDENT,MOTORCYCLE_ACCIDENT,TRUCK_ACCIDENT,NOT_PRIVATE_PROPERTY,ALCOHOL_INVOLVED,STWD_VEHTYPE_AT_FAULT,CHP_VEHTYPE_AT_FAULT,COUNT_SEVERE_INJ,COUNT_VISIBLE_INJ,COUNT_COMPLAINT_PAIN,COUNT_PED_KILLED,COUNT_PED_INJURED,COUNT_BICYCLIST_KILLED,COUNT_BICYCLIST_INJURED,COUNT_MC_KILLED,COUNT_MC_INJURED,PRIMARY_RAMP,SECONDARY_RAMP,LATITUDE,LONGITUDE,COUNTY,CITY,POINT_X,POINT_Y
9036052,2020,3/12/20,105,1/5/20,800,14563,266,7,5,6,105,0,0,0,,0,2,FREMONT BL,PASEO PADRE PKWY,0,,Y,A,-,N,,,,,,,,,,Y,3,0,2,2,A,-,12,21453,A,N,D,C,A,A,H,-,A,A,0,,,,,Y,,A,7,0,1,1,0,0,0,0,0,0,- ,- ,,,ALAMEDA,FREMONT,-122.0411987,37.5750885
9036056,2020,3/12/20,105,1/11/20,2320,15892,814,6,5,6,105,0,0,0,,0,1,STEVENSON BL,FREMONT BL,0,,Y,A,-,N,,,,,,,,,,Y,4,0,2,2,D,-,0,,,N,D,C,A,A,H,-,C,A,0,,,,,Y,,-,- ,0,0,2,0,0,0,0,0,0,- ,- ,,,ALAMEDA,FREMONT,-121.9731216,37.54069901
9036060,2020,3/12/20,105,1/9/20,1030,14591,951,4,5,6,105,0,0,0,,0,3,PINE ST,TONICA RD,2,W,N,C,-,N,,,,,,,,,,Y,4,0,1,2,A,-,3,22350,,N,E,I,A,B,H,-,A,A,0,,,,,Y,,A,1,0,0,1,0,0,0,0,0,0,- ,- ,,,ALAMEDA,FREMONT,-121.9217224,37.52501678
9036064,2020,3/12/20,105,1/8/20,957,11621,865,3,5,6,105,0,0,0,,0,1,STEVENSON BL,SUNDALE DR,253,E,N,B,-,N,,,,,,,,,,Y,3,0,1,2,A,-,3,22350,,N,B,E,A,A,H,-,A,D,0,,,,,Y,,A,1,0,1,0,0,0,0,0,0,0,- ,- ,,,ALAMEDA,FREMONT,-121.9814301,37.53065491
9036068,2020,3/12/20,105,1/7/20,849,15844,102,2,5,6,105,0,0,0,,0,2,ARDENWOOD BL,LOWRY RD,722,S,N,A,-,N,,,,,,,,,,Y,4,0,1,2,A,-,3,22350,,N,C,C,A,A,H,-,A,D,0,,,,,Y,,A,7,0,0,1,0,0,0,0,0,0,- ,- ,,,ALAMEDA,FREMONT,-122.0682907,37.56562424
9036081,2020,3/12/20,105,1/11/20,649,12223,273,6,5,6,105,0,0,0,,0,2,DECOTO RD,FREMONT BL,0,,Y,B,-,N,,,,,,,,,,Y,4,0,2,3,A,-,12,21453,A,N,D,C,A,B,H,-,B,A,0,,,,,Y,,D,22,0,0,2,0,0,0,0,0,0,- ,- ,,,ALAMEDA,FREMONT,-122.0326004,37.57086945
9036085,2020,5/14/20,105,1/9/20,826,2909,1157,4,5,6,105,0,0,0,,0,3,FREMONT BL,DIXON LANDING RD,250,N,N,A,-,N,,,,,,,,,,N,3,0,1,2,A,-,3,22350,,N,H,G,A,A,H,-,C,D,0,,Y,,,Y,,L,4,0,1,0,0,0,0,1,0,0,- ,- ,,,ALAMEDA,FREMONT,-121.9267731,37.45595551
90362171,2017,1/5/17,9345,1/1/17,430,20821,,7,3,6,105,0,1,1,,2,70,I-880 SOUTHBOUND (NIMITZ FREEWAY),SOUTH FREMONT BOULEVARD,450,N,N,A,-,Y,,,880,,,,,,S,Y,4,0,1,2,A,-,3,22350,,M,C,C,A,A,H,-,D,D,0,,,,,Y,,-,99,0,0,1,0,0,0,0,0,0,- ,- ,37.49639,-121.95357,ALAMEDA,FREMONT,-121.953597,37.49635529
90362646,2017,1/5/17,9345,1/4/17,712,21398,,3,1,6,105,0,1,3,,1,184,SR-84 SOUTHBOUND,KGO BUILDING,500,S,N,C,-,Y,,,,,,,,,,N,4,0,1,2,A,-,3,22350,,N,C,C,A,B,H,-,A,D,0,,,,,Y,,A,1,0,0,1,0,0,0,0,0,0,- ,- ,37.51392,-122.09922,ALAMEDA,FREMONT,,
90363594,2017,1/9/17,9345,1/5/17,1803,20802,,4,2,6,105,0,1,1,,2,71,I-880 NORTHBOUND (NIMITZ FREEWAY),CENTRAL AVE,500,N,N,A,-,Y,,,880,,,,,,N,N,4,0,1,3,A,-,3,22350,,M,C,C,A,A,H,-,D,D,0,,,,,Y,,A,1,0,0,1,0,0,0,0,0,0,- ,- ,37.54111,-122.01859,ALAMEDA,FREMONT,-122.018514,37.54116685
90363601,2017,1/9/17,9345,1/3/17,555,21330,,2,3,6,105,0,1,3,,2,262,SR-262 N/B,WARM SPRINGS BOULEVARD,1500,S,N,B,C,Y,,,262,,,,,,N,Y,4,0,1,1,A,-,3,22350,,N,E,I,A,B,H,-,D,D,0,,,,,Y,,A,1,0,0,1,0,0,0,0,0,0,- ,- ,37.48526,-121.93408,ALAMEDA,FREMONT,-121.9340016,37.48517896
9036362,2020,3/17/20,105,1/11/20,1500,12223,580,6,5,6,105,0,0,0,,0,2,BLACOW RD,ROSELLE CMN,0,,Y,A,-,N,,,,,,,,,,Y,3,0,1,2,A,-,7,21658,A,N,B,C,A,A,H,-,A,D,0,,,Y,,Y,,A,7,0,1,0,0,0,0,0,0,1,- ,- ,,,ALAMEDA,FREMONT,-122.0170135,37.54597092
9036366,2020,3/17/20,105,1/11/20,2051,14175,679,6,5,6,105,0,0,0,,0,0Z2,MOWRY AV,BELL ST,187,W,N,A,-,N,,,,,,,,,,N,3,0,1,2,A,-,11,21954,A,N,G,B,D,A,H,-,C,D,0,Y,,,,Y,,N,60,0,1,0,0,1,0,0,0,0,- ,- ,,,ALAMEDA,FREMONT,-121.9897461,37.54729462
90365191,2017,1/10/17,9345,1/6/17,1630,21292,,5,2,6,105,0,1,1,,2,71,I-880 S/B(NIMITZ FREEWAY),CENTRAL AVE,1000,S,N,A,-,Y,,,880,,,,,,S,Y,4,0,1,3,A,-,7,21658,A,N,C,C,A,A,H,-,A,D,0,,,,,Y,,A,8,0,0,1,0,0,0,0,0,0,- ,- ,37.53779,-122.01618,ALAMEDA,FREMONT,-122.0162161,37.53775409
90365925,2017,1/10/17,9390,1/8/17,1405,20013,,7,2,6,105,0,1,1,,2,64,I-680 SOUTHBOUND,SCOTT CREEK ROAD,528,N,N,C,-,Y,,,680,,,,,,S,Y,4,0,1,1,A,-,8,22107,,N,E,I,A,B,H,-,A,D,0,,,,,Y,,A,1,0,0,1,0,0,0,0,0,0,- ,- ,37.4716,-121.9096,ALAMEDA,FREMONT,-121.9098376,37.47144485
90365946,2017,1/10/17,9345,1/8/17,1515,21192,,7,2,6,105,0,1,1,,2,70,I-880 NORTHBOUND (NIMITZ FREEWAY),AUTO MALL PARKWAY,1320,N,N,B,C,Y,,,880,,,,,,N,Y,3,0,1,1,A,-,3,22350,,N,E,I,A,B,H,-,A,D,0,,,,,Y,,A,1,0,1,0,0,0,0,0,0,0,- ,- ,37.50914,-121.96957,ALAMEDA,FREMONT,-121.9694996,37.50922839
90365995,2017,1/10/17,9345,1/5/17,1915,20288,,4,2,6,105,0,1,1,,2,70,I-880 N/B,FREMONT BLVD,2112,S,N,A,-,Y,,,,,,,,,,Y,4,0,1,1,A,-,8,22107,,N,B,J,A,A,H,-,D,D,0,,,,,Y,,D,22,0,0,1,0,0,0,0,0,0,- ,- ,37.75416,-121.73464,ALAMEDA,FREMONT,-121.9432996,37.48879393
90367033,2017,1/11/17,9345,1/7/17,1610,21246,,6,2,6,105,0,1,1,,2,70,I-880 N/B (NIMITZ FREEWAY),MISSION BOULEVARD,600,S,N,B,-,Y,,,880,,,,,,N,Y,4,0,1,2,A,-,7,21658,A,N,C,C,A,A,H,-,A,D,0,,,,,Y,,A,8,0,0,1,0,0,0,0,0,0,- ,- ,37.47943,-121.93396,ALAMEDA,FREMONT,-121.9340055,37.479408
90367317,2017,2/24/17,9345,1/11/17,755,20833,,3,1,6,105,0,1,1,,2,71,I-880 S/B (NIMITZ FREEWAY),THORNTON AVE,800,N,N,B,-,Y,,,880,,,,,,S,Y,4,0,2,3,A,-,3,22350,,N,C,C,A,B,H,-,A,D,0,,,,,Y,,A,1,0,0,2,0,0,0,0,0,0,- ,- ,37.5514,-122.02664,ALAMEDA,FREMONT,-122.0266507,37.55139183
90369277,2017,1/13/17,9390,1/13/17,835,19587,,5,1,6,105,0,1,1,,2,64,I-680 SOUTHBOUND,DURHAM ROAD,500,N,N,A,-,Y,,,680,,,,,,S,Y,4,0,3,4,A,-,3,22350,,N,C,C,A,A,H,-,A,D,0,,,,,Y,,A,1,0,0,3,0,0,0,0,0,0,- ,- ,37.51576,-121.94048,ALAMEDA,FREMONT,-121.9405726,37.51570828
90370552,2017,1/17/17,9345,1/11/17,1820,20802,,3,2,6,105,0,1,1,,2,70,I-880 NORTHBOUND (NIMITZ FREEWAY),DIXON LANDING RD.,2112,N,N,A,-,Y,,,880,,,,,,N,Y,4,0,2,3,A,-,3,22350,,N,C,C,A,A,H,-,D,D,0,,,,,Y,,A,7,0,0,2,0,0,0,0,0,0,- ,- ,37.45935,-121.92415,ALAMEDA,FREMONT,-121.9241516,37.45934931
90370899,2017,1/17/17,9345,1/16/17,1750,20802,,1,2,6,105,0,1,1,,2,71,I-880 S/B,MOWRY AVE,1000,N,N,A,-,Y,,,880,,,,,,S,N,4,0,4,2,A,-,4,21703,,N,C,C,A,A,H,-,D,D,0,,,,,Y,,A,7,0,0,4,0,0,0,0,0,0,- ,- ,37.53284,-122.00816,ALAMEDA,FREMONT,-122.0081539,37.53285126
90371222,2017,1/18/17,9345,1/9/17,1845,21203,,1,2,6,105,0,1,1,,2,71,I-880 NORTHBOUND (NIMITZ FREEWAY),DECOTO ROAD,780,N,N,B,C,Y,,,880,,,,,,N,Y,4,0,2,3,A,-,7,21658,A,N,B,C,A,B,H,-,D,D,0,,,,,Y,,-,99,0,0,2,0,0,0,0,0,0,- ,- ,37.56568,-122.04046,ALAMEDA,FREMONT,-122.0404976,37.56563995
9037158,2020,9/24/20,105,1/21/20,1233,14175,2000,2,5,6,105,0,0,0,,0,0Z1,STEVENSON BL,RT 880,5,E,N,B,-,Y,ALA,4,880,-,-,6.444,R,4,S,Y,4,0,1,2,A,-,3,22350,,N,C,C,A,A,H,-,A,A,0,,,,,Y,,D,22,0,0,1,0,0,0,0,0,0,- ,SF,,,ALAMEDA,FREMONT,-121.9908752,37.52389145
90372054,2017,2/24/17,9345,1/14/17,1430,21246,,6,2,6,105,0,1,1,,2,71,I-880 N/B (NIMITZ FREEWAY),DECOTO ROAD,1200,S,N,A,-,Y,,,880,,,,,,N,Y,3,0,1,2,A,-,7,21658,A,N,C,C,A,A,H,-,A,D,0,,,,,Y,,A,1,0,1,0,0,0,0,0,0,0,- ,- ,37.55933,-122.03368,ALAMEDA,FREMONT,-122.0337094,37.55929843
90372076,2017,1/18/17,9345,1/13/17,1745,21398,,5,2,6,105,0,1,3,,1,184,SR-84 NORTHBOUND,TOLL PLAZA,700,S,N,A,-,Y,,,84,,,,,,N,N,4,0,1,2,A,-,3,22350,,N,C,C,A,A,H,-,C,D,0,,,,,Y,,A,1,0,0,1,0,0,0,0,0,0,- ,- ,37.53434,-122.07728,ALAMEDA,FREMONT,-122.077285,37.53435624
90372681,2017,1/19/17,9390,1/13/17,2020,20013,,5,2,6,105,0,1,1,,2,65,I-680 NORTHBOUND,SHERIDAN ROAD,2640,S,N,A,-,Y,,,680,,,,,,N,N,4,0,1,2,A,-,3,22350,,N,C,C,A,A,H,-,D,D,0,,,,,Y,,A,1,0,0,1,0,0,0,0,0,0,- ,- ,37.5591,-121.9124,ALAMEDA,FREMONT,-121.912381,37.55907319
90372935,2017,1/19/17,9345,1/17/17,1825,20802,,2,2,6,105,0,1,1,,2,70,I-880 NORTHBOUND (NIMITZ FREEWAY),DIXON LANDING RD.,2000,N,N,A,-,Y,,,880,,,,,,N,N,4,0,1,2,A,-,3,22350,,N,C,C,A,A,H,-,D,D,0,,,,,Y,,D,22,0,0,1,0,0,0,0,0,0,- ,- ,37.45984,-121.92441,ALAMEDA,FREMONT,-121.9243781,37.45985431
90372945,2017,1/19/17,9390,1/17/17,1445,21468,,2,2,6,105,0,1,1,,2,64,I-680 NORTHBOUND,SR-262 / SOUTH MISSION BOULEVARD,2640,N,N,A,-,Y,,,680,,,,,,N,N,4,0,2,2,A,-,3,22350,,N,C,C,A,A,H,-,A,D,0,,,,,Y,,A,7,0,0,2,0,0,0,0,0,0,- ,- ,37.503,-121.9316,ALAMEDA,FREMONT,-121.9315384,37.50306818
90373210,2017,2/22/17,9390,1/9/17,910,20799,,1,1,6,105,0,1,1,,2,64,I-680 SOUTHBOUND,PASEO PADRE PARKWAY OVERCROSSING,200,N,N,A,-,Y,,,680,,,,,,S,Y,4,0,6,5,A,-,3,22350,,N,C,C,A,A,H,-,A,D,0,,,,,Y,,A,8,0,0,6,0,0,0,0,0,0,- ,- ,37.53355,-121.93701,ALAMEDA,FREMONT,-121.9370663,37.53365629
90374006,2017,1/20/17,9390,1/19/17,1800,21468,,4,2,6,105,0,1,1,,2,64,I-680 SOUTHBOUND,SR-262 / SOUTH MISSION BOULEVARD,2640,N,N,A,-,Y,,,680,,,,,,S,Y,4,0,1,2,A,-,3,22350,,N,C,C,A,A,H,-,D,D,0,,,,,Y,,D,22,0,0,1,0,0,0,0,0,0,- ,- ,37.50023,-121.92886,ALAMEDA,FREMONT,-121.9287974,37.50029986
9037477,2020,2/26/20,105,1/4/20,1549,15734,1215,6,5,6,105,0,0,0,,0,3,GRAPEVINE TER,RUTHERFORD TER N,200,N,N,A,-,N,,,,,,,,,,N,4,0,1,2,D,-,0,,,N,B,C,A,A,H,-,A,D,0,,,,,Y,,-,- ,0,0,1,0,0,0,0,0,0,- ,- ,,,ALAMEDA,FREMONT,-121.9088669,37.50878143
9037552,2020,11/20/20,105,1/13/20,1542,12745,1167,1,5,6,105,0,0,0,,0,3,AUTO MALL PKWY,RT 680,50,W,N,A,-,Y,ALA,4,880,-,-,4.553,R,4,S,Y,4,0,1,3,A,-,7,21658,A,N,B,C,A,A,H,-,A,A,0,,,,,Y,,A,1,0,0,1,0,0,0,0,0,0,- ,- ,,,ALAMEDA,FREMONT,-121.9655762,37.50563812
9037681,2020,3/17/20,105,1/16/20,1522,12745,976,4,5,6,105,0,0,0,,0,3,MISSION BL,VERDE WY,144,S,N,B,C,N,,,,,,,,,,Y,4,0,3,3,A,-,3,22350,,N,C,C,A,B,H,-,A,A,0,,,,,Y,,A,1,0,0,3,0,0,0,0,0,0,- ,- ,,,ALAMEDA,FREMONT,-121.922821,37.53842163
9037736,2019,2/7/20,105,12/3/19,528,14530,776,2,5,6,105,0,0,0,,0,1,PASEO PADRE PKWY,WALNUT AV,0,,Y,A,-,N,,,,,,,,,,Y,4,0,1,2,A,-,9,21453,C,N,A,C,A,A,H,-,C,A,0,,,,,Y,,A,1,0,0,1,0,0,0,0,0,0,- ,- ,,,ALAMEDA,FREMONT,-121.9778671,37.55186844
90377383,2017,1/25/17,9345,1/16/17,2225,20864,,1,3,6,105,0,1,1,,2,70,I-880 NORTHBOUND (NIMITZ FREEWAY),DIXON LANDING RD,1056,N,N,A,-,Y,,,880,,,,,,N,N,4,0,1,1,C,-,18,,,N,E,J,A,A,H,-,D,D,0,,,,,Y,,-,- ,0,0,1,0,0,0,0,0,0,- ,- ,37.45987,-121.92479,ALAMEDA,FREMONT,-121.924453,37.4600212
90377401,2017,1/25/17,9390,1/19/17,1801,21468,,4,2,6,105,0,1,1,,2,64,I-680 SOUTHBOUND,SR-262 / SOUTH MISSION BOULEVARD,2640,N,N,A,-,Y,,,680,,,,,,S,Y,4,0,2,3,A,-,3,22350,,N,C,C,A,A,H,-,D,D,0,,,,,Y,,A,7,0,0,2,0,0,0,0,0,0,- ,- ,37.50023,-121.92886,ALAMEDA,FREMONT,-121.9287974,37.50029986
9037742,2020,3/17/20,105,1/14/20,1930,15856,FREMI,2,5,6,105,0,0,0,,0,2,DECOTO RD,MT PALOMAR CT,0,,Y,A,-,N,,,,,,,,,,N,4,0,1,2,A,-,3,22350,,N,C,C,A,A,H,-,C,A,0,,,,,Y,,A,1,0,0,1,0,0,0,0,0,0,- ,- ,,,ALAMEDA,FREMONT,-122.0310364,37.57242966
9037746,2020,3/17/20,105,1/14/20,606,14592,,2,5,6,105,0,0,0,,0,,BLACOW RD,HILO ST,0,,Y,C,-,N,,,,,,,,,,Y,4,0,1,2,A,-,12,21453,A,N,D,C,A,B,H,-,C,A,0,,,,,Y,,-,- ,0,0,1,0,0,0,0,0,0,- ,- ,,,ALAMEDA,FREMONT,-121.979187,37.52619171
9037750,2020,3/17/20,105,1/15/20,833,11621,811,3,5,6,105,0,0,0,,0,1,COSMIC WY,STELLAR CT,6,W,N,A,-,N,,,,,,,,,,N,3,0,1,2,A,-,9,21801,A,N,B,C,A,A,H,-,A,D,0,,,,,Y,,A,1,0,1,0,0,0,0,0,0,0,- ,- ,,,ALAMEDA,FREMONT,-121.9680023,37.54086685
90377514,2017,1/25/17,9345,1/19/17,1523,20802,,4,2,6,105,0,1,1,,2,70,I-880 NORTHBOUND (NIMITZ FREEWAY),AUTO MALL PKY,420,N,N,A,-,Y,,,880,,,,,,N,Y,3,0,1,3,A,-,7,21658,A,N,D,C,A,A,H,-,A,D,0,,,,Y,Y,,A,1,0,1,0,0,0,0,0,0,0,- ,- ,37.50773,-121.96768,ALAMEDA,FREMONT,-121.9676564,37.50775961
9037754,2020,3/17/20,105,1/16/20,1751,15855,263,4,5,6,105,0,0,0,,0,2,PASEO PADRE PKWY,WARWICK RD,416,N,N,B,-,N,,,,,,,,,,N,4,0,1,2,A,-,3,22350,,N,C,C,A,A,H,-,C,D,0,,,,,Y,,A,7,0,0,1,0,0,0,0,0,0,- ,- ,,,ALAMEDA,FREMONT,-122.0299377,37.57909775
9037757,2020,3/18/20,105,1/19/20,1830,15856,927,7,5,6,105,0,0,0,,0,3,AUTO MALL PKWY,OSGOOD RD,0,,Y,A,-,N,,,,,,,,,,Y,4,0,1,2,A,-,7,21658,A,N,B,C,A,A,H,-,C,A,0,,,,,Y,,A,8,0,0,1,0,0,0,0,0,0,- ,- ,,,ALAMEDA,FREMONT,-121.9426575,37.51387024
9037764,2020,3/18/20,105,1/21/20,1630,15837,455,2,5,6,105,0,0,0,,0,2,ALDER AV,FREMONT BL,0,,Y,B,-,N,,,,,,,,,,Y,4,0,1,3,A,-,8,22107,,N,B,C,A,A,H,-,A,A,0,,,,,Y,,A,1,0,0,1,0,0,0,0,0,0,- ,- ,,,ALAMEDA,FREMONT,-122.0159912,37.56269836
9037772,2020,6/4/20,105,1/9/20,813,14591,502,4,5,6,105,0,0,0,,0,2,RT 84,CONTRA COSTA AV,109,E,N,A,-,N,,,,,,,,,,N,4,0,2,3,A,-,3,22350,,N,C,C,A,A,H,-,A,A,0,,,,,Y,,A,1,0,0,2,0,0,0,0,0,0,- ,- ,,,ALAMEDA,FREMONT,-122.0158844,37.55506897
9037776,2020,3/17/20,105,1/22/20,1409,14175,648,3,5,6,105,0,0,0,,0,0Z1,FREMONT BL,MONROE AV,0,,Y,B,-,N,,,,,,,,,,Y,3,0,1,2,A,-,9,21800,A,N,D,C,A,A,H,-,A,D,0,,,,,Y,,A,1,0,1,0,0,0,0,0,0,0,- ,- ,,,ALAMEDA,FREMONT,-121.9908218,37.5498085
90378422,2017,1/26/17,9345,1/25/17,805,20833,,3,1,6,105,0,1,1,,2,71,I-880 S/B (NIMITZ FREEWAY),THORNTON AVE,5,N,N,A,-,Y,,,880,,,,,,S,Y,4,0,1,3,A,-,3,22350,,M,C,C,A,A,D,-,A,D,0,,,,,Y,,A,7,0,0,1,0,0,0,0,0,0,- ,- ,37.54637,-122.02289,ALAMEDA,FREMONT,-122.0228722,37.54638337
9037951,2020,2/13/20,105,1/7/20,115,14703,814,2,5,6,105,0,0,0,,0,2,DECOTO RD,FREMONT BL,0,,Y,A,-,N,,,,,,,,,,Y,4,0,1,1,A,-,8,22107,,N,E,I,A,-,H,-,C,D,0,,,,,Y,,J,48,0,0,1,0,0,0,0,0,0,- ,- ,,,ALAMEDA,FREMONT,-122.0326004,37.57086945
90380682,2017,1/30/17,9345,1/23/17,11,21220,,1,3,6,105,0,1,1,,2,72,I-880- N/B FROM ALVARADO-NILES ROAD,ALVARADO-NILES ROAD,300,N,N,C,-,Y,,,,,,,,,,Y,4,0,3,1,A,-,8,22107,,N,E,I,A,B,H,-,D,D,0,,,,,Y,,A,1,0,0,3,0,0,0,0,0,0,- ,- ,37.59942,-122.05953,ALAMEDA,FREMONT,-122.0613494,37.59948302
90382065,2017,2/1/17,9345,1/29/17,239,21093,,7,3,6,105,0,1,1,,2,70,I-880 N/B,AUTO MALL PKY,800,S,N,A,-,Y,,,880,,,,,,N,Y,3,0,2,2,A,-,1,23152,A,N,C,C,A,A,H,-,D,D,0,,,,,Y,Y,A,1,0,1,1,0,0,0,0,0,0,- ,- ,37.50568,-121.96523,ALAMEDA,FREMONT,-121.9651831,37.50573809
90383197,2017,2/2/17,9390,1/20/17,1553,18547,,5,2,6,105,0,1,1,,2,64,I-680 NORTHBOUND,SR-262 / SOUTH MISSION BOULEVARD,100,N,N,B,-,Y,,,680,,,,,,N,Y,3,0,1,2,C,-,18,,,N,C,C,A,B,H,-,A,D,0,,,,,Y,,-,- ,0,1,0,0,0,0,0,0,0,- ,- ,37.496,-121.9236,ALAMEDA,FREMONT,-121.9235745,37.49602853
90383818,2017,2/1/17,9345,1/30/17,1405,21203,,1,2,6,105,0,1,1,,2,71,I-880 NORTHBOUND (NIMITZ FREEWAY),PASEO PADRE PARKWAY,850,N,N,A,-,Y,,,880,,,,,,N,Y,4,0,1,2,A,-,8,22107,,N,E,I,A,A,H,-,A,D,0,,,,,Y,,A,1,0,0,1,0,0,0,0,0,0,- ,- ,37.57306,-122.04624,ALAMEDA,FREMONT,-122.0461494,37.57309206
90385453,2017,2/3/17,9390,1/28/17,2115,21478,,6,2,6,105,0,1,1,,2,64,I-680 NORTHBOUND,WASHINGTON BOULEVARD,300,S,N,A,-,Y,,,680,,,,,,N,N,4,0,1,2,A,-,3,22350,,N,C,C,A,A,H,-,C,D,0,,,,,Y,,A,1,0,0,1,0,0,0,0,0,0,- ,- ,37.53016,-121.94282,ALAMEDA,FREMONT,-121.9428064,37.53013983
90385463,2017,2/3/17,9390,1/27/17,1830,18547,,5,2,6,105,0,1,1,,2,64,I-680 SOUTHBOUND,SR-262 / SOUTH MISSION BOULEVARD,2640,N,N,A,-,Y,,,680,,,,,,S,Y,3,0,2,3,A,-,3,22350,,N,C,C,A,A,H,-,D,D,0,,,,,Y,,A,1,0,1,1,0,0,0,0,0,0,- ,- ,37.50247,-121.9313,ALAMEDA,FREMONT,-121.9312637,37.50251054
90385692,2017,2/3/17,9390,1/25/17,1830,18547,,3,2,6,105,0,1,1,,2,64,I-680 NORTHBOUND,SR-262 / SOUTH MISSION BOULEVARD,5280,S,N,A,-,Y,,,680,,,,,,N,N,4,0,5,4,A,-,3,22350,,N,C,C,A,A,H,-,D,D,0,,,,,Y,,A,1,0,0,5,0,0,0,0,0,0,- ,- ,37.48399,-121.91373,ALAMEDA,FREMONT,-121.9137441,37.48398344
90385721,2017,2/3/17,9390,1/26/17,850,17966,,4,1,6,105,0,1,1,,2,64,I-680 SOUTHBOUND,WASHINGTON BL.,1056,N,N,B,-,Y,,,680,,,,,,S,Y,4,0,1,4,A,-,3,22350,,M,C,C,A,A,H,-,A,D,0,,,,,Y,,-,99,0,0,1,0,0,0,0,0,0,- ,- ,37.53417,-121.93604,ALAMEDA,FREMONT,-121.9360476,37.53418473
90387196,2017,2/7/17,9390,2/1/17,1915,15650,,3,2,6,105,0,1,1,,2,64,I-680 N/B,AUTO MALL PARKWAY,1056,S,N,A,-,Y,,,680,,,,,,N,N,4,0,1,2,A,-,3,22350,,N,C,C,A,A,H,-,D,D,0,,,,Y,Y,,G,25,0,0,1,0,0,0,0,0,0,- ,- ,37.50983,-121.9367,ALAMEDA,FREMONT,-121.9367684,37.50979075
9038726,2020,11/3/20,105,1/17/20,659,14591,488,5,5,6,105,0,0,0,,0,2,RT 84,BLACOW RD,0,,Y,A,-,Y,ALA,4,84,-,-,7.05,I,5,N,Y,4,0,1,2,A,-,12,21453,A,N,D,C,A,A,H,-,A,A,0,,,,,Y,,-,- ,0,0,1,0,0,0,0,0,0,- ,- ,,,ALAMEDA,FREMONT,-122.0215225,37.54819107
90387299,2017,2/7/17,9390,1/31/17,1110,20357,,2,1,6,105,0,1,1,,2,64,I-680 S/B,S. MISSION BLVD.,1320,N,N,A,-,Y,,,680,,,,,,S,Y,3,0,1,2,A,-,7,21658,A,N,B,C,A,A,H,-,A,D,0,,,Y,,Y,,C,2,0,1,0,0,0,0,0,0,1,- ,- ,37.55412,-121.91692,ALAMEDA,FREMONT,-121.9169936,37.55416588
9038743,2020,10/20/20,105,1/25/20,1915,15836,,6,5,6,105,0,0,0,,0,,AUTO MALL PKWY,RT 880,44,W,N,A,-,Y,ALA,4,880,-,-,4.53,R,4,N,Y,4,0,3,2,A,-,1,23153,A,N,C,C,A,A,H,-,C,A,0,,,,,Y,Y,A,1,0,0,3,0,0,0,0,0,0,- ,NF,,,ALAMEDA,FREMONT,-121.9649429,37.50554657
90388142,2017,2/8/17,9345,1/31/17,1210,21330,,2,1,6,105,0,1,1,,2,71,I-880 S/B (NIMITZ FREEWAY),UNION PACIFIC RAILROAD,245,S,N,A,-,Y,,,880,,,,,,S,Y,3,0,1,1,A,-,8,22107,,N,F,A,A,A,H,-,A,D,0,,,,,Y,,A,7,0,1,0,0,0,0,0,0,0,- ,- ,37.54217,-122.01967,ALAMEDA,FREMONT,-122.0197078,37.54214134
90389216,2017,2/9/17,9345,2/2/17,800,20920,,4,1,6,105,0,1,1,,2,71,I-880 (NIMITZFREEWAY),DECOTO RD,1000,N,N,B,-,Y,,,880,,,,,,,Y,4,0,1,2,A,-,3,22350,,N,C,C,A,B,D,-,A,D,0,,,,,Y,,D,22,0,0,1,0,0,0,0,0,0,- ,- ,37.5668,-122.04165,ALAMEDA,FREMONT,-122.0416892,37.56675829