CASE_ID,ACCIDENT_YEAR,PROC_DATE,JURIS,COLLISION_DATE,COLLISION_TIME,OFFICER_ID,REPORTING_DISTRICT,DAY_OF_WEEK,CHP_SHIFT,POPULATION,CNTY_CITY_LOC,SPECIAL_COND,BEAT_TYPE,CHP_BEAT_TYPE,CITY_DIVISION_LAPD,CHP_BEAT_CLASS,BEAT_NUMBER,PRIMARY_RD,SECONDARY_RD,DISTANCE,DIRECTION,INTERSECTION,WEATHER_1,WEATHER_2,STATE_HWY_IND,CALTRANS_COUNTY,CALTRANS_DISTRICT,STATE_ROUTE,ROUTE_SUFFIX,POSTMILE_PREFIX,POSTMILE,LOCATION_TYPE,RAMP_INTERSECTION,SIDE_OF_HWY,TOW_AWAY,COLLISION_SEVERITY,NUMBER_KILLED,NUMBER_INJURED,PARTY_COUNT,PRIMARY_COLL_FACTOR,PCF_CODE_OF_VIOL,PCF_VIOL_CATEGORY,PCF_VIOLATION,PCF_VIOL_SUBSECTION,HIT_AND_RUN,TYPE_OF_COLLISION,MVIW,PED_ACTION,ROAD_SURFACE,ROAD_COND_1,ROAD_COND_2,LIGHTING,CONTROL_DEVICE,CHP_ROAD_TYPE,PEDESTRIAN_ACCIDENT,BICYCLE_ACCIDENT,MOTORCYCLE_ACCIDENT,TRUCK_ACCIDENT,NOT_PRIVATE_PROPERTY,ALCOHOL_INVOLVED,STWD_VEHTYPE_AT_FAULT,CHP_VEHTYPE_AT_FAULT,COUNT_SEVERE_INJ,COUNT_VISIBLE_INJ,COUNT_COMPLAINT_PAIN,COUNT_PED_KILLED,COUNT_PED_INJURED,COUNT_BICYCLIST_KILLED,COUNT_BICYCLIST_INJURED,COUNT_MC_KILLED,COUNT_MC_INJURED,PRIMARY_RAMP,SECONDARY_RAMP,LATITUDE,LONGITUDE,COUNTY,CITY,POINT_X,POINT_Y
90591963,2017,11/10/17,9390,11/5/17,1730,21452,,7,2,6,105,0,1,1,,2,64,I-680 SOUTHBOUND,SR-262 / SOUTH MISSION BOULEVARD,2640,N,N,A,-,Y,,,680,,,,,,S,Y,4,0,3,2,A,-,3,22350,,N,C,C,A,A,H,-,D,D,0,,,,,Y,,A,7,0,0,3,0,0,0,0,0,0,- ,- ,37.50213,-121.93104,ALAMEDA,FREMONT,-121.9309505,37.50222984
90592218,2017,11/13/17,9345,11/2/17,1445,21898,,4,2,6,105,0,1,1,,2,70,I-880 N/B (NIMITZ FREEWAY),AUTO MALL PKY,300,S,N,A,-,Y,,,880,,,,,,N,N,4,0,1,2,A,-,3,22350,,N,C,C,A,A,H,-,A,D,0,,,,,Y,,A,7,0,0,1,0,0,0,0,0,0,- ,- ,37.5068,-121.9665,ALAMEDA,FREMONT,-121.9664968,37.50680399
90592691,2017,11/13/17,9345,11/11/17,12,20914,,6,3,6,105,0,1,1,,2,72,I-880 S/B TO ALVARADO BOULEVARD,ALVARADO BLVD,450,N,N,A,-,Y,,,880,,,,R,,S,Y,3,0,1,1,A,-,3,22350,,N,F,A,A,A,H,-,C,D,0,,,,,Y,,A,1,0,1,0,0,0,0,0,0,0,- ,- ,37.58046,-122.04986,ALAMEDA,FREMONT,-122.04986,37.58046
90592843,2017,11/13/17,9345,11/9/17,2210,20914,,4,3,6,105,0,1,1,,2,71,I-880 S/B,DECOTO RD,12,S,N,A,-,Y,,,880,,,,,,S,Y,3,0,1,1,A,-,8,22107,,N,E,I,A,A,H,-,C,D,0,,,,,Y,,A,1,0,1,0,0,0,0,0,0,0,- ,- ,37.56378,-122.0388,ALAMEDA,FREMONT,-122.0389015,37.5636718
90593046,2017,11/13/17,9390,11/8/17,1810,20368,,3,2,6,105,0,1,1,,2,64,I-680 SOUTHBOUND,SR-262 / SOUTH MISSION BOULEVARD,2640,N,N,B,-,Y,,,680,,,,,,S,N,4,0,1,2,A,-,3,22350,,N,C,C,A,A,H,-,D,D,0,,,,,Y,,A,1,0,0,1,0,0,0,0,0,0,- ,- ,37.50128,-121.93002,ALAMEDA,FREMONT,-121.9299625,37.50134419
90593845,2017,11/14/17,9345,11/10/17,945,21817,,5,1,6,105,0,1,1,,2,71,I-880 N/B,PASEO PADRE PKY,39.8,N,N,B,-,Y,,,880,,,,,,N,Y,2,0,1,2,A,-,7,21658,A,N,C,C,A,A,H,-,A,D,0,,,,,Y,,A,1,1,0,0,0,0,0,0,0,0,- ,- ,37.57131,-122.04546,ALAMEDA,FREMONT,-122.0454227,37.57132919
90593846,2017,11/14/17,9345,11/9/17,721,21887,,4,1,6,105,0,1,1,,2,71,I-880 S/B (NIMITZ FREEWAY),DECOTO RD,1584,N,N,A,-,Y,,,880,,,,,,S,Y,4,0,1,2,A,-,3,22350,,N,C,C,A,A,H,-,A,D,0,,,,,Y,,A,1,0,0,1,0,0,0,0,0,0,- ,- ,37.56679,-122.04213,ALAMEDA,FREMONT,-122.0421792,37.56673728
90593853,2017,11/14/17,9345,11/13/17,1115,21817,,1,1,6,105,0,1,1,,2,71,I-880 N/B,THORNTON AVENUE,5,N,N,A,-,Y,,,880,,,,,,N,Y,4,0,1,2,A,-,3,22350,,N,C,C,A,A,H,-,A,D,0,,,,Y,Y,,G,27,0,0,1,0,0,0,0,0,0,- ,- ,37.54691,-122.02262,ALAMEDA,FREMONT,-122.0227501,37.5468121
90594121,2017,11/14/17,9345,11/9/17,1730,21741,,4,2,6,105,0,1,1,,2,72,I-880 NORTHBOUND (NIMITZ FREEWAY),WHIPPLE RD,1056,S,N,B,-,Y,,,,,,,,,,Y,3,0,1,2,A,-,7,21658,A,N,B,C,A,A,H,-,C,D,0,,,Y,,Y,,A,7,0,1,0,0,0,0,0,0,1,- ,- ,37.6059,-122.066,ALAMEDA,FREMONT,-122.064782,37.60428084
90594797,2017,11/15/17,9345,11/12/17,1138,21332,,7,1,6,105,0,1,1,,2,71,I-880 S/B,CENTRAL AVE,500,N,N,A,-,Y,,,880,,,,,,S,N,3,0,1,2,A,-,3,22350,,N,C,C,A,A,H,-,A,D,0,,,,,Y,,A,1,0,1,0,0,0,0,0,0,0,- ,- ,37.53977,-122.01785,ALAMEDA,FREMONT,-122.0178973,37.53973474
90594845,2017,11/15/17,9390,11/11/17,1155,20799,,6,1,6,105,0,1,1,,2,64,I-680 NORTHBOUND,DURHAM ROAD,1056,N,N,A,-,Y,,,680,,,,,,N,N,3,0,2,2,A,-,7,21658,A,N,B,C,A,A,H,-,A,D,0,,,,,Y,,A,7,0,1,1,0,0,0,0,0,0,- ,- ,37.51735,-121.94098,ALAMEDA,FREMONT,-121.9410163,37.51732811
90595002,2017,11/15/17,9345,11/10/17,1654,21379,,5,2,6,105,0,1,1,,2,71,I-880 S/B,THORNTON AVE,150,N,N,B,-,Y,,,880,,,,,,S,Y,2,0,1,2,A,-,3,22350,,N,C,C,A,A,H,-,B,D,0,,,Y,,Y,,C,2,1,0,0,0,0,0,0,0,1,- ,- ,37.54715,-122.02331,ALAMEDA,FREMONT,-122.0234006,37.54708304
90595037,2017,11/15/17,9345,11/9/17,1715,21858,,4,2,6,105,0,1,1,,2,70,I-880 N/B,DIXON LANDING RD.,2640,N,N,A,-,Y,,,880,,,,,,N,Y,3,0,2,3,A,-,3,22350,,N,C,C,A,A,H,-,B,D,0,,,,,Y,,D,22,0,1,1,0,0,0,0,0,0,- ,- ,37.46407,-121.92632,ALAMEDA,FREMONT,-121.9264206,37.46402018
90595157,2017,11/15/17,9345,11/15/17,720,21850,,3,1,6,105,0,1,1,,2,71,I-880 S/B,DECOTO ROAD,1000,S,N,C,-,Y,,,880,,,,,,S,N,4,0,1,2,A,-,8,22107,,N,B,C,A,B,H,-,A,D,0,,,,,Y,,A,1,0,0,1,0,0,0,0,0,0,- ,- ,37.55702,-122.03181,ALAMEDA,FREMONT,-122.0317954,37.55703553
9059601,2020,3/27/20,105,3/10/20,1530,15892,105,2,5,6,105,0,0,0,,0,2,PASEO PADRE PKWY,SEQUOIA RD,1109,S,N,A,-,N,,,,,,,,,,Y,4,0,1,1,C,-,18,,,N,E,I,A,A,H,-,A,D,0,,,,,Y,,-,- ,0,0,1,0,0,0,0,0,0,- ,- ,,,ALAMEDA,FREMONT,-122.0059891,37.56378555
90597943,2017,11/20/17,9345,11/7/17,2015,21750,,2,2,6,105,0,1,1,,2,71,I-880 N/B,DECOTO RD,3168,S,N,A,-,Y,,,,,,,,,,Y,4,0,1,3,A,-,3,22350,,N,C,C,A,A,H,-,D,D,0,,,,,Y,,A,1,0,0,1,0,0,0,0,0,0,- ,- ,37.55289,-122.09276,ALAMEDA,FREMONT,-122.0312582,37.55691359
90598034,2017,11/20/17,9390,11/15/17,1115,18544,,3,1,6,105,0,1,1,,2,64,I-680 SOUTHBOUND,S GRIMMER BLVD,780,N,N,B,-,Y,,,680,,,,,,S,Y,4,0,1,3,A,-,3,22350,,N,C,C,A,B,H,-,A,D,0,,,,,Y,,E,22,0,0,1,0,0,0,0,0,0,- ,- ,37.50807,-121.93622,ALAMEDA,FREMONT,-121.9362261,37.5080665
90598405,2017,11/20/17,9345,11/12/17,1735,21750,,7,2,6,105,0,1,1,,2,71,I-880 S/B,ALVARADO BLVD,600,S,N,A,-,Y,,,,,,,,,,Y,4,0,1,2,A,-,3,22350,,N,C,C,A,A,H,-,D,D,0,,,,,Y,,A,1,0,0,1,0,0,0,0,0,0,- ,- ,37.57763,-122.04638,ALAMEDA,FREMONT,-122.0479072,37.57729157
90599079,2017,11/21/17,9390,11/16/17,1125,18544,,4,1,6,105,0,1,1,,2,64,I-680 SOUTHBOUND,SR-262 / SOUTH MISSION BOULEVARD,4752,N,N,C,-,Y,,,680,,,,,,S,Y,4,0,1,3,A,-,3,22350,,N,C,C,A,B,H,-,A,D,0,,,,,Y,,A,1,0,0,1,0,0,0,0,0,0,- ,- ,37.50624,-121.93511,ALAMEDA,FREMONT,-121.9350703,37.5062671
90599169,2017,11/21/17,9390,11/16/17,1545,20368,,4,2,6,105,0,1,1,,2,64,I-680 SOUTHBOUND,SCOTT CREEK ROAD,1056,N,N,B,C,Y,,,680,,,,,,S,Y,4,0,1,1,A,-,3,22350,,N,E,J,A,B,H,-,A,D,0,,,,,Y,,A,1,0,0,1,0,0,0,0,0,0,- ,- ,37.46832,-121.90769,ALAMEDA,FREMONT,-121.9075216,37.46845579
90599599,2017,11/21/17,9345,11/17/17,735,20395,,5,1,6,105,0,1,1,,2,71,I-880 SOUTHBOUND (NIMITZ FREEWAY),THORNTON AVENUE,600,S,N,B,-,Y,,,880,,,,,,S,N,4,0,1,2,A,-,3,22350,,N,C,C,A,B,H,-,A,D,0,,,,,Y,,A,7,0,0,1,0,0,0,0,0,0,- ,- ,37.54305,-122.02054,ALAMEDA,FREMONT,-122.0204364,37.54312091
90600332,2017,11/22/17,9345,11/15/17,1550,21898,,3,2,6,105,0,1,1,,2,70,I-880 N/B,WARREN AVEUNE,1320,S,N,A,-,Y,,,880,,,,,,N,N,4,0,1,2,A,-,7,21658,A,N,B,C,A,A,H,-,A,D,0,,,,Y,Y,,A,1,0,0,1,0,0,0,0,0,0,- ,- ,37.4778,-121.9331,ALAMEDA,FREMONT,-121.9331957,37.47775474
90601409,2017,11/23/17,9345,11/21/17,2013,21817,,2,2,6,105,0,1,1,,2,71,I-880 S/B,THORNTON AVENUE,750,N,N,A,-,Y,,,880,,,,,,S,Y,3,0,2,3,A,-,7,21658,A,N,B,C,A,A,H,-,D,D,0,,,,,Y,,A,1,0,1,1,0,0,0,0,0,0,- ,- ,37.54782,-122.02397,ALAMEDA,FREMONT,-122.0239594,37.54782797
90601579,2017,11/24/17,9390,11/18/17,1025,20799,,6,1,6,105,0,1,1,,2,64,I-680 NORTHBOUND,WASHINGTON BLVD,3168,S,N,A,-,Y,,,680,,,,,,N,Y,3,0,1,4,A,-,3,22350,,N,C,C,A,A,H,-,A,D,0,,,,,Y,,A,7,0,1,0,0,0,0,0,0,0,- ,- ,37.52349,-121.94533,ALAMEDA,FREMONT,-121.9452812,37.52352255
90601698,2017,11/24/17,9390,11/22/17,945,18544,,3,1,6,105,0,1,1,,2,64,I-680 NORTHBOUND,WASHINGTON BL,2640,S,N,A,-,Y,,,680,,,,,,N,Y,4,0,1,5,A,-,3,22350,,N,C,C,A,A,H,-,A,D,0,,,,,Y,,A,7,0,0,1,0,0,0,0,0,0,- ,- ,37.5235,-121.94529,ALAMEDA,FREMONT,-121.9452735,37.52351102
90602861,2017,11/27/17,9345,11/16/17,1530,21379,,4,2,6,105,0,1,1,,2,71,I-880 S/B,PASEO PADRE PKY,100,N,N,C,-,Y,,,880,,,,,,S,N,4,0,1,2,A,-,3,22350,,N,C,C,A,B,H,-,A,D,0,,,,,Y,,A,1,0,0,1,0,0,0,0,0,0,- ,- ,37.57083,-122.04569,ALAMEDA,FREMONT,-122.0456288,37.5708606
90602978,2017,11/27/17,9345,11/21/17,650,21581,,2,1,6,105,0,1,3,,1,184,SR-84 S/B,TOLL PLAZA,1320,S,N,B,-,Y,,,84,,,,,,S,N,4,0,1,2,A,-,3,22350,,M,C,C,A,A,H,-,B,D,0,,,,,Y,,-,99,0,0,1,0,0,0,0,0,0,- ,- ,37.53366,-122.08171,ALAMEDA,FREMONT,-122.0817089,37.53365279
90602980,2017,11/27/17,9345,11/22/17,730,21687,,3,1,6,105,0,1,1,,2,71,I-880 SOUTHBOUND,CENTRAL AVE,1056,N,N,A,-,Y,,,880,,,,,,S,Y,4,0,1,2,A,-,7,21658,A,N,B,C,A,A,H,-,A,D,0,,,Y,,Y,,A,1,0,0,1,0,0,0,0,0,1,- ,- ,37.54142,-122.0189,ALAMEDA,FREMONT,-122.0190641,37.54129512
90603980,2017,11/28/17,9345,11/16/17,1252,21898,,4,1,6,105,0,1,1,,2,71,I-880 SOUTHBOUND,CENTRAL AVENUE OVERCROSSING,474,N,N,B,C,Y,,,880,,,,,,S,Y,3,0,1,2,A,-,7,21658,A,M,E,I,A,B,H,-,A,D,0,,,,,Y,,-,99,0,1,0,0,0,0,0,0,0,- ,- ,37.5399,-122.0179,ALAMEDA,FREMONT,-122.0179775,37.53984229
90604147,2017,11/28/17,9390,11/19/17,1820,21452,,7,2,6,105,0,1,1,,2,64,I-680 SOUTHBOUND,SR-262 / SOUTH MISSION BOULEVARD,3696,N,N,A,-,Y,,,680,,,,,,S,Y,4,0,1,3,A,-,3,22350,,N,C,C,A,A,H,-,D,D,0,,,,,Y,,A,1,0,0,1,0,0,0,0,0,0,- ,- ,37.5034,-121.93244,ALAMEDA,FREMONT,-121.9323573,37.50349176
90605162,2017,11/29/17,9345,11/27/17,300,21653,,1,3,6,105,0,1,1,,2,71,I-880 N/B FROM DECOTO ROAD E/B,DECOTO ROAD,70,S,N,C,-,Y,,,880,,,,R,,N,Y,4,0,1,1,A,-,8,22107,,N,E,J,A,B,H,-,D,D,0,,,,,Y,,A,1,0,0,1,0,0,0,0,0,0,- ,- ,37.56412,-122.03761,ALAMEDA,FREMONT,-122.03761,37.56412
90605421,2017,11/29/17,9390,11/23/17,1544,20368,,4,2,6,105,0,1,1,,2,65,I-680 NORTHBOUND,VARGAS ROAD,2640,S,N,B,-,Y,,,680,,,,,,N,Y,4,0,1,2,A,-,3,22350,,N,C,C,A,A,H,-,A,D,0,,,,,Y,,A,1,0,0,1,0,0,0,0,0,0,- ,- ,37.54652,-121.91963,ALAMEDA,FREMONT,-121.9197828,37.54653324
90606355,2017,11/30/17,9390,11/21/17,2215,20148,,2,3,6,105,0,1,1,,2,64,INTERSTATE 680 NORTHBOUND,GRIMMER BOULEVARD UNDERCROSSING,30,S,N,A,-,Y,,,680,,,,,,N,Y,3,0,1,1,A,-,8,22107,,N,E,I,A,A,H,-,D,D,0,,,,,Y,,A,8,0,1,0,0,0,0,0,0,0,- ,- ,37.50625,-121.93452,ALAMEDA,FREMONT,-121.9346247,37.50618206
90606372,2017,11/30/17,9345,11/23/17,1300,21721,,4,1,6,105,0,1,1,,2,71,I-880 NB FROM DECOTO ROAD WESTBOUND,DECOTO ROAD WESTBOUND,105,N,N,B,-,Y,,,880,,,,R,,N,Y,3,0,1,1,A,-,1,23152,A,N,F,A,A,A,H,-,A,D,0,,,,,Y,Y,D,22,0,1,0,0,0,0,0,0,0,- ,- ,37.56502,-122.03773,ALAMEDA,FREMONT,-122.03773,37.56502
90606376,2017,11/30/17,9390,11/21/17,1550,18365,,2,2,6,105,0,1,1,,2,64,I-680 (N/B) FROM AUTO MALL PKWY,AUTO MALL PARKWAY,100,E,N,A,-,Y,,,680,,,,R,,,Y,4,0,1,2,A,-,3,22350,,N,C,C,A,A,H,-,A,D,0,,,,Y,Y,,G,25,0,0,1,0,0,0,0,0,0,- ,- ,37.51411,-121.93845,ALAMEDA,FREMONT,-121.93845,37.51411
90606460,2017,11/30/17,9390,11/23/17,1210,18544,,4,1,6,105,0,1,1,,2,64,I-680 SOUTHBOUND,SCOTT CREEK RD,1530,N,N,A,-,Y,,,680,,,,,,S,N,3,0,1,3,A,-,7,21658,A,N,B,C,A,A,H,-,A,D,0,,,Y,,Y,,A,1,0,1,0,0,0,0,0,0,1,- ,- ,37.46858,-121.9072,ALAMEDA,FREMONT,-121.9074556,37.46837397
90607770,2017,12/1/17,9390,11/22/17,1705,21853,,3,2,6,105,0,1,1,,2,64,I-680 SOUTHBOUND  TO S. MISSION BL.,SR-262 / SOUTH MISSION BOULEVARD,528,N,N,A,-,Y,,,680,,,,R,,S,Y,4,0,1,3,A,-,3,22350,,N,C,C,A,A,H,-,C,D,0,,,,,Y,,A,1,0,0,1,0,0,0,0,0,0,- ,- ,37.4982,-121.9268,ALAMEDA,FREMONT,-121.9268,37.4982
90607855,2017,12/1/17,9390,11/24/17,1610,18547,,5,2,6,105,0,1,1,,2,64,I-680 SOUTHBOUND,SR-262 / SOUTH MISSION BOULEVARD,1056,N,N,A,-,Y,,,680,,,,,,S,Y,3,0,3,2,A,-,3,22350,,N,C,C,A,A,H,-,A,D,0,,,,,Y,,A,7,0,1,2,0,0,0,0,0,0,- ,- ,37.50247,-121.9313,ALAMEDA,FREMONT,-121.9312637,37.50251054
90608895,2017,12/4/17,9345,11/25/17,1235,21332,,6,1,6,105,0,1,3,,1,184,SR-84 S/B,TOLL PLAZA,1056,S,N,A,-,Y,,,84,,,,,,S,Y,3,0,2,1,A,-,8,22107,,N,E,I,A,A,H,-,A,D,0,,,,,Y,,A,1,0,2,0,0,0,0,0,0,0,- ,- ,37.53359,-122.08171,ALAMEDA,FREMONT,-122.081719,37.53365131
90608933,2017,12/4/17,9345,11/25/17,501,21619,,6,3,6,105,0,1,1,,2,70,I-880 S/B (NIMITZ FREEWAY),DIXON LANDING ROAD,1056,N,N,A,-,Y,,,880,,,,,,S,Y,3,0,1,3,A,-,3,22350,,N,C,C,A,A,H,-,D,D,0,,,,,Y,,A,1,0,1,0,0,0,0,0,0,0,- ,- ,37.45747,-121.92365,ALAMEDA,FREMONT,-121.923778,37.45743989
90609646,2017,12/4/17,9345,11/27/17,945,21332,,1,1,6,105,0,1,3,,1,184,SR-84 S/B,KGO TOWERS,5280,S,N,A,-,Y,,,84,,,,,,S,Y,3,0,2,2,A,-,3,22350,,N,C,C,A,A,H,-,A,D,0,,,,Y,Y,,A,1,0,1,1,0,0,0,0,0,0,- ,- ,37.51272,-122.10967,ALAMEDA,FREMONT,-122.1096773,37.51272747
90610674,2017,12/5/17,9345,11/30/17,807,21852,,4,1,6,105,0,1,1,,2,71,I-880 SOUTHBOUND,MOWRY AVENUE,75,N,N,A,-,Y,,,880,,,,,,S,N,4,0,1,2,A,-,4,21703,,N,C,C,A,A,H,-,A,D,0,,,Y,,Y,,C,2,0,0,1,0,0,0,0,0,1,- ,- ,37.52967,-122.00238,ALAMEDA,FREMONT,-122.0023564,37.52971079
90611003,2017,12/6/17,9345,11/29/17,2128,21318,,3,2,6,105,0,1,1,,2,70,I-880 N/B (NIMITIZ FREEWAY),DIXON LANDING ROAD,900,N,N,A,-,Y,,,880,,,,,,N,Y,4,0,1,2,A,-,3,22350,,N,C,C,A,A,D,-,C,D,0,,,,,Y,,A,1,0,0,1,0,0,0,0,0,0,- ,- ,37.46246,-121.92561,ALAMEDA,FREMONT,-121.9256408,37.46244477
90611008,2017,12/6/17,9345,11/27/17,1800,21817,,1,2,6,105,0,1,1,,2,70,I-880 N/B,SOUTH FREMONT BOULEVARD,300,N,N,A,-,Y,,,880,,,,,,N,Y,4,0,3,4,A,-,3,22350,,N,C,C,A,A,H,-,D,D,0,,,,,Y,,A,1,0,0,3,0,0,0,0,0,0,- ,- ,37.49616,-121.95291,ALAMEDA,FREMONT,-121.9528612,37.49622247
90611414,2017,12/6/17,9345,12/1/17,1441,21379,,5,2,6,105,0,1,1,,2,71,I-880 S/B,THORNTON AVE,1056,S,N,B,-,Y,,,880,,,,,,S,Y,3,0,1,3,A,-,3,22350,,N,C,C,A,A,H,-,A,D,0,,,,,Y,,A,1,0,1,0,0,0,0,0,0,0,- ,- ,37.54354,-122.02074,ALAMEDA,FREMONT,-122.0207449,37.54353639
90611704,2017,12/6/17,9345,11/29/17,835,21858,,3,1,6,105,0,1,1,,2,70,I-880 S/B (NIMITZ FREEWAY),MOWRY AVE,500,S,N,A,-,Y,,,880,,,,,,S,Y,3,0,1,2,A,-,7,21658,A,N,B,C,A,A,H,-,A,D,0,,,Y,,Y,,A,7,0,1,0,0,0,0,0,0,1,- ,- ,37.5284,-121.99977,ALAMEDA,FREMONT,-121.9998045,37.52833588
90612168,2017,12/7/17,9345,12/5/17,721,21881,,2,1,6,105,0,1,1,,2,71,I-880 SOUTHBOUND (NIMITZ FREEWAY),DECOTO ROAD,300,N,N,A,-,Y,,,880,,,,,,S,N,4,0,1,2,A,-,3,22350,,N,C,C,A,A,H,-,A,D,0,,,,,Y,,A,1,0,0,1,0,0,0,0,0,0,- ,- ,37.5645,-122.03984,ALAMEDA,FREMONT,-122.0398156,37.56452617
90612343,2017,12/7/17,9345,12/2/17,1715,21376,,6,2,6,105,0,1,1,,2,75,I-880 NORTHBOUND,DECOTO ROAD,500,N,N,B,-,Y,,,880,,,,,,N,Y,4,0,1,2,A,-,3,22350,,N,C,C,A,A,H,-,C,D,0,,,,,Y,,A,7,0,0,1,0,0,0,0,0,0,- ,- ,37.56483,-122.03952,ALAMEDA,FREMONT,-122.0395737,37.56477281
90612392,2017,12/7/17,9390,11/28/17,1410,18547,,2,2,6,105,0,1,1,,2,64,I-680 NORTHBOUND,GRIMMER BOULEVARD UNDERCROSSING,850,S,N,A,-,Y,,,680,,,,,,N,Y,4,0,1,2,A,-,7,21658,A,N,B,C,A,A,H,-,A,D,0,,,,Y,Y,,G,27,0,0,1,0,0,0,0,0,0,- ,- ,37.50435,-121.93277,ALAMEDA,FREMONT,-121.9328602,37.50424437
90612642,2017,12/7/17,9390,11/29/17,1410,18547,,3,2,6,105,0,1,1,,2,64,I-680 NORTHBOUND,AUTO MALL PARKWAY,7920,S,N,A,-,Y,,,680,,,,,,N,Y,4,0,2,2,A,-,3,22350,,N,C,C,A,A,H,-,A,D,0,,,,,Y,,A,1,0,0,2,0,0,0,0,0,0,- ,- ,37.51013,-121.93705,ALAMEDA,FREMONT,-121.9369847,37.51016751
90613112,2017,12/8/17,9390,12/5/17,945,17966,,2,1,6,105,0,1,1,,2,64,I-680 SOUTHBOUND TO SR-262 WESTBOUND,SR-262 / SOUTH MISSION BOULEVARD,500,N,N,A,-,Y,,,680,,,,R,,S,N,4,0,1,2,A,-,3,22350,,N,C,C,A,A,H,-,A,D,0,,,,,Y,,A,1,0,0,1,0,0,0,0,0,0,- ,- ,37.49677,-121.92553,ALAMEDA,FREMONT,-121.92553,37.49677
90613172,2017,12/8/17,9390,12/6/17,1525,18544,,3,2,6,105,0,1,1,,2,64,I-680 NORTHBOUND,GRIMMER BOULEVARD UNDERCROSSING,1584,S,N,A,-,Y,,,680,,,,,,N,N,4,0,1,2,A,-,3,22350,,N,C,C,A,A,H,-,A,D,0,,,,,Y,,D,22,0,0,1,0,0,0,0,0,0,- ,- ,37.50422,-121.93273,ALAMEDA,FREMONT,-121.9327728,37.50416984
90614437,2017,3/7/18,9345,12/3/17,1825,21376,,7,2,6,105,0,1,1,,2,70,I-880 SOUTHBOUND,STEVENSON BOULEVARD,1000,N,N,A,-,Y,,,880,,,,,,S,Y,4,0,1,4,A,-,4,21703,,M,C,C,A,A,H,-,C,D,0,,,,,Y,,A,1,0,0,1,0,0,0,0,0,0,- ,- ,37.5246,-121.99209,ALAMEDA,FREMONT,-121.9921328,37.52451357
90615795,2017,12/12/17,9345,12/5/17,1055,21858,,2,1,6,105,0,1,1,,2,70,I-880 N/B,SR-262,4920,S,N,A,-,Y,,,880,,,,,,N,Y,3,0,2,3,A,-,3,22350,,N,C,C,A,A,H,-,A,D,0,,,,,Y,,A,7,0,2,0,0,0,0,0,0,0,- ,- ,37.47075,-121.92996,ALAMEDA,FREMONT,-121.92979,37.47083441
90619198,2017,12/18/17,9345,12/6/17,2308,21619,,3,3,6,105,0,1,1,,2,70,I-880 N/B (NIMITZ FREEWAY),STEVENSON BLVD,3696,S,N,A,-,Y,,,880,,,,,,N,Y,3,0,1,2,A,-,3,22350,,F,C,C,A,A,H,-,C,D,0,,,,,Y,,A,1,0,1,0,0,0,0,0,0,0,- ,- ,37.51402,-121.97544,ALAMEDA,FREMONT,-121.9754357,37.51402537
90620565,2017,12/19/17,9345,12/13/17,910,20248,,3,1,6,105,0,1,1,,2,70,I-880 S/B,DIXON LANDING ROAD,3400,N,N,A,-,Y,,,880,,,,,,S,Y,4,0,1,2,A,-,3,22350,,N,C,C,A,A,H,-,A,C,0,,,,,Y,,D,22,0,0,1,0,0,0,0,0,0,- ,- ,37.46332,-121.92632,ALAMEDA,FREMONT,-121.9264454,37.46325591
90620674,2017,12/19/17,9345,12/12/17,1845,21850,,2,2,6,105,0,1,1,,2,71,I-880 N/B (NIMITZ FREEWAY),DECOTO RD,500,N,N,A,-,Y,,,880,,,,,,N,N,4,0,1,2,A,-,3,22350,,N,C,C,A,A,H,-,D,D,0,,,,,Y,,A,1,0,0,1,0,0,0,0,0,0,- ,- ,37.56515,-122.0401,ALAMEDA,FREMONT,-122.0400417,37.56521209
90621753,2017,12/20/17,9390,12/15/17,1455,21241,,5,2,6,105,0,1,1,,2,64,I-680 NORTHBOUND,S. MISSION BLVD,1320,S,N,A,-,Y,,,680,,,,,,N,Y,4,0,1,3,A,-,3,22350,,N,C,C,A,A,H,-,A,D,0,,,,,Y,,A,1,0,0,1,0,0,0,0,0,0,- ,- ,37.53451,-121.93465,ALAMEDA,FREMONT,-121.9347045,37.53461626
90621865,2017,12/20/17,9390,12/15/17,1534,21241,,5,2,6,105,0,1,1,,2,64,I-680 NORTHBOUND,WASHINGTON BLVD,1320,N,N,A,-,Y,,,680,,,,,,N,N,4,0,1,2,A,-,3,22350,,N,C,C,A,A,H,-,A,D,0,,,,,Y,,-,99,0,0,1,0,0,0,0,0,0,- ,- ,37.53361,-121.93616,ALAMEDA,FREMONT,-121.9362627,37.53380483
90625773,2017,12/25/17,9390,12/16/17,1822,20931,,6,2,6,105,0,1,1,,2,64,I-680 SOUTHBOUND,SR-262 / SOUTH MISSION BOULEVARD,2640,N,N,A,-,Y,,,680,,,,,,S,Y,4,0,2,4,A,-,3,22350,,N,C,C,A,A,H,-,C,D,0,,,,,Y,,A,1,0,0,2,0,0,0,0,0,0,- ,- ,37.5019,-121.93068,ALAMEDA,FREMONT,-121.9306366,37.50194845