CASE_ID,ACCIDENT_YEAR,PROC_DATE,JURIS,COLLISION_DATE,COLLISION_TIME,OFFICER_ID,REPORTING_DISTRICT,DAY_OF_WEEK,CHP_SHIFT,POPULATION,CNTY_CITY_LOC,SPECIAL_COND,BEAT_TYPE,CHP_BEAT_TYPE,CITY_DIVISION_LAPD,CHP_BEAT_CLASS,BEAT_NUMBER,PRIMARY_RD,SECONDARY_RD,DISTANCE,DIRECTION,INTERSECTION,WEATHER_1,WEATHER_2,STATE_HWY_IND,CALTRANS_COUNTY,CALTRANS_DISTRICT,STATE_ROUTE,ROUTE_SUFFIX,POSTMILE_PREFIX,POSTMILE,LOCATION_TYPE,RAMP_INTERSECTION,SIDE_OF_HWY,TOW_AWAY,COLLISION_SEVERITY,NUMBER_KILLED,NUMBER_INJURED,PARTY_COUNT,PRIMARY_COLL_FACTOR,PCF_CODE_OF_VIOL,PCF_VIOL_CATEGORY,PCF_VIOLATION,PCF_VIOL_SUBSECTION,HIT_AND_RUN,TYPE_OF_COLLISION,MVIW,PED_ACTION,ROAD_SURFACE,ROAD_COND_1,ROAD_COND_2,LIGHTING,CONTROL_DEVICE,CHP_ROAD_TYPE,PEDESTRIAN_ACCIDENT,BICYCLE_ACCIDENT,MOTORCYCLE_ACCIDENT,TRUCK_ACCIDENT,NOT_PRIVATE_PROPERTY,ALCOHOL_INVOLVED,STWD_VEHTYPE_AT_FAULT,CHP_VEHTYPE_AT_FAULT,COUNT_SEVERE_INJ,COUNT_VISIBLE_INJ,COUNT_COMPLAINT_PAIN,COUNT_PED_KILLED,COUNT_PED_INJURED,COUNT_BICYCLIST_KILLED,COUNT_BICYCLIST_INJURED,COUNT_MC_KILLED,COUNT_MC_INJURED,PRIMARY_RAMP,SECONDARY_RAMP,LATITUDE,LONGITUDE,COUNTY,CITY,POINT_X,POINT_Y
90817820,2018,9/20/18,9345,9/11/18,2030,21721,,2,2,6,105,0,1,1,,2,71,I-880 S/B (NIMITZ FREEWAY),THORNTON AVE,65,N,N,A,-,Y,,,880,,,,,,S,Y,4,0,1,3,A,-,3,22350,,M,C,C,A,A,H,-,C,D,0,,,,,Y,,A,1,0,0,1,0,0,0,0,0,0,- ,- ,37.54700089,-122.023201,ALAMEDA,FREMONT,-122.0232925,37.54693222
90818443,2018,9/21/18,9390,9/14/18,1758,20368,,5,2,6,105,0,1,1,,2,64,I-680 NORTHBOUND,DURHAM ROAD,2112,N,N,A,-,Y,,,680,,,,,,N,N,4,0,1,2,A,-,8,22107,,M,B,C,A,A,D,-,A,D,0,,,,,Y,,A,1,0,0,1,0,0,0,0,0,0,- ,- ,37.51992035,-121.9426804,ALAMEDA,FREMONT,-121.9427109,37.51989365
90818882,2018,11/14/18,9390,9/18/18,530,20013,,2,3,6,105,0,1,1,,2,64,I-680 SOUTHBOUND,SR-262 / SOUTH MISSION BOULEVARD,1056,N,N,A,-,Y,,,680,,,,,,S,Y,4,0,1,3,A,-,7,21658,A,N,B,C,A,A,H,-,D,D,0,,,,,Y,,A,1,0,0,1,0,0,0,0,0,0,- ,- ,37.50120163,-121.9292984,ALAMEDA,FREMONT,-121.9295197,37.50094986
90818892,2018,9/21/18,9390,9/18/18,545,17966,,2,3,6,105,0,1,1,,2,64,I-680 SOUTHBOUND,AUTO MALL PARKWAY,3168,N,N,A,-,Y,,,680,,,,,,S,N,4,0,1,2,A,-,3,22350,,N,C,C,A,A,H,-,D,D,0,,,,,Y,,A,1,0,0,1,0,0,0,0,0,0,- ,- ,37.51736832,-121.9415131,ALAMEDA,FREMONT,-121.9415359,37.51735306
90819446,2018,9/24/18,9345,9/11/18,1515,21721,,2,2,6,105,0,1,1,,2,71,I-880 N/B (NIMITZ FREEWAY),ALVARADO BLVD,70,S,N,A,-,Y,,,880,,,,,,N,N,4,0,2,3,A,-,3,22350,,N,C,C,A,A,H,-,A,D,0,,,,,Y,,-,99,0,0,2,0,0,0,0,0,0,- ,- ,37.57815933,-122.0479965,ALAMEDA,FREMONT,-122.0478973,37.57819366
90820940,2018,9/25/18,9390,9/20/18,1238,18544,,4,1,6,105,0,1,1,,2,64,I-680 SOUTHBOUND,SR-262 / SOUTH MISSION BOULEVARD,1584,N,N,A,-,Y,,,680,,,,,,S,Y,4,0,1,2,A,-,3,22350,,N,C,C,A,A,H,-,A,D,0,,,,,Y,,A,1,0,0,1,0,0,0,0,0,0,- ,- ,37.50151825,-121.9301834,ALAMEDA,FREMONT,-121.9301682,37.50152969
90821307,2018,9/26/18,9345,9/13/18,500,21332,,4,3,6,105,0,1,1,,2,70,I-880 SOUTHBOUND,WARREN AVE,2112,N,N,A,-,Y,,,880,,,,,,S,Y,3,0,1,2,A,-,3,22350,,N,C,C,A,A,H,-,C,D,0,,,,,Y,,A,8,0,1,0,0,0,0,0,0,0,- ,- ,37.48756027,-121.9422531,ALAMEDA,FREMONT,-121.9422073,37.48761749
90821698,2018,9/26/18,9390,9/21/18,1129,20602,,5,1,6,105,0,1,1,,2,64,I-680 NORTHBOUND,WASHINGTON BOULEVARD,0,,N,A,-,Y,,,680,,,,,,N,N,4,0,1,2,A,-,3,22350,,N,C,C,A,A,D,-,A,D,0,,,,,Y,,A,8,0,0,1,0,0,0,0,0,0,- ,- ,37.53450012,-121.9349136,ALAMEDA,FREMONT,-121.9349136,37.53450775
90821960,2018,9/26/18,9345,9/18/18,1300,22076,,2,1,6,105,0,1,1,,2,71,I-880 NORTHBOUND TO ALVARADO BOULEVARD,ALVARADO BOULEVARD,214,S,N,A,-,Y,,,880,,,,R,,N,Y,4,0,1,1,A,-,8,22107,,N,E,I,A,A,H,-,A,D,0,,,,,Y,,A,1,0,0,1,0,0,0,0,0,0,- ,- ,37.57757187,-122.0474319,ALAMEDA,FREMONT,-122.0474319,37.57757187
90822028,2018,9/26/18,9345,9/21/18,1806,22138,,5,2,6,105,0,1,1,,2,70,I-880 NORTHBOUND,MOWRY AVE,500,S,N,A,-,Y,,,880,,,,,,N,N,4,0,2,2,A,-,3,22350,,N,C,C,A,A,H,-,A,D,0,,,,,Y,,A,1,0,0,2,0,0,0,0,0,0,- ,- ,37.5275383,-121.9978333,ALAMEDA,FREMONT,-121.9977875,37.52762985
90822452,2018,9/27/18,9390,9/22/18,1034,20602,,6,1,6,105,0,1,1,,2,64,I-680,SR-262 / SOUTH MISSION BOULEVARD,0,,N,A,-,Y,,,680,,,,,,,Y,4,0,1,4,A,-,3,22350,,N,C,C,A,A,D,-,A,D,0,,,,,Y,,A,7,0,0,1,0,0,0,0,0,0,- ,- ,37.50468826,-121.9331284,ALAMEDA,FREMONT,-121.9332275,37.50458908
90823993,2018,9/28/18,9345,9/13/18,425,21797,,4,3,6,105,0,1,3,,1,184,SR-84 S/B,ARDENWOOD BLVD,38,W,N,A,-,Y,,,84,,,,,,S,N,3,0,1,2,A,-,11,21950,B,N,G,B,D,A,H,-,C,A,0,Y,,,,Y,,N,60,0,1,0,0,1,0,0,0,0,- ,- ,37.55207825,-122.0531311,ALAMEDA,FREMONT,-122.0527802,37.55157852
90824645,2018,9/28/18,9345,9/26/18,725,20248,,3,1,6,105,0,1,1,,2,70,I-880 SOUTHBOUND,DIXON LANDIND ROAD,1056,N,N,A,-,Y,,,,,,,,,,Y,4,0,1,3,A,-,3,22350,,N,C,C,A,A,H,-,A,D,0,,,,,Y,,A,1,0,0,1,0,0,0,0,0,0,- ,- ,37.46733093,-121.9236221,ALAMEDA,FREMONT,,
90824813,2018,9/28/18,9345,9/21/18,1705,22138,,5,2,6,105,0,1,1,,2,70,I-880 SOUTHBOUND,DIXON LANDING RD,2640,N,N,A,-,Y,,,880,,,,,,S,Y,3,0,3,2,A,-,8,22107,,N,C,C,A,A,H,-,A,D,0,,,Y,,Y,,C,2,0,1,2,0,0,0,0,0,1,- ,- ,37.46089172,-121.9251022,ALAMEDA,FREMONT,-121.9252167,37.46083069
90825318,2018,10/1/18,9345,9/20/18,702,22157,,4,1,6,105,0,1,3,,1,184,SR-84 S/B,THORNTON AVE,2640,N,N,A,-,Y,,,84,,,,,,S,Y,2,0,1,2,A,-,7,21658,A,N,D,C,A,A,H,-,A,D,0,,,Y,,Y,,A,1,1,0,0,0,0,0,0,0,1,- ,- ,37.54455948,-122.0620804,ALAMEDA,FREMONT,-122.0620728,37.54455566
90825493,2018,10/1/18,9345,9/21/18,750,20920,,5,1,6,105,0,1,1,,2,70,I-880 N/B (NIMITZ FREEWAY),S. FREMONT BLVD.,3696,N,N,A,-,Y,,,880,,,,,,N,Y,4,0,1,2,A,-,7,21658,A,M,B,C,A,A,D,-,A,D,0,,,,,Y,,-,99,0,0,1,0,0,0,0,0,0,- ,- ,37.49937057,-121.9569168,ALAMEDA,FREMONT,-121.9569321,37.4993515
90825682,2018,10/1/18,9390,9/21/18,1010,20602,,5,1,6,105,0,1,1,,2,65,I-680 NORTHBOUND,SR-238 / NORTH MISSION BOULEVARD,700,N,N,A,-,Y,,,680,,,,,,N,N,4,0,1,2,A,-,3,22350,,N,C,C,A,A,D,-,A,D,0,,,,,Y,,A,8,0,0,1,0,0,0,0,0,0,- ,- ,37.54219055,-121.9227066,ALAMEDA,FREMONT,-121.9226685,37.54213715
90825780,2018,10/1/18,9390,9/21/18,1143,20602,,5,1,6,105,0,1,1,,2,64,I-680 NORTHBOUND,SR-262 / SOUTH MISSION BOULEVARD,16,N,N,A,-,Y,,,680,,,,,,N,Y,2,0,1,1,A,-,3,22350,,N,E,J,A,A,D,-,A,D,0,,,Y,,Y,,C,2,1,0,0,0,0,0,0,0,1,- ,- ,37.49541855,-121.9229889,ALAMEDA,FREMONT,-121.9229355,37.49547958
90826523,2018,10/2/18,9345,9/24/18,2155,21858,,1,2,6,105,0,1,1,,2,70,I-880 N/B (NIMITZ FREEWAY),STEVENSON BLVD,1000,S,N,A,-,Y,,,880,,,,,,N,Y,4,0,1,3,A,-,3,22350,,N,C,C,A,A,C,-,C,D,0,,,,,Y,,A,7,0,0,1,0,0,0,0,0,0,- ,- ,37.50556946,-121.9650269,ALAMEDA,FREMONT,-121.9650116,37.50559616
90826820,2018,10/2/18,9345,9/24/18,1735,21676,,1,2,6,105,0,1,1,,2,70,I-880 NORTHBOUND (NIMITZ FREEWAY),DIXON LANDING ROAD,2640,N,N,A,-,Y,,,880,,,,,,N,Y,4,0,1,2,A,-,3,22350,,N,C,C,A,A,H,-,A,D,0,,,,,Y,,A,1,0,0,1,0,0,0,0,0,0,- ,- ,37.46192932,-121.9253082,ALAMEDA,FREMONT,-121.9253693,37.4618988
90828390,2018,10/4/18,9345,9/23/18,1500,22131,,7,2,6,105,0,1,3,,1,184,STATE ROUTE 84 NORTHBOUND,THORNTON AVENUE,2640,N,N,A,-,Y,,,84,,,,,,N,Y,3,0,2,1,A,-,8,22107,,N,E,I,A,A,H,-,A,D,0,,,,,Y,,A,7,0,1,1,0,0,0,0,0,0,- ,- ,37.54281998,-122.0638199,ALAMEDA,FREMONT,-122.0638809,37.5429039
90828638,2018,10/4/18,9345,10/3/18,920,22138,,3,1,6,105,0,1,1,,2,71,I-880 NORTHBOUND,DECOTO ROAD,1584,S,N,A,-,Y,,,880,,,,,,N,Y,4,0,1,3,A,-,4,21703,,N,C,C,A,A,H,-,A,D,0,,,,,Y,,E,22,0,0,1,0,0,0,0,0,0,- ,- ,37.55966187,-122.0340729,ALAMEDA,FREMONT,-122.0340805,37.55964661
90828662,2018,10/4/18,9345,9/27/18,1600,21292,,4,2,6,105,0,1,3,,1,184,SR-84 S/B,THORNTON AVE,360,S,N,A,-,Y,,,84,,,,,,S,Y,2,0,2,1,A,-,8,22107,,N,E,I,A,A,H,-,A,D,0,,,,,Y,,A,7,1,0,1,0,0,0,0,0,0,- ,- ,37.53960037,-122.068428,ALAMEDA,FREMONT,-122.068512,37.53971481
90828880,2018,10/4/18,9345,9/25/18,2215,21332,,2,3,6,105,0,1,1,,2,70,I-880 N/B,S. FREMONT BLVD,2112,S,N,A,-,Y,,,880,,,,,,N,Y,4,0,1,2,A,-,4,21703,,N,C,C,A,A,H,-,C,D,0,,,,,Y,,D,22,0,0,1,0,0,0,0,0,0,- ,- ,37.48896027,-121.9434891,ALAMEDA,FREMONT,-121.9434586,37.48900223
9082931,2020,7/8/20,105,3/11/20,1857,2536,1046,3,5,6,105,0,0,0,,0,3,ALBRAE ST,STEVENSON BL,1275,S,N,A,-,N,,,,,,,,,,Y,3,0,1,1,A,-,1,23152,A,N,E,I,A,A,H,-,A,D,0,,,,,Y,Y,A,1,0,1,0,0,0,0,0,0,0,- ,- ,,,ALAMEDA,FREMONT,-121.9857407,37.51863861
9082935,2020,7/8/20,105,3/22/20,2115,15131,1186,7,5,6,105,0,0,0,,0,3,KATO RD,MILMONT DR,650,W,N,A,-,N,,,,,,,,,,Y,3,0,1,1,A,-,8,22107,,N,E,I,A,B,H,-,C,D,0,,,,,Y,,A,1,0,1,0,0,0,0,0,0,0,- ,- ,,,ALAMEDA,FREMONT,-121.9240494,37.46092224
90830520,2018,10/8/18,9345,9/26/18,2145,21379,,3,2,6,105,0,1,1,,2,71,I-880 N/B (NIMITZ FREEWAY),DECOTO RD,1000,S,N,A,-,Y,,,880,,,,,,N,Y,3,0,1,2,D,-,0,,,N,B,C,A,A,D,-,D,D,0,,,Y,,Y,,-,- ,0,1,0,0,0,0,0,0,1,- ,- ,37.56079865,-122.0354767,ALAMEDA,FREMONT,-122.0354004,37.56088257
90831659,2018,10/9/18,9345,9/29/18,2230,21817,,6,3,6,105,0,1,1,,2,70,I-880 S/B (NIMITZ FREEWAY),DIXON LANDING ROAD,2640,N,N,B,-,Y,,,880,,,,,,S,Y,2,0,1,1,A,-,8,22107,,N,E,I,A,A,H,-,C,D,0,,,,,Y,,A,1,1,0,0,0,0,0,0,0,0,- ,- ,37.46236038,-121.9258881,ALAMEDA,FREMONT,-121.9259644,37.46232224
90833511,2018,10/11/18,9345,9/29/18,1440,21687,,6,2,6,105,0,1,3,,1,184,SR-84 SOUTHBOUND,TOLL PLAZA,150,N,N,A,-,Y,,,84,,,,,,S,N,4,0,1,2,A,-,1,23152,G,N,C,C,A,A,H,-,A,D,0,,,,,Y,Y,A,1,0,0,1,0,0,0,0,0,0,- ,- ,37.53590012,-122.0746384,ALAMEDA,FREMONT,-122.0745926,37.5357933
90833532,2018,10/11/18,9345,9/30/18,810,21895,,7,1,6,105,0,1,3,,1,184,SR-84 N/B,TOLL PLAZA,2640,S,N,A,-,Y,,,84,,,,,,N,Y,4,0,1,2,A,-,8,22107,,N,B,C,A,A,H,-,A,D,0,,,,,Y,,A,1,0,0,1,0,0,0,0,0,0,- ,- ,37.53347015,-122.0818024,ALAMEDA,FREMONT,-122.0818024,37.53349686
90833856,2018,10/11/18,9345,10/5/18,1900,21721,,5,2,6,105,0,1,1,,2,70,I-880 N/B (NIMITZ FREEWAY),AUTO MALL PKY,2640,S,N,A,-,Y,,,880,,,,,,N,Y,4,0,1,2,A,-,7,21658,A,N,C,C,A,A,H,-,C,D,0,,,Y,,Y,,A,1,0,0,1,0,0,0,0,0,1,- ,- ,37.50114059,-121.9595184,ALAMEDA,FREMONT,-121.9594269,37.50126266
90834206,2018,10/11/18,9390,10/4/18,1745,19917,,4,2,6,105,0,1,1,,2,64,I-680 NORTHBOUND,SR-262 / SOUTH MISSION BOULEVARD,3960,S,N,A,-,Y,,,680,,,,,,N,Y,4,0,1,2,A,-,3,22350,,N,C,C,A,A,H,-,A,D,0,,,,,Y,,A,1,0,0,1,0,0,0,0,0,0,- ,- ,37.48080063,-121.9125977,ALAMEDA,FREMONT,-121.9126434,37.48078537
90834952,2018,10/12/18,9345,10/5/18,1930,21676,,5,2,6,105,0,1,3,,1,184,STATE ROUTE 84 SOUTHBOUND,THE KGO BUILDING,5280,S,N,A,-,Y,,,84,,,,,,S,Y,4,0,2,1,A,-,8,22107,,N,E,I,A,A,H,-,D,D,0,,,,,Y,,A,1,0,0,2,0,0,0,0,0,0,- ,- ,37.52248001,-122.1021805,ALAMEDA,FREMONT,-122.1022186,37.52251816
90835754,2018,10/15/18,9390,10/5/18,1100,17966,,5,1,6,105,0,1,1,,2,64,I-680 S/B TO SR-262 SOUTH MISSION BLVD.,SR-262 / SOUTH MISSION BOULEVARD,1056,N,N,A,-,Y,,,,,,,,,,N,4,0,2,3,A,-,3,22350,,M,C,C,A,A,H,-,A,D,0,,,,,Y,,A,1,0,0,2,0,0,0,0,0,0,- ,- ,37.48559189,-121.9400177,ALAMEDA,FREMONT,,
90836151,2018,10/15/18,9345,10/9/18,1020,22131,,2,1,6,105,0,1,1,,2,70,I-880 SOUTHBOUND,SOUTH FREMONT BOULEVARD,2376,N,N,A,-,Y,,,880,,,,,,S,Y,4,0,1,2,A,-,3,22350,,N,C,C,A,A,H,-,A,D,0,,,,,Y,,A,7,0,0,1,0,0,0,0,0,0,- ,- ,37.49737167,-121.9547424,ALAMEDA,FREMONT,-121.9548035,37.49728775
90836173,2018,10/15/18,9390,10/5/18,1745,22070,,5,2,6,105,0,1,1,,2,64,I-680 NORTHBOUND,WASHINGTON BLVD,1500,S,N,A,-,Y,,,680,,,,,,N,N,4,0,1,3,A,-,7,21658,A,M,B,C,A,A,H,-,A,D,0,,,Y,,Y,,-,99,0,0,1,0,0,0,0,0,1,- ,- ,37.52809906,-121.9450989,ALAMEDA,FREMONT,-121.9451828,37.52816772
90836272,2018,10/15/18,9345,10/7/18,1230,22076,,7,1,6,105,0,1,1,,2,71,I-880 SOUTHBOUND,THORNTON AVENUE,1056,N,N,A,-,Y,,,880,,,,,,S,Y,4,0,1,3,A,-,3,22350,,N,C,C,A,A,H,-,A,D,0,,,,,Y,,A,1,0,0,1,0,0,0,0,0,0,- ,- ,37.54969025,-122.0253067,ALAMEDA,FREMONT,-122.0253372,37.54966736
90836361,2018,10/15/18,9390,10/5/18,1225,17966,,5,1,6,105,0,1,1,,2,64,I-680 NORTHBOUND,AUTO MALL PARKWAY,2112,N,N,A,-,Y,,,680,,,,,,N,Y,4,0,3,6,A,-,3,22350,,N,C,C,A,A,H,-,A,D,0,,,,,Y,,A,8,0,0,3,0,0,0,0,0,0,- ,- ,37.52199936,-121.9442596,ALAMEDA,FREMONT,-121.9442139,37.52202988
90836738,2018,10/16/18,9345,10/7/18,1,21817,,7,3,6,105,0,1,1,,2,73,I-880 S/B (NIMITZ FREEWAY),SR-92,1056,S,N,B,-,Y,,,,,,,,,,Y,4,0,1,2,A,-,1,23152,A,N,C,C,A,A,D,-,C,D,0,,,,Y,Y,Y,F,26,0,0,1,0,0,0,0,0,0,- ,- ,37.63690948,-122.0882721,ALAMEDA,FREMONT,-122.0938187,37.64461136
90836749,2018,10/16/18,9345,10/8/18,1425,22157,,1,2,6,105,0,1,1,,2,71,I-880 S/B (NIMITZ FREEWAY),THORNTON AVE,300,N,N,A,-,Y,,,880,,,,,,S,Y,4,0,1,2,A,-,8,22107,,N,B,C,A,A,H,-,A,D,0,,,,Y,Y,,A,1,0,0,1,0,0,0,0,0,0,- ,- ,37.54534149,-122.0221634,ALAMEDA,FREMONT,-122.0221176,37.54537201
90836968,2018,10/16/18,9390,10/4/18,725,17966,,4,1,6,105,0,1,1,,2,64,I-680 SOUTHBOUND,SR-238 / NORTH MISSION BOULEVARD,1056,S,N,A,-,Y,,,680,,,,,,S,Y,4,0,1,2,A,-,3,22350,,N,C,C,A,A,H,-,A,D,0,,,,,Y,,J,48,0,0,1,0,0,0,0,0,0,- ,- ,37.53713989,-121.930069,ALAMEDA,FREMONT,-121.9301224,37.53724289
90837279,2018,10/16/18,9345,10/10/18,650,20920,,3,1,6,105,0,1,1,,2,71,I-880 S/B (NIMITZ FREEWAY),DECOTO RD,1584,N,N,A,-,Y,,,880,,,,,,S,Y,4,0,1,3,A,-,3,22350,,N,C,C,A,A,H,-,A,D,0,,,,,Y,,A,1,0,0,1,0,0,0,0,0,0,- ,- ,37.56618881,-122.0416794,ALAMEDA,FREMONT,-122.0416336,37.56623459
90837926,2018,10/17/18,9390,10/11/18,1640,20368,,4,2,6,105,0,1,1,,2,64,I-680 NORTHBOUND,SCOTT CREEK ROAD,1584,N,N,A,-,Y,,,680,,,,,,N,Y,4,0,1,2,A,-,3,22350,,N,C,C,A,A,H,-,A,D,0,,,,,Y,,A,1,0,0,1,0,0,0,0,0,0,- ,- ,37.46992874,-121.9080276,ALAMEDA,FREMONT,-121.908165,37.46981812
90838104,2018,10/17/18,9345,10/5/18,1930,21721,,5,2,6,105,0,1,1,,2,70,I-880 N/B (NIMITZ FREEWAY),DIXON LANDING RD.,350,N,N,A,-,Y,,,880,,,,,,N,N,4,0,1,2,D,-,0,,,N,C,C,A,A,H,-,C,D,0,,,,,Y,,-,- ,0,0,1,0,0,0,0,0,0,- ,- ,37.45545959,-121.9230576,ALAMEDA,FREMONT,-121.9230576,37.45545959
90838107,2018,10/17/18,9345,10/6/18,1405,21687,,6,2,6,105,0,1,1,,2,71,I-880 SOUTHBOUND,DECOTO RD,1056,N,N,A,-,Y,,,880,,,,,,S,Y,3,0,1,2,A,-,8,22107,,N,F,A,A,A,H,-,A,D,0,,,Y,,Y,,C,2,0,1,0,0,0,0,0,0,1,- ,- ,37.56808853,-122.0434494,ALAMEDA,FREMONT,-122.0435181,37.56801987
90838117,2018,11/5/18,9345,10/1/18,2025,21688,,1,2,6,105,0,1,1,,2,71,I-880 SOUTHBOUND (NIMITZ FREEWAY),DECOTO ROAD,1170,N,N,B,-,Y,,,880,,,,,,S,Y,4,0,2,3,A,-,1,23152,A,N,D,C,A,A,D,-,C,A,0,,,,,Y,Y,A,1,0,0,2,0,0,0,0,0,0,- ,- ,37.56700134,-122.0422974,ALAMEDA,FREMONT,-122.0423737,37.56692123
90838669,2018,10/18/18,9345,10/9/18,1705,21292,,2,2,6,105,0,1,1,,2,70,I-880 S/B (NIMITZ FREEWAY),STEVENSON BLVD,500,S,N,A,-,Y,,,880,,,,,,S,N,4,0,2,2,A,-,3,22350,,N,C,C,A,A,H,-,A,D,0,,,,,Y,,A,1,0,0,2,0,0,0,0,0,0,- ,- ,37.5200882,-121.983078,ALAMEDA,FREMONT,-121.9832382,37.51988602
90839109,2018,10/18/18,9345,10/9/18,750,22131,,2,1,6,105,0,1,1,,2,70,I-880 SOUTHBOUND,WARREN AVENUE,3696,S,N,A,-,Y,,,880,,,,,,S,Y,3,0,3,4,A,-,3,22350,,N,C,C,A,A,H,-,A,D,0,,,,,Y,,A,7,0,2,1,0,0,0,0,0,0,- ,- ,37.47050095,-121.9298325,ALAMEDA,FREMONT,-121.9300003,37.47041702
90839219,2018,10/18/18,9345,10/13/18,2110,21968,,6,2,6,105,0,1,1,,2,71,I-880 NORTHBOUND,CENTRAL AVE,50,S,N,A,-,Y,,,880,,,,,,N,Y,4,0,3,2,A,-,1,23152,A,N,C,C,A,A,H,-,D,D,0,,,,,Y,Y,A,1,0,0,3,0,0,0,0,0,0,- ,- ,37.53910065,-122.0170975,ALAMEDA,FREMONT,-122.0170059,37.53917313
90840872,2018,10/22/18,9345,10/6/18,1345,21852,,6,1,6,105,0,1,1,,2,71,I-880 NORTHBOUND,DECOTO ROAD,2640,S,N,A,-,Y,,,880,,,,,,N,Y,4,0,1,3,A,-,3,22350,,F,C,C,A,A,H,-,A,D,0,,,Y,,Y,,-,99,0,0,1,0,0,0,0,0,1,- ,- ,37.55550003,-122.0298462,ALAMEDA,FREMONT,-122.0297546,37.55560684
90840919,2018,10/22/18,9345,10/10/18,1400,21681,,3,2,6,105,0,1,3,,1,184,STATE ROUTE 84 NORTHBOUND,KGO BUILDING,400,N,N,A,-,Y,,,84,,,,,,N,Y,3,0,2,2,A,-,3,22350,,N,C,C,A,A,H,-,A,D,0,,,,Y,Y,,F,26,0,1,1,0,0,0,0,0,0,- ,- ,37.52642059,-122.0975037,ALAMEDA,FREMONT,-122.0975189,37.52643967
90840969,2018,10/22/18,9345,10/13/18,1338,21852,,6,1,6,105,0,1,1,,2,72,I-880 SOUTHBOUND,ALVARADO BOULEVARD,800,N,N,A,-,Y,,,880,,,,,,S,N,4,0,1,2,A,-,3,22350,,N,C,C,A,A,H,-,A,D,0,,,,,Y,,A,1,0,0,1,0,0,0,0,0,0,- ,- ,37.58058929,-122.0491409,ALAMEDA,FREMONT,-122.0491409,37.58058929
90841004,2018,10/22/18,9345,10/15/18,2330,21858,,1,3,6,105,0,1,1,,2,70,I-880 S/B,AUTO MALL PKY,1000,S,N,A,-,Y,,,,,,,,,,N,4,0,1,2,A,-,3,22350,,M,C,C,A,A,D,-,C,D,0,,,,,Y,,-,99,0,0,1,0,0,0,0,0,0,- ,- ,34.50434113,-121.9639511,ALAMEDA,FREMONT,-121.9674988,37.50727844
90841675,2018,10/22/18,9390,10/13/18,545,20685,,6,3,6,105,0,1,1,,2,64,I-680 N/B,DURHAM ROAD,2640,S,N,A,-,Y,,,680,,,,,,N,Y,2,0,1,2,C,-,18,,,N,F,A,A,A,D,-,D,D,0,,,Y,,Y,,-,- ,1,0,0,0,0,0,0,0,1,- ,- ,37.50772095,-121.9355469,ALAMEDA,FREMONT,-121.9355698,37.50770569
90841732,2018,10/22/18,9390,10/13/18,548,20685,,6,3,6,105,0,1,1,,2,64,I-680 N/B,DURHAM ROAD,2376,S,N,A,-,Y,,,680,,,,,,N,Y,2,0,2,4,A,-,6,21755,,F,G,B,E,A,D,-,D,D,0,Y,,,,Y,,-,99,1,0,1,0,2,0,0,0,0,- ,- ,37.5098381,-121.9366684,ALAMEDA,FREMONT,-121.9367676,37.5097847
90842050,2018,10/23/18,9390,10/13/18,600,20013,,6,1,6,105,0,1,1,,2,64,I-680 NORTHBOUND,SR-262 / SOUTH MISSION BOULEVARD,3696,N,N,A,-,Y,,,680,,,,,,N,Y,4,0,1,2,A,-,3,22350,,N,C,C,A,A,H,-,B,D,0,,,,,Y,,D,22,0,0,1,0,0,0,0,0,0,- ,- ,37.50740051,-121.9349976,ALAMEDA,FREMONT,-121.9352875,37.50722504
90844734,2018,10/25/18,9345,10/20/18,1900,21687,,6,2,6,105,0,1,1,,2,71,I-880 NORTHBOUND,THORNTON AVE,1056,N,N,A,-,Y,,,880,,,,,,N,Y,4,0,3,2,A,-,3,22350,,N,C,C,A,A,H,-,B,D,0,,,,,Y,,A,1,0,0,3,0,0,0,0,0,0,- ,- ,37.55022049,-122.0252533,ALAMEDA,FREMONT,-122.0252762,37.5501976
90846351,2018,10/26/18,9345,10/24/18,1035,20920,,3,1,6,105,0,1,1,,2,70,I-880 S/B (NIMITZ FREEWAY),MISSION BLVD,300,S,N,A,-,Y,,,880,,,,,,S,N,4,0,1,2,A,-,3,22350,,N,C,C,A,A,H,-,A,D,0,,,,,Y,,A,1,0,0,1,0,0,0,0,0,0,- ,- ,37.47657013,-121.9331512,ALAMEDA,FREMONT,-121.933075,37.47660446
90846737,2018,10/26/18,9345,10/17/18,1240,22131,,3,1,6,105,1,4,S,,2,901,ALVARADO BOULEVARD EASTBOUND,FALCON DRIVE,0,,Y,A,-,N,,,,,,,,,,Y,3,0,1,2,A,-,12,21453,A,N,D,C,A,A,H,-,A,A,0,,,,,Y,,A,1,0,1,0,0,0,0,0,0,0,- ,- ,37.58517838,-122.0617218,ALAMEDA,FREMONT,-122.0615921,37.58523178