CASE_ID,ACCIDENT_YEAR,PROC_DATE,JURIS,COLLISION_DATE,COLLISION_TIME,OFFICER_ID,REPORTING_DISTRICT,DAY_OF_WEEK,CHP_SHIFT,POPULATION,CNTY_CITY_LOC,SPECIAL_COND,BEAT_TYPE,CHP_BEAT_TYPE,CITY_DIVISION_LAPD,CHP_BEAT_CLASS,BEAT_NUMBER,PRIMARY_RD,SECONDARY_RD,DISTANCE,DIRECTION,INTERSECTION,WEATHER_1,WEATHER_2,STATE_HWY_IND,CALTRANS_COUNTY,CALTRANS_DISTRICT,STATE_ROUTE,ROUTE_SUFFIX,POSTMILE_PREFIX,POSTMILE,LOCATION_TYPE,RAMP_INTERSECTION,SIDE_OF_HWY,TOW_AWAY,COLLISION_SEVERITY,NUMBER_KILLED,NUMBER_INJURED,PARTY_COUNT,PRIMARY_COLL_FACTOR,PCF_CODE_OF_VIOL,PCF_VIOL_CATEGORY,PCF_VIOLATION,PCF_VIOL_SUBSECTION,HIT_AND_RUN,TYPE_OF_COLLISION,MVIW,PED_ACTION,ROAD_SURFACE,ROAD_COND_1,ROAD_COND_2,LIGHTING,CONTROL_DEVICE,CHP_ROAD_TYPE,PEDESTRIAN_ACCIDENT,BICYCLE_ACCIDENT,MOTORCYCLE_ACCIDENT,TRUCK_ACCIDENT,NOT_PRIVATE_PROPERTY,ALCOHOL_INVOLVED,STWD_VEHTYPE_AT_FAULT,CHP_VEHTYPE_AT_FAULT,COUNT_SEVERE_INJ,COUNT_VISIBLE_INJ,COUNT_COMPLAINT_PAIN,COUNT_PED_KILLED,COUNT_PED_INJURED,COUNT_BICYCLIST_KILLED,COUNT_BICYCLIST_INJURED,COUNT_MC_KILLED,COUNT_MC_INJURED,PRIMARY_RAMP,SECONDARY_RAMP,LATITUDE,LONGITUDE,COUNTY,CITY,POINT_X,POINT_Y
91157856,2019,1/2/20,9390,12/24/19,1335,22273,,2,1,6,105,0,1,1,,2,64,I-680 NORTHBOUND,DURHAM ROAD,3802,S,N,B,-,Y,,,680,,,,,,N,Y,4,0,1,2,A,-,7,21658,A,N,B,C,A,A,D,-,A,D,0,,,Y,,Y,,A,1,0,0,1,0,0,0,0,0,1,- ,- ,37.50519943,-121.9338608,ALAMEDA,FREMONT,-121.9338531,37.50520706
91158054,2019,1/2/20,9345,12/22/19,1405,22094,,7,2,6,105,0,1,1,,2,70,I-880 SB FROM AUTO MALL PARKWAY WB,AUTO MALL PARKWAY,200,N,N,B,-,Y,,,880,,,,R,,S,Y,4,0,1,1,A,-,8,22107,,N,E,I,A,B,H,-,A,D,0,,,,,Y,,A,1,0,0,1,0,0,0,0,0,0,- ,- ,37.50741959,-121.9691086,ALAMEDA,FREMONT,-121.9691086,37.50741959
91158347,2020,1/3/20,9345,1/2/20,856,22076,,4,1,6,105,0,1,1,,2,71,I-880 SOUTHBOUND,MOWRY AVE,528,N,N,A,-,Y,,,880,,,,,,S,Y,4,0,2,2,A,-,3,22350,,N,C,C,A,A,H,-,A,D,0,,,,,Y,,A,7,0,0,2,0,0,0,0,0,0,- ,- ,37.53197098,-122.0064392,ALAMEDA,FREMONT,-122.0064621,37.53193665
91160000,2020,1/6/20,9345,1/3/20,840,21693,,5,1,6,105,0,1,1,,2,70,I-880 SOUTHBOUND,STEVENSON BOULEVARD,1584,N,N,B,-,Y,,,880,,,,,,S,Y,3,0,1,2,A,-,4,21703,,N,C,C,A,A,H,-,A,D,0,,,,,Y,,A,7,0,1,0,0,0,0,0,0,0,- ,- ,37.52505112,-121.9932785,ALAMEDA,FREMONT,-121.9932709,37.52507401
91160260,2019,1/6/20,9390,11/25/19,1120,21445,,1,1,6,105,0,1,1,,2,64,I-680 SOUTHBOUND,SCOTT CREEK ROAD,2112,N,N,A,-,Y,,,680,,,,,,S,Y,2,0,1,1,A,-,8,22107,,N,F,I,A,A,H,-,A,D,0,,,,,Y,,D,22,1,0,0,0,0,0,0,0,0,- ,- ,37.47103119,-121.9093781,ALAMEDA,FREMONT,-121.9094925,37.47094727
91161278,2019,1/8/20,9345,12/28/19,1540,22094,,6,2,6,105,0,1,1,,2,70,I-880 SOUTHBOUND (NIMITZ FREEWAY),MOWRY AVENUE,1584,S,N,A,-,Y,,,880,,,,,,S,Y,4,0,1,2,A,-,7,21658,A,N,B,C,A,A,H,-,A,D,0,,,,,Y,,A,1,0,0,1,0,0,0,0,0,0,- ,- ,37.52735901,-121.9980164,ALAMEDA,FREMONT,-121.9980011,37.52740479
91161774,2020,1/8/20,9345,1/3/20,1510,21316,,5,2,6,105,0,1,1,,2,70,I-880 NORTHBOUND,AUTO MALL PARKWAY,2640,N,N,A,-,Y,,,880,,,,,,N,N,4,0,2,2,A,-,3,22350,,N,C,C,A,A,H,-,A,D,0,,,,,Y,,D,22,0,0,2,0,0,0,0,0,0,- ,- ,37.51250839,-121.973732,ALAMEDA,FREMONT,-121.9736633,37.5125885
9116212,2020,8/3/20,105,4/3/20,1323,14563,1175,5,5,6,105,0,0,0,,0,3,KATO RD,FREMONT BL,450,S,N,A,-,N,,,,,,,,,,Y,3,0,1,1,A,-,5,21650,,N,E,I,A,A,H,-,A,A,0,,,,,Y,,A,7,0,1,0,0,0,0,0,0,0,- ,- ,,,ALAMEDA,FREMONT,-121.9478455,37.49591064
91162895,2020,1/10/20,9345,1/4/20,1955,21332,,6,2,6,105,0,1,1,,2,70,I-880 NORTHBOUND,WARREN AVE,2112,S,N,A,-,Y,,,880,,,,,,N,Y,3,0,1,1,A,-,8,22107,,N,F,A,A,A,H,-,C,D,0,,,,,Y,,A,1,0,1,0,0,0,0,0,0,0,- ,- ,37.47780991,-121.9330063,ALAMEDA,FREMONT,-121.9331818,37.4777298
91163127,2020,1/10/20,9345,1/7/20,1510,22157,,2,2,6,105,0,1,1,,2,70,I-880 N/B,WARREN AVE,2640,S,N,A,-,Y,,,880,,,,,,N,N,4,0,1,2,A,-,3,22350,,M,C,C,A,A,H,-,A,D,0,,,,,Y,,-,99,0,0,1,0,0,0,0,0,0,- ,- ,37.47677994,-121.9325104,ALAMEDA,FREMONT,-121.9326859,37.4766922
91163295,2020,1/10/20,9345,1/8/20,1645,22094,,3,2,6,105,0,1,1,,2,71,I-880 SOUTHBOUND (NIMITZ FREEWAY),THORNTON AVENUE,528,N,N,B,-,Y,,,880,,,,,,S,Y,4,0,1,3,A,-,3,22350,,N,C,C,A,A,H,-,A,D,0,,,,,Y,,A,1,0,0,1,0,0,0,0,0,0,- ,- ,37.54822922,-122.0241623,ALAMEDA,FREMONT,-122.0242233,37.54817963
91163347,2020,1/10/20,9390,1/10/20,1002,22215,,5,1,6,105,0,1,1,,2,64,I-680 SOUTHBOUND,SR-262 / SOUTH MISSION BOULEVARD,2640,N,N,A,-,Y,,,680,,,,,,S,Y,4,0,1,2,A,-,3,22350,,N,C,C,A,A,D,-,A,D,0,,,,,Y,,A,1,0,0,1,0,0,0,0,0,0,- ,- ,37.50391006,-121.9328308,ALAMEDA,FREMONT,-121.9328232,37.50391388
91163843,2020,1/13/20,9345,1/6/20,1730,22157,,1,2,6,105,0,1,1,,2,72,I-880 S/B,ALVARADO BLVD,1056,N,N,A,-,Y,,,880,,,,,,S,N,4,0,1,2,A,-,21,22106,,M,H,C,A,A,H,-,B,D,0,,,,,Y,,-,99,0,0,1,0,0,0,0,0,0,- ,- ,37.58184052,-122.0496063,ALAMEDA,FREMONT,-122.0496216,37.5818367
91164377,2020,1/13/20,9345,1/3/20,1900,21316,,5,2,6,105,0,1,1,,2,70,I-880 NORTHBOUND,AUTO MALL PARKWAY,528,S,N,A,-,Y,,,880,,,,,,N,Y,4,0,1,3,A,-,4,21703,,N,C,C,A,A,H,-,C,D,0,,,,,Y,,A,1,0,0,1,0,0,0,0,0,0,- ,- ,37.50241852,-121.960968,ALAMEDA,FREMONT,-121.9609604,37.50243378
91164389,2020,1/13/20,9345,1/7/20,1905,22236,,2,2,6,105,0,1,3,,1,184,SR-84 N/B,KGO RADIO TOWER,500,N,N,B,-,Y,,,84,,,,,,N,N,4,0,1,2,A,-,3,22350,,N,C,C,A,A,H,-,C,D,0,,,,,Y,,D,22,0,0,1,0,0,0,0,0,0,- ,- ,37.52798843,-122.0956116,ALAMEDA,FREMONT,-122.0956573,37.52804565
91164429,2020,1/13/20,9390,1/6/20,1350,22174,,1,1,6,105,0,1,1,,2,64,I-680 NORTHBOUND,AUTO MALL PARKWAY,2640,N,N,A,-,Y,,,,,,,,,,Y,3,0,1,2,A,-,3,22350,,N,C,C,A,A,D,-,A,D,0,,,,,Y,,A,1,0,1,0,0,0,0,0,0,0,- ,- ,37.51221085,-121.9436874,ALAMEDA,FREMONT,-121.9436874,37.5212326
91165961,2020,1/15/20,9345,1/5/20,200,22422,,7,3,6,105,0,1,1,,2,70,I-880 S/B (NIMITZ FREEWAY),WARREN AVENUE,1000,S,N,A,-,Y,,,880,,,,,,S,Y,3,0,1,2,A,-,8,22107,,N,C,C,A,A,H,-,D,D,0,,,,Y,Y,,A,1,0,1,0,0,0,0,0,0,0,- ,- ,37.46963882,-121.9295502,ALAMEDA,FREMONT,-121.9296036,37.46961594
91165980,2020,1/15/20,9345,1/5/20,201,22422,,7,3,6,105,0,1,1,,2,70,I-880 S/B (NIMITZ FREEWAY),WARREN AVENUE,1000,S,N,A,-,Y,,,880,,,,,,S,Y,3,0,1,2,C,-,18,,,N,D,C,A,A,H,-,D,D,0,,,,,Y,,-,- ,0,1,0,0,0,0,0,0,0,- ,- ,37.46937943,-121.9294205,ALAMEDA,FREMONT,-121.9294739,37.46935272
91166016,2020,1/15/20,9345,1/14/20,1025,22076,,2,1,6,105,0,1,1,,2,70,I-880 SOUTHBOUND,MOWRY AVE,528,S,N,A,-,Y,,,880,,,,,,S,N,4,0,1,2,A,-,3,22350,,N,C,C,A,A,H,-,A,D,0,,,,,Y,,A,7,0,0,1,0,0,0,0,0,0,- ,- ,37.52859116,-122.0001831,ALAMEDA,FREMONT,-122.0001984,37.52854919
91166666,2020,1/16/20,9345,1/13/20,1650,21316,,1,2,6,105,0,1,1,,2,71,I-880 SOUTHBOUND,THORNTON AVENUE,528,N,N,A,-,Y,,,,,,,,,,N,4,0,1,3,A,-,4,21703,,N,C,C,A,A,H,-,A,D,0,,,,,Y,,A,1,0,0,1,0,0,0,0,0,0,- ,- ,37.55115128,-122.206398,ALAMEDA,FREMONT,-122.0237274,37.54800034
91168468,2020,1/20/20,9345,1/14/20,1000,21398,,2,1,6,105,0,1,3,,1,184,SR-84 SOUTHBOUND,THORNTON AVE,50,S,N,A,-,Y,,,84,,,,,,S,Y,3,0,3,3,A,-,4,21703,,N,C,C,A,B,H,-,A,D,0,,,,,Y,,A,1,0,1,2,0,0,0,0,0,0,- ,- ,37.54042816,-122.0675201,ALAMEDA,FREMONT,-122.067543,37.54045486
91169102,2020,1/21/20,9390,1/10/20,914,18869,,5,1,6,105,0,1,1,,2,64,I680 SOUTHBOUND,AUTO MALL PARKWAY,2600,S,N,A,-,Y,,,,,,,,,,Y,4,0,1,2,A,-,3,22350,,N,C,C,A,A,H,-,A,D,0,,,,,Y,,J,48,0,0,1,0,0,0,0,0,0,- ,- ,37.50799942,-121.9360428,ALAMEDA,FREMONT,-121.9398499,37.5145607
91169132,2020,1/21/20,9345,1/17/20,730,21693,,5,1,6,105,0,1,1,,2,71,I-880 NORTHBOUND,DECOTO ROAD,528,S,N,B,-,Y,,,880,,,,,,N,N,4,0,1,2,A,-,4,21703,,N,C,C,A,A,H,-,A,D,0,,,,,Y,,A,1,0,0,1,0,0,0,0,0,0,- ,- ,37.56338882,-122.0378876,ALAMEDA,FREMONT,-122.0379868,37.56328964
91169332,2020,1/21/20,9345,1/8/20,40,22366,,3,3,6,105,0,1,1,,2,71,I-880 NORTHBOUND (NIMITZ FREEWAY),CENTRAL AVENUE,947,N,N,B,-,Y,,,880,,,,,,N,Y,2,0,1,1,A,-,1,23152,A,N,F,A,A,B,H,-,D,D,0,,,,,Y,Y,A,1,1,0,0,0,0,0,0,0,0,- ,- ,37.54190063,-122.0189667,ALAMEDA,FREMONT,-122.0190277,37.54185486
9116952,2020,9/24/20,105,7/5/20,1955,2536,469,7,5,6,105,0,0,0,,0,2,CABRILLO DR,CERRITOS AV,73,S,N,A,-,N,,,,,,,,,,Y,4,0,2,2,A,-,8,22107,,N,B,E,A,A,H,-,A,D,0,,,,,Y,,D,22,0,0,2,0,0,0,0,0,0,- ,- ,,,ALAMEDA,FREMONT,-122.0237961,37.55565643
9116956,2020,11/25/20,105,7/5/20,1430,14997,740,7,5,6,105,0,0,0,,0,1,MISSION BL,SANTA TERESA TER,132,S,N,A,-,Y,ALA,4,238,-,-,1.82,H,-,N,Y,4,0,1,2,A,-,3,22350,,N,C,C,A,A,H,-,A,D,0,,,,,Y,,A,1,0,0,1,0,0,0,0,0,0,- ,- ,,,ALAMEDA,FREMONT,-121.9500504,37.556427
91170312,2020,1/22/20,9345,1/18/20,1840,22168,,6,2,6,105,0,1,1,,2,71,I-880 NORTHBOUND (NIMITZ FREEWAY),CENTRAL AVE,528,N,N,A,-,Y,,,880,,,,,,N,Y,3,0,1,3,A,-,3,22350,,N,C,C,A,A,H,-,D,D,0,,,,,Y,,A,8,0,1,0,0,0,0,0,0,0,- ,- ,37.5409584,-122.0184097,ALAMEDA,FREMONT,-122.0183792,37.54098511
91173903,2020,1/27/20,9390,1/12/20,1145,22215,,7,1,6,105,0,1,1,,2,64,I-680 SOUTHBOUND,SR-262 / SOUTH MISSION BOULEVARD,1320,N,N,B,-,Y,,,680,,,,,,S,Y,3,0,2,4,A,-,3,22350,,M,C,C,A,A,D,-,A,D,0,,,,,Y,,D,22,0,1,1,0,0,0,0,0,0,- ,- ,37.50059891,-121.9292603,ALAMEDA,FREMONT,-121.9292068,37.50066376
91174790,2020,1/28/20,9390,1/25/20,2135,21858,,6,2,6,105,0,1,1,,2,64,I-680 NORTHBOUND,PASEO PADRE PARKWAY OVERCROSSING,65,N,N,B,-,Y,,,680,,,,,,N,Y,4,0,1,1,A,-,1,23152,A,N,E,I,A,A,H,-,D,D,0,,,,,Y,Y,A,1,0,0,1,0,0,0,0,0,0,- ,- ,37.53419876,-121.9354172,ALAMEDA,FREMONT,-121.9354401,37.53423691
91177052,2020,1/30/20,9390,1/22/20,2140,21853,,3,2,6,105,0,1,1,,2,64,I-680 NORTHBOUND,SR-238 / NORTH MISSION BOULEVARD,1056,S,N,A,-,Y,,,680,,,,,,N,Y,4,0,2,3,A,-,3,22350,,N,C,C,A,A,D,-,C,D,0,,,,,Y,,A,1,0,0,2,0,0,0,0,0,0,- ,- ,37.53482056,-121.9342117,ALAMEDA,FREMONT,-121.934227,37.5348587
9117817,2020,7/23/20,105,6/24/20,1641,2799,1252,3,5,6,105,0,0,0,,0,3,GABLE DR,HOYT ST,15,W,N,A,-,N,,,,,,,,,,N,3,0,1,2,A,-,9,21800,,N,D,C,A,A,H,-,A,D,0,,,,,Y,,A,1,0,1,0,0,0,0,0,0,0,- ,- ,,,ALAMEDA,FREMONT,-121.9178085,37.48016357
91178593,2020,2/3/20,9345,1/27/20,1825,22168,,1,2,6,105,0,1,1,,2,72,I-880 NORTHBOUND (NIMITZ FREEWAY),DECOTO ROAD,1584,N,N,B,-,Y,,,880,,,,,,N,Y,4,0,2,3,A,-,4,21703,,N,C,C,A,A,H,-,D,D,0,,,,,Y,,A,7,0,0,2,0,0,0,0,0,0,- ,- ,37.56708908,-122.0421371,ALAMEDA,FREMONT,-122.0420914,37.56713867
91178651,2020,2/3/20,9345,1/28/20,1545,22201,,2,2,6,105,0,1,1,,2,71,I-880 SOUTHBOUND,CENTRAL AVENUE,300,N,N,A,-,Y,,,880,,,,,,S,Y,3,0,1,2,A,-,7,21658,A,N,C,C,A,A,H,-,A,D,0,,,,,Y,,A,1,0,1,0,0,0,0,0,0,0,- ,- ,37.53987885,-122.0180969,ALAMEDA,FREMONT,-122.0180359,37.53992462
91179325,2020,2/4/20,9345,1/24/20,2215,22238,,5,3,6,105,0,1,3,,1,184,SR-84 NORTHBOUND,THE SR-84 TOLL PLAZA,3168,S,N,A,-,Y,,,84,,,,,,N,Y,4,0,1,3,A,-,3,22350,,N,E,I,A,A,H,-,D,D,0,,,,,Y,,A,8,0,0,1,0,0,0,0,0,0,- ,- ,37.53292084,-122.0843506,ALAMEDA,FREMONT,-122.0843811,37.53311539
91180373,2020,2/5/20,9390,1/28/20,625,18869,,2,1,6,105,0,1,1,,2,64,I-680 N/B TO NORTH MISSION BLVD,MISSION BLVD,350,S,N,B,-,Y,,,,,,,,,,Y,3,0,1,1,A,-,3,22350,,N,E,I,A,A,D,-,B,D,0,,,,,Y,,A,1,0,1,0,0,0,0,0,0,0,- ,- ,37.53929138,-118.9250488,ALAMEDA,FREMONT,-121.9252853,37.53984451
91181620,2020,2/6/20,9345,2/3/20,1620,21316,,1,2,6,105,0,1,1,,2,71,I-880 SOUTHBOUND,DECOTO ROAD,200,N,N,A,-,Y,,,880,,,,,,S,Y,4,0,1,2,A,-,4,21703,,N,C,C,A,A,H,-,A,D,0,,,,,Y,,A,1,0,0,1,0,0,0,0,0,0,- ,- ,37.5639801,-122.0393219,ALAMEDA,FREMONT,-122.0392761,37.56402588
91182171,2020,2/7/20,9390,1/30/20,550,22215,,4,3,6,105,0,1,1,,2,65,I-680 SOUTHBOUND,ANDRADE ROAD,200,N,N,B,-,Y,,,,,,,,,,Y,4,0,1,2,A,-,3,22350,,N,C,C,A,A,D,-,D,D,0,,,,,Y,,D,22,0,0,1,0,0,0,0,0,0,- ,- ,37.57535172,-121.8830185,ALAMEDA,FREMONT,-121.8847046,37.57481766
91182188,2020,2/7/20,9345,1/31/20,1830,21332,,5,2,6,105,0,1,1,,2,70,I-880 NORTHBOUND,AUTO MALL PKY,2112,N,N,A,-,Y,,,880,,,,,,N,Y,4,0,1,4,A,-,3,22350,,N,C,C,A,A,H,-,C,D,0,,,,Y,Y,,A,7,0,0,1,0,0,0,0,0,0,- ,- ,37.51192093,-121.9729233,ALAMEDA,FREMONT,-121.9728851,37.51195908
91183204,2020,2/10/20,9345,1/25/20,110,21676,,6,3,6,105,0,1,1,,2,70,I-880 SOUTHBOUND (NIMITZ FREEWWAY),FREMONT BOULEVARD (SOUTH),1000,N,N,B,-,Y,,,880,,,,,,S,Y,4,0,1,1,A,-,1,23152,A,N,E,I,A,A,H,-,C,D,0,,,,,Y,Y,A,1,0,0,1,0,0,0,0,0,0,- ,- ,37.49906158,-121.9568481,ALAMEDA,FREMONT,-121.9569473,37.49893188
91183335,2020,2/10/20,9390,2/5/20,2120,21763,,3,2,6,105,0,1,1,,2,64,I-680 N/B,SR-262 / SOUTH MISSION BOULEVARD,2112,S,N,A,-,Y,,,680,,,,,,N,Y,3,0,1,2,A,-,1,23152,A,N,C,C,A,A,H,-,C,D,0,,,,,Y,Y,A,1,0,1,0,0,0,0,0,0,0,- ,- ,37.48738861,-121.9159622,ALAMEDA,FREMONT,-121.9159927,37.48736572
91184199,2020,2/11/20,9345,2/2/20,1345,22232,,7,1,6,105,0,1,3,,1,184,SR-84 SOUTHBOUND,THE DUMBARTON TOLL PLAZA,25,N,N,A,-,Y,,,84,,,,,,S,Y,3,0,1,1,A,-,8,22107,,N,E,I,A,A,H,-,A,A,0,,,,,Y,,A,1,0,1,0,0,0,0,0,0,0,- ,- ,37.53543091,-122.0752106,ALAMEDA,FREMONT,-122.0752411,37.53549957
91184538,2020,2/11/20,9345,2/6/20,845,20316,,4,1,6,105,0,1,1,,2,70,I-880 SOUTHBOUND,AUTO MALL PARKWAY,450,N,N,A,-,Y,,,880,,,,,,S,Y,2,0,1,3,A,-,7,21658,A,N,B,C,A,A,H,-,A,D,0,,,Y,,Y,,D,22,1,0,0,0,0,0,0,0,1,- ,- ,37.50831985,-121.9687424,ALAMEDA,FREMONT,-121.9688034,37.50824356
91185118,2020,2/12/20,9345,2/5/20,1125,20316,,3,1,6,105,0,1,1,,2,70,I-880 NORTHBOUND,SOUTH FREMONT BOULEVARD,100,S,N,A,-,Y,,,880,,,,,,N,N,3,0,1,2,C,-,18,,,N,E,J,A,A,H,-,A,D,0,,,,,Y,,-,- ,0,1,0,0,0,0,0,0,0,- ,- ,37.49245834,-121.9481812,ALAMEDA,FREMONT,-121.9481201,37.49253845
91185139,2020,2/12/20,9345,2/6/20,1515,21316,,4,2,6,105,0,1,1,,2,71,I-880 NORTHBOUND,THORNTON AVENUE,528,N,N,A,-,Y,,,880,,,,,,N,Y,4,0,2,4,A,-,4,21703,,N,C,C,A,A,H,-,A,D,0,,,,Y,Y,,F,26,0,0,2,0,0,0,0,0,0,- ,- ,37.54832077,-122.0240021,ALAMEDA,FREMONT,-122.0239258,37.54837418
91185169,2020,2/12/20,9345,2/6/20,1855,21292,,4,2,6,105,0,1,1,,2,70,I-880 N/B(NIMITZ FREEWAY),SOUTH FREMONT BLVD,1056,S,N,A,-,Y,,,880,,,,,,N,N,4,0,1,2,A,-,7,21658,A,N,F,A,A,A,H,-,D,D,0,,,Y,,Y,,A,1,0,0,1,0,0,0,0,0,1,- ,- ,37.4885788,-121.9431381,ALAMEDA,FREMONT,-121.9430542,37.48868942
91187506,2020,2/17/20,9345,2/7/20,2155,21797,,5,2,6,105,0,1,1,,2,70,I-880 NORTHBOUND (NIMITZ FREEWAY),MOWRY AVENUE,1950,S,N,A,-,Y,,,880,,,,,,N,Y,4,0,1,2,A,-,1,23152,A,M,C,C,A,A,H,-,C,D,0,,,,,Y,Y,A,1,0,0,1,0,0,0,0,0,0,- ,- ,37.52629089,-121.9952316,ALAMEDA,FREMONT,-121.9952011,37.52635574
91187527,2020,2/17/20,9345,2/13/20,55,21625,,4,3,6,105,0,1,1,,2,70,I-880 S/B (NIMITZ FREEWAY),WARREN AVE,850,N,N,A,-,Y,,,880,,,,,,S,N,4,0,1,2,A,-,8,22107,,N,C,C,A,A,H,-,D,D,0,,,,,Y,,A,7,0,0,1,0,0,0,0,0,0,- ,- ,37.48511887,-121.9388885,ALAMEDA,FREMONT,-121.9389191,37.48508453
91188222,2020,2/18/20,9345,2/12/20,710,21398,,3,1,6,105,0,1,1,,2,71,I-880 SOUTHBOUND,MOWRY AVE,100,N,N,A,-,Y,,,880,,,,,,S,N,4,0,1,2,A,-,7,21658,A,N,B,C,A,A,H,-,A,D,0,,,Y,,Y,,A,1,0,0,1,0,0,0,0,0,1,- ,- ,37.53128815,-122.0050735,ALAMEDA,FREMONT,-122.0051117,37.53120804
91188260,2020,2/18/20,9345,2/12/20,1100,21398,,3,1,6,105,0,1,1,,2,70,I-880 SOUTHBOUND,STEVENSON BLVD,1000,S,N,A,-,Y,,,880,,,,,,S,Y,4,0,1,2,A,-,3,22350,,N,C,C,A,A,H,-,A,D,0,,,,,Y,,A,1,0,0,1,0,0,0,0,0,0,- ,- ,37.51913071,-121.9823303,ALAMEDA,FREMONT,-121.9823151,37.51914978
91188995,2020,2/19/20,9345,2/12/20,820,22422,,3,1,6,105,0,1,1,,2,71,I-880 N/B (NIMITZ FREEWAY),THORNTON AVENUE,150,N,N,A,-,Y,,,880,,,,,,N,Y,4,0,1,3,A,-,3,22350,,N,C,C,A,A,H,-,A,D,0,,,,,Y,,A,1,0,0,1,0,0,0,0,0,0,- ,- ,37.54785156,-122.0233231,ALAMEDA,FREMONT,-122.0234528,37.54774857
91189410,2020,2/19/20,9345,2/18/20,820,20328,,2,1,6,105,0,1,1,,2,71,I-880 S/B,PASEO PADRE PARKWAY,300,S,N,A,-,Y,,,880,,,,,,S,N,4,0,1,2,A,-,3,22350,,N,C,C,A,A,H,-,A,D,0,,,,,Y,,A,7,0,0,1,0,0,0,0,0,0,- ,- ,37.56999969,-122.0449982,ALAMEDA,FREMONT,-122.0450745,37.5699501
91189986,2020,2/20/20,9390,2/14/20,550,20368,,5,3,6,105,0,1,1,,2,64,I-680 SOUTHBOUND,GRIMMER BOULEVARD UNDERCROSSING,240,N,N,B,-,Y,,,680,,,,,,S,Y,3,0,1,1,A,-,8,22107,,N,E,J,A,A,H,-,D,D,0,,,,,Y,,A,8,0,1,0,0,0,0,0,0,0,- ,- ,37.50669861,-121.9354706,ALAMEDA,FREMONT,-121.9354019,37.5067482
91190417,2020,2/20/20,9390,2/13/20,1530,22527,,4,2,6,105,0,1,1,,2,65,I-680 NORTHBOUND,SR-238 / NORTH MISSION BOULEVARD,65,N,N,A,-,Y,,,680,,,,,,N,Y,4,0,1,2,A,-,3,22350,,N,C,C,A,A,D,-,A,D,0,,,Y,,Y,,C,2,0,0,1,0,0,0,0,0,1,- ,- ,37.54090881,-121.9242325,ALAMEDA,FREMONT,-121.9241638,37.54083252
91191842,2020,2/24/20,9345,2/15/20,1745,22131,,6,2,6,105,0,1,1,,2,70,I-880 NORTHBOUND,STEVENSON BOULEVARD,3168,S,N,A,-,Y,,,880,,,,,,N,N,4,0,1,2,A,-,7,21658,A,N,D,C,A,A,H,-,B,D,0,,,,,Y,,A,1,0,0,1,0,0,0,0,0,0,- ,- ,37.51692963,-121.9790192,ALAMEDA,FREMONT,-121.9790192,37.51693344
91192165,2020,2/24/20,9390,2/13/20,1730,22527,,4,2,6,105,0,1,1,,2,64,I-680 NB SO AUTOMALL PKY,AUTO MALL PARKWAY,100,S,N,A,-,Y,,,680,,,,,,N,Y,3,0,1,3,A,-,7,21658,A,N,B,C,A,A,H,-,B,D,0,,,Y,,Y,,A,7,0,1,0,0,0,0,0,0,1,- ,- ,37.5135994,-121.9389496,ALAMEDA,FREMONT,-121.938942,37.51360703
91192317,2020,2/24/20,9345,2/18/20,1800,22157,,2,2,6,105,0,1,1,,2,71,I-880 N/B,DECOTO RD,1056,N,N,A,-,Y,,,880,,,,,,N,N,4,0,1,3,A,-,3,22350,,N,C,C,A,A,H,-,B,D,0,,,,,Y,,A,1,0,0,1,0,0,0,0,0,0,- ,- ,37.56528091,-122.0402527,ALAMEDA,FREMONT,-122.040184,37.56534958
91192382,2020,2/24/20,9345,2/18/20,1845,21292,,2,2,6,105,0,1,1,,2,70,I-880 N/B (NIMITZ FREEWAY),STEVENSON BLVD,2510,S,N,A,-,Y,,,880,,,,,,N,Y,3,0,1,2,A,-,1,23152,A,N,B,C,A,A,H,-,C,D,0,,,,,Y,Y,A,1,0,1,0,0,0,0,0,0,0,- ,- ,37.51774979,-121.9805832,ALAMEDA,FREMONT,-121.9803619,37.51801682
91192879,2020,2/25/20,9390,2/15/20,1120,22174,,6,1,6,105,0,1,1,,2,64,I-680 SOUTHBOUND,SR-262 / SOUTH MISSION BOULEVARD,3696,N,N,A,-,Y,,,680,,,,,,S,Y,3,0,1,2,A,-,3,22350,,N,C,C,A,A,H,-,A,D,0,,,,,Y,,A,1,0,1,0,0,0,0,0,0,0,- ,- ,37.50299072,-121.9319382,ALAMEDA,FREMONT,-121.9318771,37.50305939
91193166,2020,2/25/20,9345,2/21/20,1510,22094,,5,2,6,105,0,1,1,,2,70,I-880 NORTHBOUND (NIMITZ FREEWAY),WARREN AVENUE,1584,S,N,B,-,Y,,,880,,,,,,N,Y,4,0,1,2,A,-,3,22350,,N,C,C,A,A,H,-,A,D,0,,,,,Y,,A,1,0,0,1,0,0,0,0,0,0,- ,- ,37.47959137,-121.9341583,ALAMEDA,FREMONT,-121.9341049,37.47961426