CASE_ID,ACCIDENT_YEAR,PROC_DATE,JURIS,COLLISION_DATE,COLLISION_TIME,OFFICER_ID,REPORTING_DISTRICT,DAY_OF_WEEK,CHP_SHIFT,POPULATION,CNTY_CITY_LOC,SPECIAL_COND,BEAT_TYPE,CHP_BEAT_TYPE,CITY_DIVISION_LAPD,CHP_BEAT_CLASS,BEAT_NUMBER,PRIMARY_RD,SECONDARY_RD,DISTANCE,DIRECTION,INTERSECTION,WEATHER_1,WEATHER_2,STATE_HWY_IND,CALTRANS_COUNTY,CALTRANS_DISTRICT,STATE_ROUTE,ROUTE_SUFFIX,POSTMILE_PREFIX,POSTMILE,LOCATION_TYPE,RAMP_INTERSECTION,SIDE_OF_HWY,TOW_AWAY,COLLISION_SEVERITY,NUMBER_KILLED,NUMBER_INJURED,PARTY_COUNT,PRIMARY_COLL_FACTOR,PCF_CODE_OF_VIOL,PCF_VIOL_CATEGORY,PCF_VIOLATION,PCF_VIOL_SUBSECTION,HIT_AND_RUN,TYPE_OF_COLLISION,MVIW,PED_ACTION,ROAD_SURFACE,ROAD_COND_1,ROAD_COND_2,LIGHTING,CONTROL_DEVICE,CHP_ROAD_TYPE,PEDESTRIAN_ACCIDENT,BICYCLE_ACCIDENT,MOTORCYCLE_ACCIDENT,TRUCK_ACCIDENT,NOT_PRIVATE_PROPERTY,ALCOHOL_INVOLVED,STWD_VEHTYPE_AT_FAULT,CHP_VEHTYPE_AT_FAULT,COUNT_SEVERE_INJ,COUNT_VISIBLE_INJ,COUNT_COMPLAINT_PAIN,COUNT_PED_KILLED,COUNT_PED_INJURED,COUNT_BICYCLIST_KILLED,COUNT_BICYCLIST_INJURED,COUNT_MC_KILLED,COUNT_MC_INJURED,PRIMARY_RAMP,SECONDARY_RAMP,LATITUDE,LONGITUDE,COUNTY,CITY,POINT_X,POINT_Y
91239556,2020,5/19/20,9390,5/12/20,1010,21817,,2,1,6,105,0,1,1,,2,64,1-680 S/B,SCOTT CREEK ROAD,500,S,N,B,-,Y,,,,,,,,,,Y,4,0,1,2,C,-,18,,,N,H,A,A,A,H,-,A,A,0,,,,Y,Y,,-,- ,0,0,1,0,0,0,0,0,0,- ,- ,37.46517944,-121.9049072,ALAMEDA,FREMONT,,
91239794,2020,5/19/20,9390,5/12/20,1548,15650,,2,2,6,105,0,1,1,,2,65,I-680 SOUTHBOUND,NORTH MISSION BLVD.,965,N,N,A,-,Y,,,,,,,,,,Y,3,0,1,1,A,-,8,22107,,N,D,I,A,A,H,-,A,D,0,,,,,Y,,A,1,0,1,0,0,0,0,0,0,0,- ,- ,37.32329941,-121.5522003,ALAMEDA,FREMONT,-121.9223785,37.54269791
91240402,2020,5/20/20,9345,5/15/20,1935,22094,,5,2,6,105,0,1,1,,2,71,I-880 NORTHBOUND (NIMITZ FREEWAY),THORNTON AVENUE,200,N,N,A,-,Y,,,880,,,,,,N,Y,4,0,1,2,A,-,7,21658,A,N,C,C,A,A,H,-,A,D,0,,,,,Y,,A,1,0,0,1,0,0,0,0,0,0,- ,- ,37.54737091,-122.0231934,ALAMEDA,FREMONT,-122.0231781,37.54737854
91240853,2020,5/21/20,9345,5/18/20,1300,22422,,1,1,6,105,0,1,1,,2,70,I-880 N/B (NIMITZ FREEWAY),WARREN AVENUE,1500,S,N,B,-,Y,,,880,,,,,,N,N,4,0,1,2,A,-,3,22350,,N,C,C,A,A,H,-,A,D,0,,,,,Y,,A,1,0,0,1,0,0,0,0,0,0,- ,- ,37.4794693,-121.9337921,ALAMEDA,FREMONT,-121.9339905,37.47937393
91241753,2020,5/25/20,9390,5/17/20,1420,21677,,7,2,6,105,0,1,1,,2,64,I-680 SOUTHBOUND,EAST WARREN AVENUE UNDERCROSSING,90,N,N,A,-,Y,,,680,,,,,,S,Y,2,0,2,1,A,-,1,23152,F,N,E,I,A,A,H,-,A,D,0,,,,,Y,,A,1,2,0,0,0,0,0,0,0,0,- ,- ,37.4907608,-121.918869,ALAMEDA,FREMONT,-121.9189148,37.49073029
91242489,2020,5/26/20,9345,5/22/20,1710,18276,,5,2,6,105,0,1,1,,2,71,I-880 S/B FROM THORTON AVENUE E/B,THORNTON AVE,510,S,N,A,-,Y,,,880,,,,R,,S,N,4,0,1,2,A,-,3,22350,,N,C,C,A,A,H,-,A,A,0,,,,,Y,,D,22,0,0,1,0,0,0,0,0,0,- ,- ,37.54470825,-122.0220871,ALAMEDA,FREMONT,-122.0220871,37.54470825
91245663,2020,6/1/20,9345,5/24/20,1415,22157,,7,2,6,105,0,1,1,,2,72,I-880 S/B,ALVARADO BLVD,1056,N,N,A,-,Y,,,880,,,,,,S,N,4,0,1,1,C,-,18,,,N,E,J,A,A,H,-,A,D,0,,,,,Y,,-,- ,0,0,1,0,0,0,0,0,0,- ,- ,37.57788086,-122.048233,ALAMEDA,FREMONT,-122.0482101,37.57788849
91245671,2020,6/1/20,9345,5/26/20,1515,21332,,2,2,6,105,0,1,1,,2,72,I-880 SOUTHBOUND,ALVARADO-NILES ROAD,200,N,N,A,-,Y,,,,,,,,,,Y,3,0,1,2,A,-,3,22350,,N,C,C,A,A,H,-,A,D,0,,,,,Y,,A,1,0,1,0,0,0,0,0,0,0,- ,- ,37.59933853,-122.0615082,ALAMEDA,FREMONT,-122.0614624,37.59924698
9124733,2020,9/9/20,105,6/13/20,1034,14852,819,6,5,6,105,0,0,0,,0,1,PARKHURST DR,WALNUT AV,190,S,N,A,-,N,,,,,,,,,,Y,4,0,1,2,A,-,1,23152,A,N,C,E,A,A,H,-,A,D,0,,,,,Y,Y,A,1,0,0,1,0,0,0,0,0,0,- ,- ,,,ALAMEDA,FREMONT,-121.9850769,37.54214096
9124860,2020,9/18/20,105,7/15/20,1659,14175,272,3,5,6,105,0,0,0,,0,0Z2,DECOTO RD,PASEO PADRE PKWY,420,E,N,A,-,N,,,,,,,,,,Y,3,0,2,2,A,-,8,22107,,N,B,C,A,A,H,-,A,D,0,,,,,Y,,A,1,0,1,1,0,0,0,0,0,0,- ,- ,,,ALAMEDA,FREMONT,-122.0262375,37.57783127
9124864,2020,9/25/20,105,7/14/20,1524,14563,867,2,5,6,105,0,0,0,,0,1,BLACOW RD,HILO ST,0,,Y,A,-,N,,,,,,,,,,Y,4,0,2,2,A,-,12,21453,A,N,D,C,A,A,H,-,A,A,0,,,,,Y,,-,- ,0,0,2,0,0,0,0,0,0,- ,- ,,,ALAMEDA,FREMONT,-121.979187,37.52619171
9124868,2020,9/17/20,105,7/9/20,1547,16179,345,4,5,6,105,0,0,0,,0,1,NILES BL,J ST,50,N,N,A,-,N,,,,,,,,,,N,4,0,2,3,A,-,3,22350,,N,C,C,A,A,H,-,A,D,0,,,,,Y,,I,11,0,0,2,0,0,0,0,0,0,- ,- ,,,ALAMEDA,FREMONT,-121.9770126,37.57648087
91250260,2020,6/10/20,9345,6/5/20,1005,22312,,5,1,6,105,0,1,1,,2,70,I-880 N/B (NIMITZ FREEWAY),MOWRY AVE,1584,S,N,A,-,Y,,,880,,,,,,N,Y,4,0,1,1,C,-,18,,,N,E,I,A,A,H,-,A,D,0,,,,,Y,,-,- ,0,0,1,0,0,0,0,0,0,- ,- ,37.52733994,-121.9974976,ALAMEDA,FREMONT,-121.9974442,37.52745819
91250355,2020,6/10/20,9345,6/5/20,750,22351,,5,1,6,105,0,1,1,,2,70,I-880 N/B,AUTO MALL PKY,1584,S,N,A,-,Y,,,880,,,,,,N,Y,4,0,1,2,A,-,3,22350,,N,C,A,A,A,H,-,A,D,0,,,,,Y,,A,1,0,0,1,0,0,0,0,0,0,- ,- ,37.50326157,-121.9618912,ALAMEDA,FREMONT,-121.9619446,37.5031929
91251241,2020,6/12/20,9345,6/8/20,1347,20328,,1,1,6,105,0,1,1,,2,71,I-880 N/B,THORNTON AVENUE,800,S,N,A,-,Y,,,880,,,,,,N,Y,4,0,1,2,A,-,3,22350,,N,C,C,A,A,H,-,A,D,0,,,,,Y,,A,1,0,0,1,0,0,0,0,0,0,- ,- ,37.54365921,-122.0205307,ALAMEDA,FREMONT,-122.0204315,37.54373169
91251281,2020,6/12/20,9345,6/11/20,1550,22076,,4,2,6,105,0,1,1,,2,71,I-880 SOUTHBOUND,THORNTON AVE,2640,N,N,A,-,Y,,,880,,,,,,S,Y,4,0,2,3,A,-,3,22350,,N,C,C,A,A,H,-,A,D,0,,,,,Y,,D,22,0,0,2,0,0,0,0,0,0,- ,- ,37.55233002,-122.0272598,ALAMEDA,FREMONT,-122.0273285,37.55227661
91252083,2020,6/15/20,9390,6/12/20,1530,22273,,5,2,6,105,0,1,1,,2,64,I-680 NORTHBOUND,DURHAM ROAD,500,S,N,B,-,Y,,,680,,,,,,N,N,4,0,2,2,A,-,3,22350,,N,C,C,A,A,D,-,A,D,0,,,,,Y,,A,7,0,0,2,0,0,0,0,0,0,- ,- ,37.50891876,-121.936409,ALAMEDA,FREMONT,-121.9363022,37.5089798
91253688,2020,6/18/20,9345,6/12/20,600,21687,,5,1,6,105,0,1,1,,2,70,I-880 SOUTHBOUND,DIXON LANDING ROAD,5280,N,N,A,-,Y,,,880,,,,,,S,Y,2,0,1,2,A,-,3,22350,,N,B,C,A,A,H,-,B,D,0,,,Y,,Y,,C,2,1,0,0,0,0,0,0,0,1,- ,- ,37.46802902,-121.9286499,ALAMEDA,FREMONT,-121.9287872,37.46796417
91256671,2020,6/24/20,9345,6/18/20,1610,21332,,4,2,6,105,0,1,1,,2,71,I-880 NORTHBOUND,DECOTO ROAD,3168,S,N,A,-,Y,,,880,,,,,,N,Y,4,0,1,3,A,-,3,22350,,N,C,C,A,A,H,-,A,D,0,,,,,Y,,A,1,0,0,1,0,0,0,0,0,0,- ,- ,37.55622864,-122.0305176,ALAMEDA,FREMONT,-122.0304718,37.55628204
91257157,2020,6/25/20,9345,6/17/20,1155,21687,,3,1,6,105,0,1,1,,2,71,I-880 SOUTHBOUND,MOWRY AVENUE,2112,N,N,A,-,Y,,,880,,,,,,S,Y,4,0,1,2,C,-,18,,,N,D,C,A,A,H,-,A,D,0,,,Y,Y,Y,,-,- ,0,0,1,0,0,0,0,0,1,- ,- ,37.53440094,-122.0111389,ALAMEDA,FREMONT,-122.0111084,37.53445435
91257324,2020,6/25/20,9390,6/20/20,1520,22273,,6,2,6,105,0,1,1,,2,64,I-680 NORTHBOUND,WASHINGTON BLVD,200,S,N,A,-,Y,,,680,,,,,,N,N,4,0,1,2,A,-,3,22350,,N,C,C,A,A,D,-,A,D,0,,,,,Y,,A,7,0,0,1,0,0,0,0,0,0,- ,- ,37.5306282,-121.9421234,ALAMEDA,FREMONT,-121.9421158,37.53062439
91258813,2020,6/26/20,9390,6/16/20,1450,22204,,2,2,6,105,0,1,1,,2,64,I-680 NORTHBOUND,GRIMMER BOULEVARD UNDERCROSSING,450,S,N,A,-,Y,,,680,,,,,,N,Y,4,0,1,3,A,-,7,21658,A,N,D,C,A,A,H,-,A,D,0,,,Y,,Y,,A,1,0,0,1,0,0,0,0,0,1,- ,- ,37.50518036,-121.9337692,ALAMEDA,FREMONT,-121.9337997,37.50514984
91258914,2020,10/13/20,9345,6/20/20,1250,21687,,6,1,6,105,0,1,1,,2,71,I-880 SOUTHBOUND,MOWRY AVENUE,1584,N,N,A,-,Y,,,880,,,,,,S,Y,4,0,1,3,A,-,8,22107,,N,B,C,A,A,H,-,A,D,0,,,,,Y,,A,1,0,0,1,0,0,0,0,0,0,- ,- ,37.53487015,-122.0119324,ALAMEDA,FREMONT,-122.0119171,37.53489685
9125993,2020,8/31/20,105,8/15/20,7,15489,814,6,5,6,105,0,0,0,,0,1,STEVENSON BL,FREMONT BL,0,,Y,A,-,N,,,,,,,,,,Y,3,0,1,1,A,-,3,22350,,N,E,J,A,A,H,-,C,A,0,,,,,Y,,A,1,0,1,0,0,0,0,0,0,0,- ,- ,,,ALAMEDA,FREMONT,-121.9731216,37.54069901
91260660,2020,6/30/20,9345,6/23/20,1635,21316,,2,2,6,105,0,1,1,,2,71,I-880 NORTHBOUND,PASEO PADRE PARKWAY,528,S,N,A,-,Y,,,880,,,,,,N,Y,4,0,1,2,A,-,4,21703,,N,C,C,A,A,H,-,A,D,0,,,,,Y,,A,7,0,0,1,0,0,0,0,0,0,- ,- ,37.56998062,-122.0447006,ALAMEDA,FREMONT,-122.0446472,37.57001495
91260761,2020,6/30/20,9390,6/26/20,205,21858,,5,3,6,105,0,1,1,,2,64,I-680 SOUTHBOUND,SR-238 / NORTH MISSION BOULEVARD,2640,S,N,A,-,Y,,,680,,,,,,S,Y,3,0,3,1,A,-,8,22107,,N,E,I,A,A,H,-,C,D,0,,,,,Y,,A,1,0,2,1,0,0,0,0,0,0,- ,- ,37.53668976,-121.9309616,ALAMEDA,FREMONT,-121.9310074,37.5367775
91261000,2020,6/30/20,9345,6/24/20,1740,21316,,3,2,6,105,0,1,1,,2,72,I-880 SOUTHBOUND,ALVARADO BOULEVARD,2640,N,N,A,-,Y,,,880,,,,,,S,Y,4,0,2,2,A,-,4,21703,,N,C,C,A,A,H,-,A,D,0,,,,,Y,,A,1,0,0,2,0,0,0,0,0,0,- ,- ,37.58634186,-122.0530014,ALAMEDA,FREMONT,-122.0525665,37.58664703
91261650,2020,7/1/20,9345,6/25/20,2100,21292,,4,2,6,105,0,1,1,,2,70,I-880 N/B(NIMITZ FREEWAY),STEVENSON BLVD,1584,S,N,A,-,Y,,,880,,,,,,N,Y,3,0,2,3,A,-,3,22350,,N,C,C,A,A,H,-,C,D,0,,,,,Y,,A,1,0,2,0,0,0,0,0,0,0,- ,- ,37.51922989,-121.9819717,ALAMEDA,FREMONT,-121.9819336,37.51927948
9126211,2020,9/16/20,105,7/9/20,926,12745,648,4,5,6,105,0,0,0,,0,2,FREMONT BL,MONROE AV,310,N,N,A,-,N,,,,,,,,,,N,3,0,1,1,A,-,0,21367,,N,H,G,A,A,H,-,A,D,0,,Y,,,Y,,L,4,0,1,0,0,0,0,1,0,0,- ,- ,,,ALAMEDA,FREMONT,-121.9917221,37.55027008
9126212,2020,9/16/20,105,7/13/20,648,11621,683,1,5,6,105,0,0,0,,0,1,MOWRY AV,ARGONAUT WY,0,,Y,A,-,N,,,,,,,,,,N,4,0,2,2,D,-,0,,,N,B,C,A,A,H,-,A,A,0,,,,,Y,,-,- ,0,0,2,0,0,0,0,0,0,- ,- ,,,ALAMEDA,FREMONT,-121.9912491,37.54563141
9126213,2020,9/16/20,105,7/14/20,925,14563,1224,2,5,6,105,0,0,0,,0,3,E WARREN AV,YAKIMA DR,132,N,N,A,-,N,,,,,,,,,,Y,4,0,2,2,A,-,5,21650,,N,A,C,A,A,H,-,A,D,0,,,,,Y,,A,7,0,0,2,0,0,0,0,0,0,- ,- ,,,ALAMEDA,FREMONT,-121.918396,37.49362564
91263379,2020,7/6/20,9345,7/2/20,452,21687,,4,3,6,105,0,1,1,,2,70,I-880 NORTHBOUND,MOWRY AVENUE,1584,S,N,A,-,Y,,,880,,,,,,N,Y,4,0,2,2,A,-,3,22350,,N,D,C,A,A,H,-,D,D,0,,,,,Y,,D,22,0,0,2,0,0,0,0,0,0,- ,- ,37.52690125,-121.9963989,ALAMEDA,FREMONT,-121.9963837,37.52693558
91263989,2020,7/6/20,9390,7/2/20,1505,21452,,4,2,6,105,0,1,1,,2,64,I-680 NORTHBOUND,DURHAM ROAD,2112,S,N,A,-,Y,,,680,,,,,,N,N,4,0,2,3,A,-,3,22350,,N,C,C,A,A,D,-,A,D,0,,,,,Y,,D,22,0,0,2,0,0,0,0,0,0,- ,- ,37.51028061,-121.9371719,ALAMEDA,FREMONT,-121.9370804,37.51033401
91264043,2020,7/6/20,9345,7/2/20,1355,21316,,4,1,6,105,0,1,1,,2,70,I-880 NORTHBOUND,S. FREMONT BOULEVARD,2640,N,N,A,-,Y,,,880,,,,,,N,N,4,0,1,3,A,-,3,22350,,N,C,C,A,A,H,-,A,D,0,,,,,Y,,D,22,0,0,1,0,0,0,0,0,0,- ,- ,37.4977417,-121.9549713,ALAMEDA,FREMONT,-121.9549179,37.49780273
91265118,2020,7/8/20,9345,6/28/20,46,22069,,7,3,6,105,0,1,1,,2,71,I-880 N/B (NIMITZ FREEWAY),DECOTO RD,1584,S,N,A,-,Y,,,880,,,,,,N,Y,4,0,1,1,A,-,8,22107,,N,E,I,A,A,H,-,D,D,0,,,,,Y,Y,A,1,0,0,1,0,0,0,0,0,0,- ,- ,37.5606308,-122.0351181,ALAMEDA,FREMONT,-122.0351257,37.56062317
91265456,2020,7/8/20,9345,7/2/20,1410,22501,,4,2,6,105,0,1,1,,2,70,I-880 NORTHBOUND,SOUTH FREMONT BOULEVARD,3168,N,N,A,-,Y,,,880,,,,,,N,N,4,0,1,2,A,-,4,21703,,N,C,C,A,A,H,-,A,D,0,,,,,Y,,A,1,0,0,1,0,0,0,0,0,0,- ,- ,37.49917984,-121.9569092,ALAMEDA,FREMONT,-121.9568405,37.49927521
91265893,2020,7/9/20,9390,7/7/20,530,20368,,2,3,6,105,0,1,1,,2,64,I-680 NORTHBOUND,GRIMMER BOULEVARD UNDERCROSSING,165,S,N,A,-,Y,,,,,,,,,,Y,3,0,3,4,C,-,18,,,N,B,C,A,A,B,-,B,D,0,,,,,Y,,-,- ,0,1,2,0,0,0,0,0,0,- ,- ,,,ALAMEDA,FREMONT,,
91269966,2020,7/16/20,9345,7/10/20,1255,22094,,5,1,6,105,0,1,1,,2,70,I-880 SOUTHBOUND (NIMITZ FREEWAY),WARREN AVENUE,1584,N,N,A,-,Y,,,880,,,,,,S,N,4,0,1,2,A,-,8,22107,,N,B,C,A,A,H,-,A,D,0,,,,,Y,,A,7,0,0,1,0,0,0,0,0,0,- ,- ,37.48664093,-121.9407883,ALAMEDA,FREMONT,-121.9408417,37.48657227
91270206,2020,7/17/20,9345,7/15/20,650,22501,,3,1,6,105,0,1,1,,2,71,I-880 SOUTHBOUND,DECOTO ROAD,1056,N,N,A,-,Y,,,880,,,,,,S,Y,4,0,1,2,A,-,7,21658,A,N,B,C,A,A,H,-,A,D,0,,,,Y,Y,,G,27,0,0,1,0,0,0,0,0,0,- ,- ,37.56855011,-122.0439835,ALAMEDA,FREMONT,-122.0439987,37.56853867
9127100,2021,1/28/21,105,1/2/21,1024,14306,549,6,5,6,105,0,0,0,,0,2,RT 84,SAN PEDRO DR,737,W,N,C,-,Y,ALA,4,84,-,-,7.07,H,-,N,Y,4,0,1,2,A,-,4,21703,,N,C,C,A,B,H,-,A,D,0,,,,,Y,,A,1,0,0,1,0,0,0,0,0,0,- ,- ,,,ALAMEDA,FREMONT,-122.0213089,37.54844284
91271569,2020,7/21/20,9345,7/11/20,1259,21721,,6,1,6,105,0,1,3,,1,184,SR-84 N/B,KGO TOWERS,2640,N,N,A,-,Y,,,84,,,,,,N,Y,4,0,3,4,A,-,3,22350,,F,C,C,A,A,H,-,A,D,0,,,,,Y,,A,7,0,0,3,0,0,0,0,0,0,- ,- ,37.52981949,-122.0932083,ALAMEDA,FREMONT,-122.0933228,37.52997208
91271570,2020,7/21/20,9345,7/11/20,1530,22168,,6,2,6,105,0,1,1,,2,71,I-880 SOUTHBOUND (NIMITZ FREEWAY),DECOTO ROAD,1584,N,N,A,-,Y,,,880,,,,,,S,Y,2,0,1,1,A,-,8,22107,,N,F,A,A,A,H,-,A,D,0,,,Y,,Y,,C,2,1,0,0,0,0,0,0,0,1,- ,- ,37.56682968,-122.0422592,ALAMEDA,FREMONT,-122.0422668,37.56682205
91271693,2020,7/21/20,9390,7/10/20,425,21858,,5,3,6,105,0,1,1,,2,65,I-680 NORTHBOUND,SR-262 / SOUTH MISSION BOULEVARD,1000,N,N,A,-,Y,,,680,,,,,,N,Y,4,0,1,1,A,-,8,22107,,M,E,I,A,A,H,-,C,D,0,,,,,Y,,A,1,0,0,1,0,0,0,0,0,0,- ,- ,37.49808884,-121.9256287,ALAMEDA,FREMONT,-121.9257355,37.49797821
91272175,2020,7/21/20,9390,7/13/20,525,22204,,1,3,6,105,0,1,1,,2,64,I-680 SOUTHBOUND,GRIMMER BOULEVARD UNDERCROSSING,10,S,N,A,-,Y,,,680,,,,,,S,Y,4,0,2,3,A,-,3,22350,,F,C,C,A,A,H,-,A,D,0,,,,,Y,,A,7,0,0,2,0,0,0,0,0,0,- ,- ,37.50598145,-121.9348907,ALAMEDA,FREMONT,-121.9348755,37.50599289
91272320,2020,7/21/20,9345,7/15/20,1545,21292,,3,2,6,105,0,1,1,,2,70,I-880 N/B(NIMITZ FREEWAY),AUTO MALL PKY,2230,S,N,A,-,Y,,,880,,,,,,N,Y,3,0,4,4,A,-,3,22350,,N,C,C,A,A,H,-,A,D,0,,,,,Y,,A,1,0,2,2,0,0,0,0,0,0,- ,- ,37.50437164,-121.9635696,ALAMEDA,FREMONT,-121.9635391,37.50440979
91273851,2020,7/24/20,9345,7/19/20,1310,22094,,7,1,6,105,0,1,1,,2,71,I-880 NORTHBOUND (NIMITZ FREEWAY),PASEO PADRE PARKWAY,300,N,N,A,-,Y,,,880,,,,,,N,Y,4,0,1,1,A,-,8,22107,,N,E,I,A,A,H,-,A,D,0,,,,,Y,,A,1,0,0,1,0,0,0,0,0,0,- ,- ,37.57184982,-122.0458298,ALAMEDA,FREMONT,-122.0456924,37.57190704
91273857,2020,7/24/20,9345,7/19/20,23,22320,,7,3,6,105,0,1,3,,1,184,SR-84 NORTHBOUND,KGO TOWERS,6864,S,N,A,-,Y,,,84,,,,,,N,Y,4,0,1,2,A,-,3,22350,,N,C,C,A,A,H,-,D,D,0,,,,,Y,,A,1,0,0,1,0,0,0,0,0,0,- ,- ,37.50915909,-122.1136932,ALAMEDA,FREMONT,-122.1136627,37.50911713
91273871,2020,7/24/20,9345,7/19/20,15,22232,,7,3,6,105,0,1,3,,1,184,SR-84 NORTHBOUND,SAN MATEO COUNTY LINE,1056,E,N,A,-,Y,,,84,,,,,,N,Y,3,0,4,2,A,-,3,22350,,F,C,C,A,A,H,-,C,D,0,,,,,Y,,A,1,0,1,3,0,0,0,0,0,0,- ,- ,37.50915909,-122.1136932,ALAMEDA,FREMONT,-122.1136627,37.50911713
91278739,2020,7/31/20,9345,7/28/20,1355,21316,,2,1,6,105,0,1,1,,2,70,I-880 N/B,S FREMONT BLVD,238,N,N,A,-,Y,,,880,,,,,,N,Y,4,0,1,3,A,-,8,22107,,N,E,I,A,A,H,-,A,D,0,,,,,Y,,A,1,0,0,1,0,0,0,0,0,0,- ,- ,37.49406052,-121.9501877,ALAMEDA,FREMONT,-121.9501419,37.49412537
91278750,2020,8/25/20,9345,7/23/20,1309,21721,,4,1,6,105,0,1,1,,2,71,I-880 N/B (NIMITZ FREEWAY),DECOTO RD,3696,S,N,A,-,Y,,,880,,,,,,N,Y,3,0,1,2,A,-,1,23152,F,N,C,C,A,A,H,-,A,D,0,,,,,Y,,A,1,0,1,0,0,0,0,0,0,0,- ,- ,37.55532837,-122.0298767,ALAMEDA,FREMONT,-122.029686,37.55554581
91278798,2020,7/31/20,9345,7/27/20,1616,22201,,1,2,6,105,0,1,1,,2,71,I-880 N/B,DECOTO RD,1584,S,N,A,-,Y,,,880,,,,,,N,Y,4,0,1,2,A,-,3,22350,,N,C,C,A,A,H,-,A,D,0,,,,,Y,,A,7,0,0,1,0,0,0,0,0,0,- ,- ,37.55739975,-122.0318069,ALAMEDA,FREMONT,-122.0317459,37.55747223
91279901,2020,8/3/20,9390,7/26/20,1735,22149,,7,2,6,105,0,1,1,,2,64,I-680 SOUTHBOUND,GRIMMER BOULEVARD UNDERCROSSING,700,S,N,A,-,Y,,,680,,,,,,S,Y,3,0,1,2,A,-,3,22350,,N,C,C,A,A,H,-,A,D,0,,,,,Y,,A,1,0,1,0,0,0,0,0,0,0,- ,- ,37.50440979,-121.9334564,ALAMEDA,FREMONT,-121.9334259,37.50445175
91280615,2020,8/4/20,9390,7/28/20,1915,22149,,2,2,6,105,0,1,1,,2,64,I-680 N/B TO SR-262 W/B,SR-262 / SOUTH MISSION BOULEVARD,145,N,N,A,-,Y,,,680,,,,R,,N,Y,4,0,1,1,A,-,8,22107,,N,E,I,A,A,H,-,A,D,0,,,,,Y,,A,1,0,0,1,0,0,0,0,0,0,- ,- ,37.46699142,-121.9056702,ALAMEDA,FREMONT,-121.9056702,37.46699142
91281766,2020,8/6/20,9345,8/2/20,1730,22168,,7,2,6,105,0,1,1,,2,70,I-880 NORTHBOUND (NIMITZ FREEWAY),AUTOMALL BLVD,1056,N,N,A,-,Y,,,880,,,,,,N,Y,3,0,1,2,A,-,7,21658,A,N,B,C,A,A,H,-,A,D,0,,,,,Y,,A,1,0,1,0,0,0,0,0,0,0,- ,- ,37.51261902,-121.9738007,ALAMEDA,FREMONT,-121.9737625,37.51266861
91282218,2020,8/7/20,9345,7/31/20,1410,21316,,5,2,6,105,0,1,1,,2,71,I-880 N/B,THORNTON AVE,4224,N,N,A,-,Y,,,880,,,,,,N,Y,4,0,3,4,A,-,3,22350,,N,C,C,A,A,H,-,A,D,0,,,,,Y,,A,1,0,0,3,0,0,0,0,0,0,- ,- ,37.55617142,-122.0304794,ALAMEDA,FREMONT,-122.0304184,37.55623245
9128362,2020,11/12/20,105,6/22/20,954,12223,748,1,5,6,105,0,0,0,,0,1,RT 238,STEVENSON BL,0,,Y,A,-,Y,ALA,4,238,-,-,2.36,H,-,S,Y,4,0,1,3,A,-,3,22350,,N,B,C,A,A,H,-,A,A,0,,,,,Y,,A,1,0,0,1,0,0,0,0,0,0,- ,- ,,,ALAMEDA,FREMONT,-121.9576111,37.56110764
91284405,2020,8/11/20,9390,8/2/20,1919,22174,,7,2,6,105,0,1,1,,2,65,I-680 SB TO SR-262 (MISSION BLVD),SR-238 / NORTH MISSION BOULEVARD,9,N,N,A,-,Y,,,680,,,,R,,S,Y,3,0,1,1,A,-,3,22350,,N,F,A,A,A,H,-,A,D,0,,,Y,,Y,,C,2,0,1,0,0,0,0,0,0,1,- ,- ,37.54103851,-121.9247665,ALAMEDA,FREMONT,-121.9247665,37.54103851
91286112,2020,8/14/20,9345,8/6/20,1245,21721,,4,1,6,105,0,1,1,,2,71,I-880 N/B (NIMITZ FREEWAY),DECOTO RD,1320,S,N,A,-,Y,,,880,,,,,,N,Y,4,0,1,2,A,-,3,22350,,N,C,C,A,A,H,-,A,D,0,,,,,Y,,A,1,0,0,1,0,0,0,0,0,0,- ,- ,37.5606308,-122.0352707,ALAMEDA,FREMONT,-122.0352097,37.56069946
91286173,2020,8/14/20,9390,8/4/20,840,21677,,2,1,6,105,0,1,1,,2,64,I-680 SOUTHBOUND,AUTO MALL PARKWAY,1000,S,N,A,-,Y,,,,,,,,,,Y,3,0,2,1,A,-,8,22107,,N,E,I,A,A,D,-,A,D,0,,,,,Y,,A,1,0,1,1,0,0,0,0,0,0,- ,- ,37.51008987,-121.7372131,ALAMEDA,FREMONT,-121.9398499,37.5145607
91286496,2020,8/14/20,9345,8/11/20,158,22366,,2,3,6,105,0,1,1,,2,70,I-880 SOUTHBOUND (NIMITZ FREEWAY),WARREN AVE,50,S,N,A,-,Y,,,880,,,,,,S,Y,4,0,1,1,A,-,8,22107,,N,E,I,A,A,H,-,D,D,0,,,,,Y,Y,A,1,0,0,1,0,0,0,0,0,0,- ,- ,37.48315811,-121.9365616,ALAMEDA,FREMONT,-121.9366302,37.48309326