CASE_ID,ACCIDENT_YEAR,PROC_DATE,JURIS,COLLISION_DATE,COLLISION_TIME,OFFICER_ID,REPORTING_DISTRICT,DAY_OF_WEEK,CHP_SHIFT,POPULATION,CNTY_CITY_LOC,SPECIAL_COND,BEAT_TYPE,CHP_BEAT_TYPE,CITY_DIVISION_LAPD,CHP_BEAT_CLASS,BEAT_NUMBER,PRIMARY_RD,SECONDARY_RD,DISTANCE,DIRECTION,INTERSECTION,WEATHER_1,WEATHER_2,STATE_HWY_IND,CALTRANS_COUNTY,CALTRANS_DISTRICT,STATE_ROUTE,ROUTE_SUFFIX,POSTMILE_PREFIX,POSTMILE,LOCATION_TYPE,RAMP_INTERSECTION,SIDE_OF_HWY,TOW_AWAY,COLLISION_SEVERITY,NUMBER_KILLED,NUMBER_INJURED,PARTY_COUNT,PRIMARY_COLL_FACTOR,PCF_CODE_OF_VIOL,PCF_VIOL_CATEGORY,PCF_VIOLATION,PCF_VIOL_SUBSECTION,HIT_AND_RUN,TYPE_OF_COLLISION,MVIW,PED_ACTION,ROAD_SURFACE,ROAD_COND_1,ROAD_COND_2,LIGHTING,CONTROL_DEVICE,CHP_ROAD_TYPE,PEDESTRIAN_ACCIDENT,BICYCLE_ACCIDENT,MOTORCYCLE_ACCIDENT,TRUCK_ACCIDENT,NOT_PRIVATE_PROPERTY,ALCOHOL_INVOLVED,STWD_VEHTYPE_AT_FAULT,CHP_VEHTYPE_AT_FAULT,COUNT_SEVERE_INJ,COUNT_VISIBLE_INJ,COUNT_COMPLAINT_PAIN,COUNT_PED_KILLED,COUNT_PED_INJURED,COUNT_BICYCLIST_KILLED,COUNT_BICYCLIST_INJURED,COUNT_MC_KILLED,COUNT_MC_INJURED,PRIMARY_RAMP,SECONDARY_RAMP,LATITUDE,LONGITUDE,COUNTY,CITY,POINT_X,POINT_Y
91453226,2021,4/19/21,9390,4/10/21,1830,21817,,6,2,6,105,0,1,1,,2,64,I-680 SOUTHBOUND,AUTO MALL PARKWAY,2000,S,N,B,-,Y,,,680,,,,,,S,Y,4,0,2,3,A,-,3,22350,,N,C,C,A,A,H,-,A,A,0,,,,,Y,,D,22,0,0,2,0,0,0,0,0,0,- ,- ,37.50931931,-121.9367828,ALAMEDA,FREMONT,-121.9369049,37.50924683
91454225,2021,4/20/21,9345,4/16/21,1820,21693,,5,2,6,105,0,1,1,,2,71,I-880 SOUTHBOUND,CENTRAL AVENUE,200,N,N,B,-,Y,,,880,,,,,,S,Y,4,0,1,2,A,-,3,22350,,N,C,C,A,A,H,-,A,D,0,,,,,Y,,D,22,0,0,1,0,0,0,0,0,0,- ,- ,37.53961182,-122.017868,ALAMEDA,FREMONT,-122.0178299,37.53964233
91456032,2021,4/22/21,9345,4/16/21,625,20622,,5,1,6,105,0,1,1,,2,70,I-880 S/B,STEVENSON BLVD,790,S,N,A,-,Y,,,880,,,,,,S,Y,4,0,1,3,A,-,3,22350,,N,C,C,A,A,H,-,B,D,0,,,,,Y,,A,1,0,0,1,0,0,0,0,0,0,- ,- ,37.52114868,-121.9851837,ALAMEDA,FREMONT,-121.9852066,37.52109146
91457964,2021,4/26/21,9345,4/17/21,1330,22094,,6,1,6,105,0,1,1,,2,71,I-880 NORTHBOUND (NIMITZ FREEWAY),MOWRY AVENUE,2112,N,N,A,-,Y,,,880,,,,,,N,Y,3,0,2,3,A,-,3,22350,,N,C,C,A,A,H,-,A,D,0,,,,,Y,,A,1,0,1,1,0,0,0,0,0,0,- ,- ,37.53442001,-122.0111389,ALAMEDA,FREMONT,-122.0109711,37.53473282
9145969,2020,10/10/20,105,8/26/20,1703,14175,885,3,5,6,105,0,0,0,,0,0Z1,STEVENSON BL,FARWELL DR,0,,Y,A,-,N,,,,,,,,,,Y,3,0,3,3,A,-,12,21453,A,N,D,C,A,A,H,-,A,A,0,,,,,Y,,A,1,0,1,2,0,0,0,0,0,0,- ,- ,,,ALAMEDA,FREMONT,-121.9849396,37.5261116
9145973,2020,10/13/20,105,8/25/20,1311,2909,1047,2,5,6,105,0,0,0,,0,1,STEVENSON BL,ALBRAE ST,98,W,N,A,-,N,,,,,,,,,,Y,3,0,3,3,A,-,3,22350,,N,C,C,A,A,H,-,A,A,0,,,,,Y,,D,22,0,1,2,0,0,0,0,0,0,- ,- ,,,ALAMEDA,FREMONT,-121.9896469,37.52017593
91463910,2021,5/3/21,9345,4/23/21,2233,22352,,5,3,6,105,0,1,1,,2,70,I-880 NORTHBOUND,S. FREMONT BLVD,2112,N,N,A,-,Y,,,880,,,,,,N,Y,4,0,1,2,A,-,3,22350,,N,B,C,A,A,H,-,D,D,0,,,,,Y,,A,1,0,0,1,0,0,0,0,0,0,- ,- ,37.4963913,-121.9531631,ALAMEDA,FREMONT,-121.9531326,37.49642944
91463913,2021,5/3/21,9345,4/23/21,1830,21292,,5,2,6,105,0,1,1,,2,70,I-880 N/B(NIMITZ FREEWAY),AUTO MALL PKY,1056,N,N,A,-,Y,,,880,,,,,,N,Y,4,0,1,2,A,-,7,21658,A,N,B,C,A,A,H,-,A,D,0,,,,,Y,,A,7,0,0,1,0,0,0,0,0,0,- ,- ,37.51147842,-121.9724426,ALAMEDA,FREMONT,-121.9723816,37.5115509
9146478,2020,10/10/20,105,8/25/20,1117,14853,667,2,5,6,105,0,0,0,,0,2,MAPLE ST,BAINE AV,0,,Y,B,-,N,,,,,,,,,,Y,4,0,1,2,A,-,9,21802,A,N,D,C,A,A,H,-,A,A,0,,,,,Y,,A,1,0,0,1,0,0,0,0,0,0,- ,- ,,,ALAMEDA,FREMONT,-122.0084686,37.55757904
9146479,2020,10/10/20,105,8/16/20,2144,14613,433,7,5,6,105,0,0,0,,0,2,NICOLET AV,CADIZ DR,61,E,N,A,-,N,,,,,,,,,,N,3,0,1,2,A,-,8,22107,,N,B,E,A,A,H,-,C,D,0,,,Y,,Y,,C,2,0,1,0,0,0,0,0,0,1,- ,- ,,,ALAMEDA,FREMONT,-122.023674,37.56487656
91465101,2021,5/4/21,9345,4/26/21,955,20328,,1,1,6,105,0,1,1,,2,71,I-880 N/B TO N. FREMONT BOULEVARD,N. FREMONT BOULEVARD,10,S,N,A,-,Y,,,880,,,,R,,N,N,4,0,1,2,A,-,12,21453,A,N,G,B,B,A,H,-,A,A,0,Y,,,,Y,,A,1,0,0,1,0,1,0,0,0,0,- ,- ,37.57789993,-122.0469666,ALAMEDA,FREMONT,-122.0469666,37.57789993
91465161,2021,5/4/21,9345,4/27/21,1442,20911,,2,2,6,105,0,1,1,,2,70,I-880 S/B,SR-262 (MISSION BLVD),1531,N,N,A,-,Y,,,880,,,,,,S,Y,4,0,1,2,A,-,3,22350,,N,C,C,A,A,H,-,A,D,0,,,,,Y,,A,1,0,0,1,0,0,0,0,0,0,- ,- ,37.48715973,-121.9414902,ALAMEDA,FREMONT,-121.9415359,37.48710251
91466953,2021,5/6/21,9345,4/30/21,1758,21693,,5,2,6,105,0,1,1,,2,71,I-880 SOUTHBOUND,MOWRY AVENUE,100,N,N,B,-,Y,,,880,,,,,,S,Y,4,0,3,3,A,-,7,21658,A,N,B,C,A,A,H,-,A,D,0,,,,,Y,,A,7,0,0,3,0,0,0,0,0,0,- ,- ,37.52978897,-122.0028381,ALAMEDA,FREMONT,-122.0027618,37.52993393
91467781,2021,5/7/21,9345,4/30/21,1750,21292,,5,2,6,105,0,1,1,,2,70,I-880 N/B(NIMITZ FREEWAY),WARREN AVE,1056,N,N,A,-,Y,,,880,,,,,,N,N,3,0,1,2,A,-,8,22107,,F,B,C,A,A,H,-,A,D,0,,,Y,,Y,,-,99,0,1,0,0,0,0,0,0,1,- ,- ,37.49692917,-121.9539566,ALAMEDA,FREMONT,-121.9538956,37.49701691
91468020,2021,5/24/21,9345,5/2/21,510,22549,,7,3,6,105,0,1,1,,2,71,I-880 N/B,CENTRAL AVE,300,S,N,A,-,Y,,,880,,,,,,N,N,4,0,1,2,A,-,3,22350,,N,C,C,A,A,H,-,D,D,0,,,,,Y,,A,1,0,0,1,0,0,0,0,0,0,- ,- ,37.53903961,-122.0169983,ALAMEDA,FREMONT,-122.0169449,37.53908539
91470039,2021,5/11/21,9345,5/5/21,1450,20911,,3,2,6,105,0,1,1,,2,70,I-880 S/B,STEVENSON BLVD,1373,N,N,A,-,Y,,,880,,,,,,S,N,4,0,1,2,A,-,3,22350,,N,C,C,A,A,H,-,A,D,0,,,,,Y,,A,1,0,0,1,0,0,0,0,0,0,- ,- ,37.52447128,-121.9919281,ALAMEDA,FREMONT,-121.991951,37.52442551
91471004,2021,5/12/21,9345,5/7/21,1350,22094,,5,1,6,105,0,1,1,,2,71,I-880 SOUTHBOUND (NIMITZ FREEWAY),THORNTON AVENUE,200,N,N,A,-,Y,,,880,,,,,,S,N,4,0,3,2,A,-,4,21703,,N,C,C,A,A,H,-,A,D,0,,,,,Y,,A,1,0,0,3,0,0,0,0,0,0,- ,- ,37.54719162,-122.0233765,ALAMEDA,FREMONT,-122.0234451,37.54714203
91472313,2021,5/13/21,9345,5/3/21,2021,21676,,1,2,6,105,0,1,1,,2,71,I-880 NORTHBOUND (NIMITZ FREEWAY),CENTRAL AVENUE,300,S,N,A,-,Y,,,880,,,,,,N,Y,4,0,2,7,A,-,3,22350,,N,C,C,E,A,H,-,C,D,0,Y,,,,Y,,D,22,0,0,2,0,1,0,0,0,0,- ,- ,37.5385704,-122.0165863,ALAMEDA,FREMONT,-122.0165405,37.53861618
91473292,2021,5/27/21,9345,5/10/21,136,22352,,1,3,6,105,0,1,1,,2,70,I-880 SOUTHBOUND,MOWRY AVENUE,490,S,N,A,-,Y,,,880,,,,,,S,N,3,0,1,1,A,-,8,22107,,N,E,I,A,A,H,-,D,D,0,,,,,Y,,A,7,0,1,0,0,0,0,0,0,0,- ,- ,37.52880859,-122.0009003,ALAMEDA,FREMONT,-122.0008545,37.52890015
91473366,2021,5/14/21,9345,5/2/21,2110,22094,,7,2,6,105,0,1,1,,2,70,I-880 SOUTHBOUND (NIMITZ FREEWAY),AUTO MALL PARKWAY,1584,S,N,A,-,Y,,,880,,,,,,S,Y,4,0,1,4,A,-,8,22107,,N,C,C,A,A,H,-,D,D,0,,,,,Y,,-,99,0,0,1,0,0,0,0,0,0,- ,- ,37.50429153,-121.963768,ALAMEDA,FREMONT,-121.9638214,37.50422668
91474602,2021,8/6/21,9345,5/10/21,707,21721,,1,1,6,105,0,1,3,,1,184,SR-84 S/B,SAN MATEO COUNTY LINE,2112,N,N,A,-,Y,,,84,,,,,,S,Y,4,0,2,4,A,-,3,22350,,N,C,C,A,A,H,-,A,D,0,,,,,Y,,A,1,0,0,2,0,0,0,0,0,0,- ,- ,37.51034927,-122.1122818,ALAMEDA,FREMONT,-122.1122589,37.51032639
91474624,2021,5/17/21,9390,5/9/21,1100,21817,,7,1,6,105,0,1,1,,2,64,I-680 SOUTHBOUND,SR-262 / SOUTH MISSION BOULEVARD,528,N,N,A,-,Y,,,680,,,,,,S,Y,4,0,1,2,A,-,3,22350,,N,C,C,A,A,H,-,A,A,0,,,,,Y,,A,7,0,0,1,0,0,0,0,0,0,- ,- ,37.5028801,-121.931839,ALAMEDA,FREMONT,-121.9317703,37.50296021
91474649,2021,5/17/21,9390,5/9/21,1310,21817,,7,1,6,105,0,1,1,,2,64,I-680 NORTHBOUND,WASHINGTON AVENUE,528,S,N,A,-,Y,,,680,,,,,,N,Y,3,0,1,2,A,-,7,21658,A,F,C,C,A,A,H,-,A,A,0,,,Y,,Y,,-,99,0,1,0,0,0,0,0,0,1,- ,- ,37.51889038,-121.9419785,ALAMEDA,FREMONT,-121.9419937,37.51888275
91474803,2021,5/27/21,9345,5/11/21,1545,21676,,2,2,6,105,0,1,1,,2,71,I-880 NORTHBOUND (NIMITZ FREEWAY),DECOTO ROAD,1056,S,N,A,-,Y,,,880,,,,,,N,Y,4,0,3,2,A,-,3,22350,,N,C,C,A,A,H,-,A,D,0,,,,,Y,,A,1,0,0,3,0,0,0,0,0,0,- ,- ,37.55838013,-122.0329132,ALAMEDA,FREMONT,-122.0328217,37.55847168
91478029,2021,5/27/21,9345,5/14/21,1310,20622,,5,1,6,105,0,1,1,,2,70,I-880 S/B,STEVENSON BLVD,1936,N,N,A,-,Y,,,880,,,,,,S,N,4,0,1,3,A,-,3,22350,,N,C,C,A,A,H,-,A,D,0,,,,,Y,,D,22,0,0,1,0,0,0,0,0,0,- ,- ,37.52528,-121.9935837,ALAMEDA,FREMONT,-121.9935989,37.52523804
91478993,2021,5/27/21,9345,5/15/21,2005,21693,,6,2,6,105,0,1,1,,2,70,I-880 SOUTHBOUND,STEVENSON BOULEVARD,2112,N,N,B,-,Y,,,880,,,,,,S,Y,3,0,1,1,A,-,8,22107,,N,E,I,A,A,H,-,B,D,0,,,,,Y,,A,1,0,1,0,0,0,0,0,0,0,- ,- ,37.52582932,-121.9949799,ALAMEDA,FREMONT,-121.9949493,37.52589798
91479615,2021,5/27/21,9345,5/13/21,731,22157,,4,1,6,105,0,1,1,,2,71,I-880 N/B,DECOTO ROAD,1584,S,N,A,-,Y,,,880,,,,,,N,N,4,0,1,2,A,-,7,21658,A,N,C,C,A,A,H,-,A,D,0,,,,,Y,,A,7,0,0,1,0,0,0,0,0,0,- ,- ,37.56031036,-122.0348816,ALAMEDA,FREMONT,-122.0348434,37.56035233
91479685,2021,5/27/21,9345,5/15/21,1635,22094,,6,2,6,105,0,1,1,,2,71,I-880 SOUTHBOUND(NIMITZ FREEWAY),MOWRY AVENUE,2640,N,N,A,-,Y,,,880,,,,,,S,Y,4,0,4,2,A,-,3,22350,,N,C,C,A,A,H,-,A,D,0,,,,,Y,,A,7,0,0,4,0,0,0,0,0,0,- ,- ,37.53363037,-122.0095367,ALAMEDA,FREMONT,-122.009552,37.53360748
91480844,2021,5/27/21,9345,5/17/21,1255,21316,,1,1,6,105,0,1,1,,2,70,I-880 S/B,STEVENSON BLVD.,528,S,N,A,-,Y,,,880,,,,,,S,Y,4,0,1,2,A,-,4,21703,,N,C,C,A,A,H,-,A,D,0,,,,,Y,,A,7,0,0,1,0,0,0,0,0,0,- ,- ,37.52209854,-121.9875107,ALAMEDA,FREMONT,-121.9874496,37.52221298
91481137,2021,5/25/21,9345,4/17/21,825,20622,,6,1,6,105,0,1,3,,1,184,STATE ROUTE 84 NORTHBOUND,THORNTON AVENUE,1391,S,N,B,-,Y,,,84,,,,,,N,Y,1,1,0,2,A,-,3,22350,,N,C,C,A,A,H,-,A,D,0,,,Y,,Y,,C,2,0,0,0,0,0,0,0,1,0,- ,- ,37.53752899,-122.0709305,ALAMEDA,FREMONT,-122.0709381,37.53754425
91482094,2021,5/27/21,9345,5/19/21,1820,20911,,3,2,6,105,0,1,1,,2,70,I-880 S/B,STEVENSON BLVD,1003,N,N,A,-,Y,,,880,,,,,,S,N,4,0,1,3,A,-,3,22350,,N,C,C,A,A,H,-,A,D,0,,,,,Y,,A,7,0,0,1,0,0,0,0,0,0,- ,- ,37.5240097,-121.9909668,ALAMEDA,FREMONT,-121.9909973,37.52395248
91482149,2021,5/27/21,9345,5/20/21,1430,21693,,4,2,6,105,0,1,1,,2,71,I-880 SOUTHBOUND,DECOTO ROAD,1056,S,N,A,-,Y,,,880,,,,,,S,Y,3,0,1,1,A,-,8,22107,,N,E,I,A,A,H,-,A,D,0,,,,,Y,,A,1,0,1,0,0,0,0,0,0,0,- ,- ,37.56087875,-122.0357132,ALAMEDA,FREMONT,-122.0358047,37.56077957
91482762,2021,5/27/21,9345,5/16/21,225,22422,,7,3,6,105,0,1,1,,2,70,I-880 N/B (NIMITZ FREEWAY),AUTO MALL PARKWAY,1500,N,N,A,-,Y,,,880,,,,,,N,Y,2,0,2,1,A,-,8,22107,,N,E,8,A,A,H,-,C,D,0,,,,,Y,,A,1,1,1,0,0,0,0,0,0,0,- ,- ,37.51034164,-121.9707489,ALAMEDA,FREMONT,-121.9708176,37.51026535
91482771,2021,5/27/21,9345,5/16/21,920,21398,,7,1,6,105,0,1,1,,2,71,I-880 NORTHBOUND,CENTRAL AVENUE,655,S,N,A,-,Y,,,880,,,,,,N,Y,4,0,2,1,A,-,8,22107,,N,E,I,A,A,H,-,A,D,0,,,,,Y,,A,1,0,0,2,0,0,0,0,0,0,- ,- ,37.53781891,-122.0156784,ALAMEDA,FREMONT,-122.0157242,37.53777695
91482777,2021,9/15/21,9345,5/17/21,1430,21676,,1,2,6,105,0,1,1,,2,71,I-880 SOUTHBOUND,DECOTO ROAD,1056,S,N,A,-,Y,,,880,,,,,,S,Y,3,0,5,4,A,-,3,22350,,N,C,C,A,A,H,-,A,D,0,,,,,Y,,A,1,0,1,4,0,0,0,0,0,0,- ,- ,37.55929184,-122.0342026,ALAMEDA,FREMONT,-122.0342026,37.55928421
91483148,2021,5/27/21,9345,5/21/21,1750,21693,,5,2,6,105,0,1,1,,2,70,I-880 NORTHBOUND,AUTOMALL PARKWAY,2112,S,N,B,-,Y,,,880,,,,,,N,Y,3,0,2,3,A,-,3,22350,,N,C,C,A,A,H,-,A,D,0,,,,,Y,,A,8,0,2,0,0,0,0,0,0,0,- ,- ,37.50381851,-121.9628983,ALAMEDA,FREMONT,-121.9628525,37.50388336
91483188,2021,5/27/21,9345,5/21/21,1834,21693,,5,2,6,105,0,1,1,,2,70,I-880 SOUTHBOUND,STEVENSON BOULEVARD,528,S,N,B,-,Y,,,880,,,,,,S,Y,2,0,1,2,A,-,7,21658,A,N,C,C,A,A,H,-,A,D,0,,,Y,,Y,,C,3,1,0,0,0,0,0,0,0,1,- ,- ,37.52138138,-121.9855804,ALAMEDA,FREMONT,-121.9856186,37.52130127
91483221,2021,5/27/21,9390,5/21/21,1800,20657,,5,2,6,105,0,1,1,,2,64,I-680 SOUTHBOUND,AUTO MALL PARKWAY,2000,S,N,A,-,Y,,,680,,,,,,S,Y,3,0,1,3,A,-,3,22350,,N,C,C,A,A,H,-,A,D,0,,,,,Y,,A,1,0,1,0,0,0,0,0,0,0,- ,- ,37.50954819,-121.937088,ALAMEDA,FREMONT,-121.9370804,37.50955582
91483224,2021,5/27/21,9345,5/21/21,1615,21693,,5,2,6,105,0,1,3,,1,184,SR-84 SOUTHBOUND,THE DUMBARTON BRIDGE TOLL PLAZA,10,N,N,B,-,Y,,,84,,,,,,S,Y,3,0,1,1,A,-,8,22107,,N,E,I,A,A,H,-,A,D,0,,,,,Y,,A,1,0,1,0,0,0,0,0,0,0,- ,- ,37.53567123,-122.0750504,ALAMEDA,FREMONT,-122.0750198,37.53559875
9148431,2020,10/23/20,105,8/13/20,1235,20081301,432,4,5,6,105,0,0,0,,0,2,FREMONT BL,TAMAYO ST,0,,Y,A,-,N,,,,,,,,,,Y,3,0,2,2,A,-,12,21453,A,N,D,C,A,A,H,-,A,A,0,,,,,Y,,-,- ,0,1,1,0,0,0,0,0,0,- ,- ,,,ALAMEDA,FREMONT,-122.0267792,37.56800842
91485686,2021,5/31/21,9345,5/19/21,655,20328,,3,1,6,105,0,1,1,,2,71,"I-880 NORTHBOUND, NORTH OF DECOTO ROAD",DECOTO ROAD,100,N,N,A,-,Y,,,880,,,,R,,N,Y,4,0,1,1,A,-,8,22107,,N,E,J,A,A,H,-,A,D,0,,,,,Y,,A,1,0,0,1,0,0,0,0,0,0,- ,- ,37.56526947,-122.0401993,ALAMEDA,FREMONT,-122.0401993,37.56526947
91486244,2021,6/1/21,9390,5/23/21,1705,22149,,7,2,6,105,0,1,1,,2,64,I-680 SOUTHBOUND,AUTOMALL PKWY.,2800,S,N,A,-,Y,,,680,,,,,,S,Y,3,0,2,3,A,-,3,22350,,N,C,C,A,A,H,-,A,D,0,,,,,Y,,A,1,0,1,1,0,0,0,0,0,0,- ,- ,37.50733185,-121.9357986,ALAMEDA,FREMONT,-121.935791,37.50733566
91487497,2021,6/2/21,9390,5/28/21,1110,21817,,5,1,6,105,0,1,1,,2,64,I-680 SOUTHBOUND,GRIMMER BOULEVARD UNDERCROSSING,50,N,N,A,-,Y,,,680,,,,,,S,Y,4,0,3,2,A,-,3,22350,,N,C,C,A,A,H,-,A,A,0,,,,,Y,,A,7,0,0,3,0,0,0,0,0,0,- ,- ,37.50640106,-121.9352417,ALAMEDA,FREMONT,-121.9351883,37.50643539
91489575,2021,6/4/21,9345,6/2/21,1505,20911,,3,2,6,105,0,1,1,,2,70,I-880 N/B,S. FREMONT BOULEVARD,350,S,N,A,-,Y,,,880,,,,,,N,N,4,0,1,2,A,-,3,22350,,N,C,C,A,A,H,-,A,D,0,,,,,Y,,A,1,0,0,1,0,0,0,0,0,0,- ,- ,37.49200058,-121.9475174,ALAMEDA,FREMONT,-121.9474792,37.49206161
9149004,2020,1/15/21,105,9/2/20,1145,12745,642,3,5,6,105,0,0,0,,0,2,MOWRY AV,STIVERS ST,30,W,N,A,-,N,,,,,,,,,,N,4,0,2,2,A,-,7,21658,A,N,B,C,A,A,H,-,A,D,0,,,,,Y,,A,1,0,0,2,0,0,0,0,0,0,- ,- ,,,ALAMEDA,FREMONT,-121.9821472,37.55622864
91490466,2021,6/7/21,9345,5/27/21,2135,22366,,4,2,6,105,0,1,1,,2,72,I-880 SOUTHBOUND (NIMITZ FREEWAY),ALVARADO BOULEVARD,1500,N,N,A,-,Y,,,880,,,,,,S,Y,3,0,1,1,A,-,8,22107,,N,E,I,A,A,H,-,D,D,0,,,,,Y,,A,1,0,1,0,0,0,0,0,0,0,- ,- ,37.58742142,-122.0531769,ALAMEDA,FREMONT,-122.0531464,37.58744431
91490537,2021,6/7/21,9390,5/30/21,1140,21817,,7,1,6,105,0,1,1,,2,65,I-680 SOUTHBOUND TO SR-238,SR-238 / NORTH MISSION BOULEVARD,10,N,N,A,-,Y,,,680,,,,R,,S,N,4,0,1,2,A,-,3,22350,,M,C,C,A,A,H,-,A,A,0,,,,,Y,,A,1,0,0,1,0,0,0,0,0,0,- ,- ,37.54116821,-121.9248734,ALAMEDA,FREMONT,-121.9248734,37.54116821
91490695,2021,6/7/21,9390,5/30/21,1835,22149,,7,2,6,105,0,1,1,,2,64,HIGHWAY,AUTO MALL PARKWAY,2800,S,N,A,-,Y,,,,,,,,,,Y,3,0,6,4,A,-,3,22350,,N,C,D,A,A,H,-,A,D,0,,,,,Y,,A,1,0,1,5,0,0,0,0,0,0,- ,- ,37.508461,-121.9364014,ALAMEDA,FREMONT,,
91490998,2021,6/7/21,9390,6/1/21,930,17095,,2,1,6,105,0,1,1,,2,64,I-680 SOUTHBOUND,AUTO MALL PARKWAY,1200,N,N,A,-,Y,,,680,,,,,,S,Y,4,0,1,2,A,-,7,21658,A,N,C,C,A,A,H,-,A,D,0,,,,,Y,,A,1,0,0,1,0,0,0,0,0,0,- ,- ,37.52048111,-121.9436569,ALAMEDA,FREMONT,-121.9437561,37.52039719
91491658,2021,6/8/21,9345,6/3/21,1730,21292,,4,2,6,105,0,1,1,,2,71,I-880 N/B,DECOTO RD,2640,S,N,A,-,Y,,,880,,,,,,N,N,4,0,1,2,A,-,3,22350,,N,C,C,A,A,H,-,A,D,0,,,,,Y,,D,22,0,0,1,0,0,0,0,0,0,- ,- ,37.55960083,-122.0341415,ALAMEDA,FREMONT,-122.0340881,37.55965424
91491988,2021,6/8/21,9345,6/4/21,1510,22094,,5,2,6,105,0,1,1,,2,71,I-880 NORTHBOUND (NIMITZ FREEWAY),MOWRY AVENUE,2112,N,N,A,-,Y,,,880,,,,,,N,Y,4,0,1,2,A,-,3,22350,,N,C,C,A,A,H,-,A,D,0,,,Y,,Y,,C,2,0,0,1,0,0,0,0,0,1,- ,- ,37.53332901,-122.0086365,ALAMEDA,FREMONT,-122.0085831,37.53342819
9149250,2020,11/12/20,105,9/15/20,1529,14997,649,2,5,6,105,0,0,0,,0,2,HASTINGS DR,PENNSYLVANIA AV,0,,Y,A,-,N,,,,,,,,,,Y,4,0,2,2,A,-,9,21802,A,N,D,C,A,A,H,-,A,A,0,,,,Y,Y,,A,1,0,0,2,0,0,0,0,0,0,- ,- ,,,ALAMEDA,FREMONT,-121.9858627,37.55376816
91492627,2021,6/9/21,9390,6/4/21,510,21817,,5,3,6,105,0,1,1,,2,64,I-680 SOUTHBOUND,SOUTH MISSION BLVD / SR-262,500,N,N,A,-,Y,,,680,,,,,,S,Y,4,0,1,3,A,-,3,22350,,N,C,C,A,A,H,-,B,A,0,,,,,Y,,A,7,0,0,1,0,0,0,0,0,0,- ,- ,37.49979019,-121.9284363,ALAMEDA,FREMONT,-121.9283447,37.49989319
91492700,2021,6/9/21,9345,5/31/21,220,22366,,1,3,6,105,0,1,1,,2,71,I-880 SOUTHBOUND (NIMITS FREEWAY),MOWRY AVENUE,100,S,N,A,-,Y,,,880,,,,,,S,Y,3,0,1,1,A,-,8,22107,,N,F,A,A,A,H,-,D,D,0,,,Y,,Y,,C,2,0,1,0,0,0,0,0,0,1,- ,- ,37.52907944,-122.0013199,ALAMEDA,FREMONT,-122.0012894,37.52913666
9149285,2020,11/10/20,105,9/7/20,2036,16032,1169,1,5,6,105,0,0,0,,0,3,S GRIMMER BL,WARM SPRINGS BL,366,W,N,A,-,N,,,,,,,,,,Y,4,0,1,3,A,-,1,23152,A,N,G,D,A,A,H,-,C,D,0,,,,,Y,Y,A,1,0,0,1,0,0,0,0,0,0,- ,- ,,,ALAMEDA,FREMONT,-121.9390488,37.50492096
9149286,2020,11/9/20,105,9/12/20,1722,14175,668,6,5,6,105,0,0,0,,0,0Z2,PERALTA BL,DUSTERBERRY WY,96,E,N,B,-,N,,,,,,,,,,N,3,0,1,1,A,-,8,22107,,N,E,I,A,A,H,-,A,D,0,,,Y,,Y,,C,2,0,1,0,0,0,0,0,0,1,- ,- ,,,ALAMEDA,FREMONT,-122.0094223,37.55355072
9149287,2020,11/9/20,105,9/15/20,1431,2536,943,2,5,6,105,0,0,0,,0,3,WASHINGTON BL,PASEO PADRE PKWY,357,W,N,F,-,N,,,,,,,,,,Y,3,0,1,1,A,-,8,22107,,N,E,I,A,A,H,-,A,D,0,,,,,Y,,A,1,0,1,0,0,0,0,0,0,0,- ,- ,,,ALAMEDA,FREMONT,-121.9353409,37.53149033
91494941,2021,6/11/21,9345,6/3/21,1555,21292,,4,2,6,105,0,1,1,,2,71,I-880 S/B (NIMITZ FREEWAY),DECOTO RD,441,N,N,A,-,Y,,,880,,,,,,S,Y,2,0,1,2,A,-,3,22350,,N,C,2,A,A,H,-,A,D,0,,,Y,,Y,,C,2,1,0,0,0,0,0,0,0,1,- ,- ,37.56489944,-122.0400925,ALAMEDA,FREMONT,-122.0401459,37.56483841
91494964,2021,6/11/21,9345,6/4/21,1410,22094,,5,2,6,105,0,1,1,,2,71,I-880 NORTHBOUND (NIMITZ FREEWAY),ALVARADO BOULEVARD,100,S,N,A,-,Y,,,880,,,,,,N,Y,4,0,2,4,A,-,3,22350,,N,C,C,A,A,H,-,A,D,0,,,,,Y,,A,7,0,0,2,0,0,0,0,0,0,- ,- ,37.57780075,-122.0478668,ALAMEDA,FREMONT,-122.0477753,37.57783508
91495083,2021,6/11/21,9345,6/6/21,110,22366,,7,3,6,105,0,1,1,,2,70,I-880 NORTHBOUND (NIMITZ FREEWAY),WARREN AVENUE,528,N,N,A,-,Y,,,880,,,,,,N,N,4,0,1,2,A,-,1,23152,A,N,C,C,A,A,H,-,C,D,0,,,,,Y,Y,A,1,0,0,1,0,0,0,0,0,0,- ,- ,37.48522186,-121.9386902,ALAMEDA,FREMONT,-121.9386368,37.48529434