CASE_ID,ACCIDENT_YEAR,PROC_DATE,JURIS,COLLISION_DATE,COLLISION_TIME,OFFICER_ID,REPORTING_DISTRICT,DAY_OF_WEEK,CHP_SHIFT,POPULATION,CNTY_CITY_LOC,SPECIAL_COND,BEAT_TYPE,CHP_BEAT_TYPE,CITY_DIVISION_LAPD,CHP_BEAT_CLASS,BEAT_NUMBER,PRIMARY_RD,SECONDARY_RD,DISTANCE,DIRECTION,INTERSECTION,WEATHER_1,WEATHER_2,STATE_HWY_IND,CALTRANS_COUNTY,CALTRANS_DISTRICT,STATE_ROUTE,ROUTE_SUFFIX,POSTMILE_PREFIX,POSTMILE,LOCATION_TYPE,RAMP_INTERSECTION,SIDE_OF_HWY,TOW_AWAY,COLLISION_SEVERITY,NUMBER_KILLED,NUMBER_INJURED,PARTY_COUNT,PRIMARY_COLL_FACTOR,PCF_CODE_OF_VIOL,PCF_VIOL_CATEGORY,PCF_VIOLATION,PCF_VIOL_SUBSECTION,HIT_AND_RUN,TYPE_OF_COLLISION,MVIW,PED_ACTION,ROAD_SURFACE,ROAD_COND_1,ROAD_COND_2,LIGHTING,CONTROL_DEVICE,CHP_ROAD_TYPE,PEDESTRIAN_ACCIDENT,BICYCLE_ACCIDENT,MOTORCYCLE_ACCIDENT,TRUCK_ACCIDENT,NOT_PRIVATE_PROPERTY,ALCOHOL_INVOLVED,STWD_VEHTYPE_AT_FAULT,CHP_VEHTYPE_AT_FAULT,COUNT_SEVERE_INJ,COUNT_VISIBLE_INJ,COUNT_COMPLAINT_PAIN,COUNT_PED_KILLED,COUNT_PED_INJURED,COUNT_BICYCLIST_KILLED,COUNT_BICYCLIST_INJURED,COUNT_MC_KILLED,COUNT_MC_INJURED,PRIMARY_RAMP,SECONDARY_RAMP,LATITUDE,LONGITUDE,COUNTY,CITY,POINT_X,POINT_Y
91495925,2021,6/14/21,9345,6/5/21,2339,22559,,6,3,6,105,0,1,1,,2,70,I-880 SOUTHBOUND (NIMITZ FREEWAY),AUTO MALL PKY,3168,N,N,A,-,Y,,,880,,,,,,S,Y,4,0,1,4,A,-,8,22107,,M,C,2,A,A,H,-,C,D,0,,,,,Y,,-,99,0,0,1,0,0,0,0,0,0,- ,- ,37.51372147,-121.9756393,ALAMEDA,FREMONT,-121.9756241,37.51374435
91496587,2021,6/14/21,9390,6/6/21,1300,21763,,7,1,6,105,0,1,1,,2,64,I-680 SOUTHBOUND,WASHINGTON AVE,1320,S,N,A,-,Y,,,680,,,,,,S,Y,4,0,3,1,A,-,8,22107,,N,E,I,A,A,H,-,A,D,0,,,,,Y,,A,7,0,0,3,0,0,0,0,0,0,- ,- ,37.52875137,-121.945343,ALAMEDA,FREMONT,-121.9453506,37.528759
91497052,2021,6/15/21,9345,6/6/21,5,22563,,7,3,6,105,0,1,1,,2,70,I-880 SOUTHBOUND (NIMITZ FREEWAY),STEVENSON BLVD,100,S,N,A,-,Y,,,880,,,,,,S,Y,3,0,1,3,A,-,1,23152,A,N,C,C,A,A,H,-,C,D,0,,,,,Y,Y,A,1,0,1,0,0,0,0,0,0,0,- ,- ,37.52228165,-121.9874268,ALAMEDA,FREMONT,-121.9874649,37.5222168
9149750,2020,11/25/20,105,8/30/20,1542,14997,367,7,5,6,105,0,0,0,,0,1,NILES CANYON RD,OLD CANYON RD,0,,Y,A,-,Y,ALA,4,84,-,-,11.02,I,5,N,Y,3,0,1,2,A,-,9,21802,A,N,D,C,A,A,H,-,A,A,0,,,Y,,Y,,A,8,0,1,0,0,0,0,0,0,1,- ,- ,,,ALAMEDA,FREMONT,-121.9700241,37.57801437
91498080,2021,6/16/21,9390,6/7/21,1440,20657,,1,2,6,105,0,1,1,,2,64,I-680 NORTHBOUND,SCOTT CREEK ROAD,1800,N,N,A,-,Y,,,680,,,,,,N,Y,3,0,1,2,A,-,3,22350,,N,C,C,A,A,H,-,A,D,0,,,Y,,Y,,C,2,0,1,0,0,0,0,0,0,1,- ,- ,37.47077942,-121.9088821,ALAMEDA,FREMONT,-121.908905,37.47076035
91498226,2021,6/16/21,9345,6/10/21,830,20328,,4,1,6,105,0,1,1,,2,71,I-880 NORTHBOUND,DECOTO ROAD,528,S,N,A,-,Y,,,880,,,,,,N,N,4,0,1,2,A,-,3,22350,,N,C,C,A,A,H,-,A,D,0,,,,,Y,,D,22,0,0,1,0,0,0,0,0,0,- ,- ,37.5594902,-122.0339584,ALAMEDA,FREMONT,-122.0339355,37.55951309
91499402,2021,6/17/21,9345,6/11/21,1820,21292,,5,2,6,105,0,1,1,,2,70,I-880 S/B,MOWRY AVE,20,S,N,A,-,Y,,,880,,,,,,S,N,3,0,1,2,A,-,3,22350,,N,C,C,A,A,H,-,A,D,0,,,,,Y,,A,1,0,1,0,0,0,0,0,0,0,- ,- ,37.52972031,-122.0029984,ALAMEDA,FREMONT,-122.0028534,37.52998734
9149966,2020,11/25/20,105,8/24/20,737,14591,326,1,5,6,105,0,0,0,,0,1,RT 262,SULLIVAN UNDERPASS,0,,Y,A,-,Y,ALA,4,238,-,-,4.3,I,5,S,Y,4,0,1,2,A,-,9,21801,A,N,D,C,A,A,H,-,A,A,0,,,,,Y,,A,7,0,0,1,0,0,0,0,0,0,- ,- ,,,ALAMEDA,FREMONT,-121.9830475,37.57904816
9149986,2020,11/24/20,105,9/2/20,1716,14175,488,3,5,6,105,0,0,0,,0,0Z2,RT 84,RT 880,332,W,N,A,-,Y,ALA,4,84,-,-,6.93,H,-,N,N,4,0,1,2,A,-,4,21703,,N,C,C,A,A,H,-,A,D,0,,,,,Y,,A,1,0,0,1,0,0,0,0,0,0,- ,NF,,,ALAMEDA,FREMONT,-122.0227737,37.54670715
91500198,2021,6/18/21,9345,6/6/21,1615,22094,,7,2,6,105,0,1,1,,2,70,I-880 NORTHBOUND (NIMITZ FREEWAY),AUTOMALL PARKWAY,2112,S,N,A,-,Y,,,880,,,,,,N,Y,3,0,1,1,A,-,8,22107,,N,E,8,A,A,H,-,A,D,0,,,,,Y,,A,1,0,1,0,0,0,0,0,0,0,- ,- ,37.50270081,-121.9611893,ALAMEDA,FREMONT,-121.961235,37.5026474
91500266,2021,6/18/21,9345,6/12/21,1700,22131,,6,2,6,105,0,1,1,,2,70,I-880 NORTHBOUND,STEVENSON BOULEVARD,0.3,S,N,A,-,Y,,,880,,,,,,N,N,3,0,4,2,A,-,3,22350,,F,C,C,A,A,H,-,A,D,0,,,,,Y,,-,99,0,1,3,0,0,0,0,0,0,- ,- ,37.52479935,-121.992569,ALAMEDA,FREMONT,-121.9924622,37.52501297
91500684,2021,6/18/21,9390,6/12/21,1800,22149,,6,2,6,105,0,1,1,,2,64,I-680 SOUTHBOUND,GRIMMER BOULEVARD UNDERCROSSING,500,N,N,A,-,Y,,,680,,,,,,S,Y,3,0,5,4,A,-,3,22350,,N,C,C,A,A,H,-,A,C,0,,,,,Y,,A,7,0,1,4,0,0,0,0,0,0,- ,- ,37.50749969,-121.9352493,ALAMEDA,FREMONT,-121.9356995,37.5071907
91501483,2021,11/8/21,9345,6/10/21,1215,20328,,4,1,6,105,0,1,1,,2,71,I-880 NORTHBOUND,MOWRY AVENUE,3168,N,N,A,-,Y,,,880,,,,,,N,Y,3,0,1,2,A,-,2,22400,A,F,E,I,A,A,H,-,A,D,0,,,,,Y,,-,99,0,1,0,0,0,0,0,0,0,- ,- ,37.53583908,-122.0133667,ALAMEDA,FREMONT,-122.0132904,37.53598785
91501647,2021,6/21/21,9345,6/15/21,1550,21693,,2,2,6,105,0,1,1,,2,71,I-880 N/B,THORNTON AVENUE,2640,N,N,B,-,Y,,,880,,,,,,N,Y,3,0,2,6,A,-,3,22350,,N,C,C,A,A,H,-,A,D,0,,,,,Y,,A,1,0,1,1,0,0,0,0,0,0,- ,- ,37.5533905,-122.0278091,ALAMEDA,FREMONT,-122.0277176,37.5534668
91501682,2021,6/21/21,9345,6/15/21,1728,21693,,2,2,6,105,0,1,1,,2,70,I-880 NORTHBOUND,AUTOMALL PARKWAY,1584,N,N,B,-,Y,,,880,,,,,,N,N,4,0,1,2,A,-,8,22107,,N,C,C,A,A,H,-,A,D,0,,,,,Y,,A,7,0,0,1,0,0,0,0,0,0,- ,- ,37.51034927,-121.9709702,ALAMEDA,FREMONT,-121.9709473,37.51037598
91501709,2021,6/21/21,9345,6/15/21,1730,21693,,2,2,6,105,0,1,1,,2,71,I-880 SOUTHBOUND,MOWRY AVENUE,1056,N,N,B,-,Y,,,880,,,,,,S,Y,4,0,1,2,A,-,3,22350,,N,C,C,A,A,H,-,A,D,0,,,,,Y,,A,1,0,0,1,0,0,0,0,0,0,- ,- ,37.53126144,-122.0050278,ALAMEDA,FREMONT,-122.0050735,37.53118515
91503814,2021,6/23/21,9345,6/17/21,2048,21693,,4,2,6,105,0,1,3,,1,184,SR-84 NORTHBOUND,THE DUMBARTON BRIDGE TOLL PLAZA,2112,S,N,B,-,Y,,,84,,,,,,N,Y,4,0,1,1,A,-,8,22107,,N,E,I,A,A,H,-,C,D,0,,,,,Y,,A,1,0,0,1,0,0,0,0,0,0,- ,- ,37.53351974,-122.0813675,ALAMEDA,FREMONT,-122.0813751,37.53356171
91505014,2021,6/24/21,9345,6/15/21,1420,21292,,2,2,6,105,0,1,1,,2,70,I-880 S/B,AUTO MALL PKY,528,N,N,A,-,Y,,,880,,,,,,S,N,4,0,1,2,A,-,3,22350,,N,C,C,A,A,H,-,A,D,0,,,,,Y,,D,22,0,0,1,0,0,0,0,0,0,- ,- ,37.50888824,-121.9695206,ALAMEDA,FREMONT,-121.9695511,37.5088501
91506319,2021,6/25/21,9345,6/19/21,255,22366,,6,3,6,105,0,1,1,,2,71,I-880 SOUTHBOUND (NIMITZ FREEWAY),MOWRY AVENUE,3168,N,N,A,-,Y,,,880,,,,,,S,Y,4,0,1,2,A,-,1,23152,A,N,C,2,A,A,H,-,D,D,0,,,,,Y,Y,A,1,0,0,1,0,0,0,0,0,0,- ,- ,37.53480148,-122.0115738,ALAMEDA,FREMONT,-122.0116119,37.534729
91506476,2021,6/25/21,9345,6/22/21,1735,21693,,2,2,6,105,0,1,1,,2,70,I-880 SOUTHBOUND,AUTO MALL PARKWAY,2112,N,N,A,-,Y,,,880,,,,,,S,N,4,0,1,2,A,-,3,22350,,M,C,C,A,A,H,-,A,D,0,,,,,Y,,-,99,0,0,1,0,0,0,0,0,0,- ,- ,37.51166916,-121.9727936,ALAMEDA,FREMONT,-121.9729004,37.51153183
91506603,2021,6/25/21,9345,6/22/21,1745,21693,,2,2,6,105,0,1,1,,2,70,I-880 SOUTHBOUND,AUTO MALL PARKWAY,2112,N,N,A,-,Y,,,880,,,,,,S,N,4,0,3,3,A,-,3,22350,,M,C,2,A,A,H,-,A,D,0,,,,,Y,,A,1,0,0,3,0,0,0,0,0,0,- ,- ,37.51166916,-121.9727936,ALAMEDA,FREMONT,-121.9729004,37.51153183
91507444,2021,6/28/21,9390,5/22/21,2150,22527,,6,2,6,105,0,1,1,,2,64,I-680 NORTHBOUND,AUTOMALL PKY.,100,S,N,A,-,Y,,,680,,,,,,N,Y,4,0,1,2,A,-,1,23152,A,N,C,C,A,A,H,-,C,D,0,,,,,Y,Y,A,1,0,0,1,0,0,0,0,0,0,- ,- ,37.51338959,-121.9388809,ALAMEDA,FREMONT,-121.9388275,37.5134201
91507504,2021,6/28/21,9345,6/17/21,1520,21292,,4,2,6,105,0,1,1,,2,70,I-880 N/B,SOUTH FREMONT BOULEVARD,2640,N,N,A,-,Y,,,880,,,,,,N,N,3,0,1,1,A,-,8,22107,,N,E,I,A,A,H,-,A,D,0,,,,,Y,,A,1,0,1,0,0,0,0,0,0,0,- ,- ,37.49557114,-121.9521179,ALAMEDA,FREMONT,-121.9520874,37.49561691
91507507,2021,7/2/21,9345,6/17/21,1800,21292,,4,2,6,105,0,1,1,,2,70,I-880 S/B,MOWRY AVE,160,S,N,A,-,Y,,,880,,,,,,S,Y,3,0,1,2,A,-,8,22107,,N,C,C,A,A,H,-,A,D,0,,,,,Y,,A,1,0,1,0,0,0,0,0,0,0,- ,- ,37.52973175,-122.0022507,ALAMEDA,FREMONT,-122.0022812,37.52967072
91509198,2021,6/29/21,9345,6/17/21,2055,21292,,4,2,6,105,0,1,1,,2,70,I-880 N/B,AUTO MALL PKY,1056,N,N,A,-,Y,,,880,,,,,,N,N,4,0,1,3,A,-,8,22107,,F,B,C,A,A,H,-,A,A,0,,,,,Y,,-,99,0,0,1,0,0,0,0,0,0,- ,- ,37.51100159,-121.9717636,ALAMEDA,FREMONT,-121.9717331,37.5110321
91509769,2021,6/30/21,9345,6/24/21,920,20328,,4,1,6,105,0,1,1,,2,72,I-880 SOUTHBOUND,N. FREMONT BOULEVARD,528,N,N,A,-,Y,,,880,,,,,,S,N,4,0,1,3,A,-,3,22350,,N,C,C,A,A,H,-,A,D,0,,,,,Y,,A,1,0,0,1,0,0,0,0,0,0,- ,- ,37.58433151,-122.0508804,ALAMEDA,FREMONT,-122.0509262,37.58430099
91509953,2021,6/30/21,9345,6/18/21,1255,21993,,5,1,6,105,0,1,1,,2,71,I-880 N/B,THORNTON AVE,500,N,N,A,-,Y,,,880,,,,,,N,Y,2,0,1,3,A,-,3,22350,,N,B,C,A,A,H,-,A,D,0,,,Y,,Y,,C,2,1,0,0,0,0,0,0,0,1,- ,- ,37.54846954,-122.0239029,ALAMEDA,FREMONT,-122.0239639,37.54842377
91511853,2021,7/2/21,9345,6/26/21,903,21721,,6,1,6,105,0,1,1,,2,71,I-880 N/B (NIMITZ FREEWAY),MOWRY AVE,792,N,N,A,-,Y,,,880,,,,,,N,Y,4,0,1,1,A,-,3,22350,,N,E,J,A,A,H,-,A,D,0,,,,,Y,,A,1,0,0,1,0,0,0,0,0,0,- ,- ,37.53139114,-122.0047607,ALAMEDA,FREMONT,-122.0047836,37.53134155
91513909,2021,7/6/21,9345,6/26/21,1318,21721,,6,1,6,105,0,1,1,,2,71,I-880 N/B (NIMITZ FREEWAY),THORNTON AVE,1584,N,N,A,-,Y,,,880,,,,,,N,N,3,0,1,2,A,-,3,22350,,N,B,C,A,A,H,-,A,D,0,,,Y,,Y,,C,2,0,1,0,0,0,0,0,0,1,- ,- ,37.55342102,-122.028038,ALAMEDA,FREMONT,-122.0278168,37.5535965
91515512,2021,7/8/21,9390,6/29/21,1530,20657,,2,2,6,105,0,1,1,,2,65,I-680 NORTHBOUND,ANDRADE ROAD,300,N,N,A,-,Y,,,,,,,,,,Y,3,0,1,3,A,-,3,22350,,N,C,C,A,A,H,-,A,D,0,,,,,Y,,A,1,0,1,0,0,0,0,0,0,0,- ,- ,37.57503128,-121.8835907,ALAMEDA,FREMONT,-121.8843231,37.57474899
91519074,2021,7/13/21,9345,7/8/21,955,20328,,4,1,6,105,0,1,1,,2,71,I-880 SOUTHBOUND,THORNTON AVENUE,528,N,N,A,-,Y,,,880,,,,,,S,Y,4,0,1,2,A,-,3,22350,,N,C,C,A,A,H,-,A,D,0,,,,,Y,,A,1,0,0,1,0,0,0,0,0,0,- ,- ,37.55347824,-122.0281219,ALAMEDA,FREMONT,-122.0281982,37.55341721
91519088,2021,7/13/21,9345,7/8/21,710,20328,,4,1,6,105,0,1,1,,2,72,I-880 SOUTHBOUND,N. FREMONT BOULEVARD,500,N,N,A,-,Y,,,880,,,,,,S,Y,4,0,1,2,A,-,3,22350,,N,C,C,A,A,H,-,A,D,0,,,,,Y,,A,1,0,0,1,0,0,0,0,0,0,- ,- ,37.58441925,-122.0509186,ALAMEDA,FREMONT,-122.0509796,37.5843811
91520141,2021,7/14/21,9345,7/6/21,848,20911,,2,1,6,105,0,1,1,,2,70,I-880 S/B,MOWRY AVENUE,450,N,N,A,-,Y,,,880,,,,,,S,N,3,0,1,3,A,-,3,22350,,N,C,C,A,A,H,-,A,D,0,,,,,Y,,A,7,0,1,0,0,0,0,0,0,0,- ,- ,37.53025055,-122.0032578,ALAMEDA,FREMONT,-122.0032806,37.53021622
91521103,2021,7/15/21,9345,7/7/21,1730,21676,,3,2,6,105,0,1,1,,2,71,I-880 NORTHBOUND,FREMONT BOULEVARD (NORTH),100,S,N,A,-,Y,,,880,,,,,,N,N,4,0,4,2,A,-,3,22350,,N,C,C,A,A,H,-,A,D,0,,,,,Y,,D,22,0,0,4,0,0,0,0,0,0,- ,- ,37.57814026,-122.0479126,ALAMEDA,FREMONT,-122.0478821,37.57814789
91521832,2021,7/16/21,9390,7/3/21,2241,22482,,6,3,6,105,0,1,1,,2,65,I-680,VARGAS ROAD,1056,S,N,A,-,Y,,,680,,,,,,,Y,3,0,1,1,A,-,8,22107,,N,C,J,A,A,H,-,C,D,0,,,,,Y,,E,22,0,1,0,0,0,0,0,0,0,- ,- ,37.55183029,-121.9182434,ALAMEDA,FREMONT,-121.9182358,37.55182648
91524113,2021,7/20/21,9345,7/12/21,525,22351,,1,3,6,105,0,1,1,,2,71,I-880 SOUTHBOUND,DECOTO ROAD,1500,N,N,B,-,Y,,,880,,,,,,S,Y,4,0,2,4,A,-,3,22350,,N,C,C,A,A,H,-,B,D,0,,,,,Y,,A,1,0,0,2,0,0,0,0,0,0,- ,- ,37.56700134,-122.0423508,ALAMEDA,FREMONT,-122.0424042,37.56694412
91524149,2021,7/20/21,9390,7/11/21,610,21817,,7,1,6,105,0,1,1,,2,64,I-680 NORTHBOUND,SCOTT CREEK ROAD,2000,N,N,A,-,Y,,,680,,,,,,N,Y,2,0,3,3,A,-,8,22107,,N,B,C,E,A,H,-,A,A,0,Y,,,,Y,,A,1,1,0,2,0,1,0,0,0,0,- ,- ,37.47269058,-121.9100266,ALAMEDA,FREMONT,-121.9100266,37.4726944
91524395,2021,7/20/21,9390,7/13/21,927,20368,,2,1,6,105,0,1,1,,2,64,I-680 SOUTHBOUND,AUTO MALL PARKWAY,432,S,N,A,-,Y,,,,,,,,,,Y,3,0,2,3,A,-,7,21658,A,N,B,C,A,A,H,-,A,D,0,,,,,Y,,A,1,0,1,1,0,0,0,0,0,0,- ,- ,,,ALAMEDA,FREMONT,-121.9398499,37.5145607
91525125,2021,7/21/21,9345,7/13/21,1655,21292,,2,2,6,105,0,1,1,,2,70,I-880 N/B,WARREN AVE,1584,S,N,A,-,Y,,,880,,,,,,N,N,4,0,1,3,A,-,3,22350,,N,C,C,A,A,H,-,A,D,0,,,,,Y,,A,8,0,0,1,0,0,0,0,0,0,- ,- ,37.47850037,-121.9336166,ALAMEDA,FREMONT,-121.9335785,37.47852325
91526633,2021,11/9/21,9345,7/20/21,1010,20911,,2,1,6,105,0,1,1,,2,70,I-880 S/B,WARREN AVENUE,845,N,N,A,-,Y,,,880,,,,,,S,Y,4,0,2,3,A,-,3,22350,,N,C,C,A,A,H,-,A,D,0,,,,,Y,,D,22,0,0,2,0,0,0,0,0,0,- ,- ,37.48503113,-121.939003,ALAMEDA,FREMONT,-121.938942,37.48510361
91529414,2021,7/27/21,9345,7/16/21,1500,21676,,5,2,6,105,0,1,1,,2,70,I-880 NORTHBOUND,STEVENSON BOULEVARD,1584,S,N,A,-,Y,,,,,,,,,,Y,4,0,1,2,A,-,7,21658,A,N,B,2,A,A,H,-,A,D,0,,,,,Y,,A,7,0,0,1,0,0,0,0,0,0,- ,- ,37.51753998,-122.9798126,ALAMEDA,FREMONT,-121.9831696,37.52013397
91529791,2021,7/27/21,9345,7/19/21,207,22352,,1,3,6,105,0,1,1,,2,70,I-880 SOUTHBOUND,AUTO MALL PARKWAY,3168,N,N,A,-,Y,,,880,,,,,,S,Y,4,0,2,2,A,-,1,23152,A,N,B,2,A,A,H,-,D,D,0,,,,,Y,Y,A,1,0,0,2,0,0,0,0,0,0,- ,- ,37.51369858,-121.9753571,ALAMEDA,FREMONT,-121.975441,37.5135994
91529832,2021,7/27/21,9345,7/20/21,1700,21398,,2,2,6,105,0,1,1,,2,71,I-880 S/B,THORNTON AVE,200,N,N,A,-,Y,,,880,,,,,,S,Y,4,0,1,2,A,-,4,21703,,N,C,C,A,A,H,-,A,D,0,,,,,Y,,A,1,0,0,1,0,0,0,0,0,0,- ,- ,37.54804993,-122.0239716,ALAMEDA,FREMONT,-122.0240707,37.54797363
91531447,2021,7/29/21,9390,7/21/21,500,21971,,3,3,6,105,0,1,1,,2,64,I-680 SOUTHBOUND TO AUTOMALL PARKWAY,AUTOMALL PARKWAY,150,S,N,A,-,Y,,,680,,,,R,,S,Y,4,0,1,1,A,-,8,22107,,N,E,J,A,A,H,-,D,D,0,,,,Y,Y,,F,26,0,0,1,0,0,0,0,0,0,- ,- ,37.51358032,-121.9401627,ALAMEDA,FREMONT,-121.9401627,37.51358032
91531684,2021,7/29/21,9345,7/16/21,1530,21676,,5,2,6,105,0,1,1,,2,70,I-880 SOUTHBOUND,STEVENSON BLVD,20,S,N,A,-,Y,,,,,,,,,,Y,3,0,2,5,A,-,7,21658,A,N,C,2,A,A,H,-,A,D,0,,,,Y,Y,,A,7,0,1,1,0,0,0,0,0,0,- ,- ,37.52228928,-122.9873962,ALAMEDA,FREMONT,-121.9875717,37.52231979
91531815,2021,7/29/21,9345,7/22/21,1710,21693,,4,2,6,105,0,1,1,,2,72,I-880 S/B,ALVARADO BOULEVARD,2112,N,N,A,-,Y,,,880,,,,,,S,N,4,0,1,2,A,-,7,21658,A,N,B,C,A,A,H,-,A,D,0,,,,,Y,,A,1,0,0,1,0,0,0,0,0,0,- ,- ,37.58414841,-122.0507889,ALAMEDA,FREMONT,-122.0508194,37.58412933
91531949,2021,7/29/21,9345,7/23/21,1652,21693,,5,2,6,105,0,1,1,,2,70,I-880 NORTHBOUND,AUTO MALL PKY,2112,S,N,A,-,Y,,,880,,,,,,N,Y,4,0,3,3,A,-,3,22350,,N,C,C,A,A,H,-,A,D,0,,,,,Y,,D,22,0,0,3,0,0,0,0,0,0,- ,- ,37.50365067,-121.9626389,ALAMEDA,FREMONT,-121.9626007,37.50369644
91533372,2021,7/30/21,9345,7/23/21,1900,21693,,5,2,6,105,0,1,1,,2,70,I-880 S/B,STEVENSON BLVD,2112,N,N,A,-,Y,,,880,,,,,,S,Y,4,0,1,3,A,-,3,22350,,N,C,C,A,A,H,-,A,D,0,,,,,Y,,A,7,0,0,1,0,0,0,0,0,0,- ,- ,37.52494049,-121.9929504,ALAMEDA,FREMONT,-121.9929581,37.52492142
91533551,2021,7/30/21,9345,7/26/21,1615,21330,,1,2,6,105,0,1,1,,2,71,I-880 N/B (NIMITZ FREEWAY),DECOTO ROAD,300,N,N,B,-,Y,,,880,,,,,,N,N,4,0,1,2,A,-,3,22350,,N,C,C,A,A,H,-,A,D,0,,,,,Y,,A,7,0,0,1,0,0,0,0,0,0,- ,- ,37.56521988,-122.0401688,ALAMEDA,FREMONT,-122.0401154,37.56528091
91533709,2021,7/30/21,9345,7/26/21,855,20911,,1,1,6,105,0,1,1,,2,70,I-880 S/B,STEVENSON BLVD,1531,N,N,A,-,Y,,,880,,,,,,S,N,4,0,1,4,A,-,3,22350,,N,C,C,A,A,H,-,A,D,0,,,,,Y,,A,1,0,0,1,0,0,0,0,0,0,- ,- ,37.52466965,-121.9925537,ALAMEDA,FREMONT,-121.9925308,37.52470779
91535402,2021,8/3/21,9345,7/24/21,845,21993,,6,1,6,105,0,1,1,,2,70,I-880 N/B,SOUTH FREMONT BOULEVARD,2640,N,N,A,-,Y,,,880,,,,,,N,Y,4,0,1,2,A,-,3,22350,,N,C,C,A,A,H,-,A,D,0,,,,,Y,,A,1,0,0,1,0,0,0,0,0,0,- ,- ,37.49819183,-121.9555969,ALAMEDA,FREMONT,-121.9555359,37.49827576
91535758,2021,8/3/21,9345,7/27/21,1440,21693,,2,2,6,105,0,1,1,,2,71,I-880 SOUTHBOUND,DECOTO ROAD,528,N,N,B,-,Y,,,880,,,,,,S,N,4,0,4,4,A,-,3,22350,,N,C,C,A,A,H,-,A,D,0,,,,,Y,,A,1,0,0,4,0,0,0,0,0,0,- ,- ,37.5644989,-122.0396194,ALAMEDA,FREMONT,-122.0396957,37.56441498
91537535,2021,8/5/21,9345,7/28/21,1350,21693,,3,1,6,105,0,1,1,,2,70,I-880 SOUTHBOUND,AUTO MALL PARKWAY,1584,N,N,A,-,Y,,,880,,,,,,S,Y,4,0,2,4,A,-,3,22350,,N,C,C,A,A,H,-,A,D,0,,,,Y,Y,,A,1,0,0,2,0,0,0,0,0,0,- ,- ,37.50976944,-121.9705505,ALAMEDA,FREMONT,-121.9706039,37.50970078
91541176,2021,8/10/21,9390,7/22/21,1500,20657,,4,2,6,105,0,1,1,,2,64,I-680 NORTHBOUND,VARGAS ROAD,2500,S,N,A,-,Y,,,680,,,,,,N,Y,2,0,1,3,A,-,7,21658,A,N,B,C,A,A,H,-,A,D,0,,,Y,,Y,,A,1,1,0,0,0,0,0,0,0,1,- ,- ,37.54822922,-121.9196396,ALAMEDA,FREMONT,-121.9196243,37.5482254
91541793,2021,8/10/21,9345,8/2/21,735,22621,,1,1,6,105,0,1,1,,2,72,I-880 S/B,ALVARADO NILES RD,520,N,N,A,-,Y,,,,,,,,,,N,4,0,1,2,A,-,3,22350,,N,C,C,A,A,H,-,A,D,0,,,,,Y,,A,1,0,0,1,0,0,0,0,0,0,- ,- ,37.60118866,-122.0628128,ALAMEDA,FREMONT,-122.0620041,37.60001373
91541802,2021,8/10/21,9345,8/2/21,1845,21961,,1,2,6,105,0,1,S,,2,192,S/R-262 S/B,WARM SPRINGS BLVD.,50,N,N,A,-,Y,,,,,,,,,,N,4,0,1,2,D,-,0,,,N,C,C,A,A,H,-,A,A,0,,,,,Y,,-,- ,0,0,1,0,0,0,0,0,0,- ,- ,37.48976898,-121.9296417,ALAMEDA,FREMONT,,
91543425,2021,8/12/21,9345,8/4/21,651,22705,,3,1,6,105,0,1,3,,2,262,SR-262 SOUTHBOUND,WARM SPRINGS BOULEVARD,1056,S,N,B,-,Y,,,262,,,,,,S,N,4,0,1,2,A,-,3,22350,,N,C,C,A,A,H,-,A,D,0,,,,,Y,,A,1,0,0,1,0,0,0,0,0,0,- ,- ,37.48823929,-121.931488,ALAMEDA,FREMONT,-121.9315033,37.48825073
91543855,2021,8/12/21,9345,8/6/21,1523,22662,,5,2,6,105,0,1,1,,2,70,I-880 SOUTHBOUND,MOWRY AVENUE,528,S,N,A,-,Y,,,880,,,,,,S,N,4,0,1,2,A,-,3,22350,,N,C,C,A,A,H,-,A,D,0,,,,,Y,,A,7,0,0,1,0,0,0,0,0,0,- ,- ,37.52893066,-122.0009918,ALAMEDA,FREMONT,-122.0009689,37.528965
91545615,2021,8/16/21,9345,8/6/21,1027,22681,,5,1,6,105,0,1,S,,2,904,I-880 S/B,DIXON LANDING RD,2500,N,N,A,-,Y,,,880,,,,,,S,N,4,0,3,2,A,-,21,22106,,M,C,C,A,A,H,-,A,A,0,,,,,Y,,-,99,0,0,3,0,0,0,0,0,0,- ,- ,37.46115112,-121.9252777,ALAMEDA,FREMONT,-121.925354,37.46111298