CASE_ID,ACCIDENT_YEAR,PROC_DATE,JURIS,COLLISION_DATE,COLLISION_TIME,OFFICER_ID,REPORTING_DISTRICT,DAY_OF_WEEK,CHP_SHIFT,POPULATION,CNTY_CITY_LOC,SPECIAL_COND,BEAT_TYPE,CHP_BEAT_TYPE,CITY_DIVISION_LAPD,CHP_BEAT_CLASS,BEAT_NUMBER,PRIMARY_RD,SECONDARY_RD,DISTANCE,DIRECTION,INTERSECTION,WEATHER_1,WEATHER_2,STATE_HWY_IND,CALTRANS_COUNTY,CALTRANS_DISTRICT,STATE_ROUTE,ROUTE_SUFFIX,POSTMILE_PREFIX,POSTMILE,LOCATION_TYPE,RAMP_INTERSECTION,SIDE_OF_HWY,TOW_AWAY,COLLISION_SEVERITY,NUMBER_KILLED,NUMBER_INJURED,PARTY_COUNT,PRIMARY_COLL_FACTOR,PCF_CODE_OF_VIOL,PCF_VIOL_CATEGORY,PCF_VIOLATION,PCF_VIOL_SUBSECTION,HIT_AND_RUN,TYPE_OF_COLLISION,MVIW,PED_ACTION,ROAD_SURFACE,ROAD_COND_1,ROAD_COND_2,LIGHTING,CONTROL_DEVICE,CHP_ROAD_TYPE,PEDESTRIAN_ACCIDENT,BICYCLE_ACCIDENT,MOTORCYCLE_ACCIDENT,TRUCK_ACCIDENT,NOT_PRIVATE_PROPERTY,ALCOHOL_INVOLVED,STWD_VEHTYPE_AT_FAULT,CHP_VEHTYPE_AT_FAULT,COUNT_SEVERE_INJ,COUNT_VISIBLE_INJ,COUNT_COMPLAINT_PAIN,COUNT_PED_KILLED,COUNT_PED_INJURED,COUNT_BICYCLIST_KILLED,COUNT_BICYCLIST_INJURED,COUNT_MC_KILLED,COUNT_MC_INJURED,PRIMARY_RAMP,SECONDARY_RAMP,LATITUDE,LONGITUDE,COUNTY,CITY,POINT_X,POINT_Y
9254849,2021,4/29/21,105,3/17/21,1849,14175,570,3,5,6,105,0,0,0,,0,0Z2,BLACOW RD,MATTOS CT,167,S,N,A,-,N,,,,,,,,,,Y,2,0,1,1,A,-,8,22107,,N,E,I,A,A,H,-,A,D,0,,,,,Y,,A,1,1,0,0,0,0,0,0,0,0,- ,- ,,,ALAMEDA,FREMONT,-122.0080566,37.54109955
9255093,2021,5/19/21,105,3/19/21,1215,14591,1208,5,5,6,105,0,0,0,,0,3,MILL CREEK RD,LINMORE DR,14784,E,N,A,-,N,,,,,,,,,,N,3,0,1,2,A,-,3,22350,,N,A,G,A,A,H,-,A,A,0,,Y,,,Y,,L,4,0,1,0,0,0,0,1,0,0,- ,- ,,,ALAMEDA,FREMONT,-121.8955154,37.52776718
9255174,2021,5/7/21,105,4/3/21,1006,15405,594,6,5,6,105,0,0,0,,0,2,HANSEN AV,DONDERO WY,0,,Y,B,-,N,,,,,,,,,,N,3,0,2,2,A,-,9,21802,A,N,D,C,A,A,H,-,A,A,0,,,,,Y,,A,1,0,1,1,0,0,0,0,0,0,- ,- ,,,ALAMEDA,FREMONT,-122.0166626,37.5475502
9255683,2021,5/6/21,105,4/11/21,2022,16179,837,7,5,6,105,0,0,0,,0,1,FREMONT BL,JAMES AV,0,,Y,A,-,N,,,,,,,,,,N,4,0,1,2,A,-,4,21703,,N,C,C,A,A,H,-,D,A,0,,,,,Y,,A,1,0,0,1,0,0,0,0,0,0,- ,- ,,,ALAMEDA,FREMONT,-121.9648209,37.53609085
9255684,2021,5/6/21,105,4/23/21,1717,14997,1057,5,5,6,105,0,0,0,,0,3,ALBRAE ST,STEWART AV,1240,S,N,A,-,N,,,,,,,,,,Y,3,0,2,2,A,-,9,21804,A,N,D,C,A,A,H,-,A,D,0,,,,,Y,,A,1,0,2,0,0,0,0,0,0,0,- ,- ,,,ALAMEDA,FREMONT,-121.9782028,37.51559067
9255685,2021,5/6/21,105,4/17/21,2112,16212,942,6,5,6,105,0,0,0,,0,,WASHINGTON BL,LUZON DR,147,W,N,A,-,N,,,,,,,,,,Y,4,0,1,2,A,-,1,23152,A,N,C,C,A,A,H,-,C,A,0,,,,,Y,Y,A,1,0,0,1,0,0,0,0,0,0,- ,- ,,,ALAMEDA,FREMONT,-121.9391632,37.53105545
9255686,2021,5/6/21,105,4/19/21,1901,12223,341,1,5,6,105,0,0,0,,0,1,NILES BL,HILLVIEW DR,0,,Y,A,-,N,,,,,,,,,,N,4,0,1,2,A,-,9,21802,A,N,H,G,A,A,H,-,A,A,0,,Y,,,Y,,L,4,0,0,1,0,0,0,1,0,0,- ,- ,,,ALAMEDA,FREMONT,-121.9877319,37.57891846
9255687,2021,5/6/21,105,4/22/21,1448,2909,648,4,5,6,105,0,0,0,,0,2,FREMONT BL,COUNTRY DR,225,N,N,A,-,N,,,,,,,,,,Y,4,0,1,2,A,-,9,21804,A,N,B,C,A,A,H,-,A,D,0,,,,,Y,,A,1,0,0,1,0,0,0,0,0,0,- ,- ,,,ALAMEDA,FREMONT,-121.9930801,37.55111694
9256249,2021,6/24/21,105,4/9/21,232,14175,488,5,5,6,105,0,0,0,,0,0Z2,THORNTON AV,RT 880,0,,Y,B,-,Y,,,,,,,,,,Y,1,1,2,2,A,-,1,23153,A,N,D,C,A,A,H,-,C,A,0,,,,,Y,Y,A,1,2,0,0,0,0,0,0,0,0,- ,NF,,,ALAMEDA,FREMONT,-122.0227966,37.54674911
9256251,2021,6/24/21,105,4/10/21,1736,2536,734,6,5,6,105,0,0,0,,0,1,RT 238,DALGO RD,0,,Y,A,-,Y,,,,,,,,,,Y,1,1,0,2,A,-,3,22350,,N,D,C,A,A,H,-,A,D,0,,,Y,,Y,,C,2,0,0,0,0,0,0,0,1,0,- ,- ,,,ALAMEDA,FREMONT,,
9256363,2021,7/20/21,105,4/19/21,2030,14175,140,1,5,6,105,0,0,0,,0,0Z2,LOWRY RD,FALCON DR,100,W,N,A,-,N,,,,,,,,,,N,1,1,0,2,A,-,0,21954,,N,G,B,A,A,H,-,D,D,0,,Y,,,Y,,L,4,0,0,0,0,0,1,0,0,0,- ,- ,,,ALAMEDA,FREMONT,-122.058754,37.57689667
9256515,2021,8/19/21,105,6/26/21,2130,2909,272,6,5,6,105,0,0,0,,0,2,DECOTO RD,MT PALOMAR CT,189,E,N,A,-,N,,,,,,,,,,Y,1,1,0,2,A,-,11,21954,A,N,G,B,E,A,H,-,C,D,0,Y,,,,Y,Y,N,60,0,0,0,1,0,0,0,0,0,- ,- ,,,ALAMEDA,FREMONT,-122.0306625,37.57285309
9259468,2021,5/19/21,105,5/3/21,1632,14175,674,1,5,6,105,0,0,0,,0,0Z2,FREMONT BL,EGGERS DR,250,N,N,A,-,N,,,,,,,,,,N,3,0,1,2,A,-,8,22107,,N,C,E,A,A,H,-,A,D,0,,Y,,,Y,,L,4,0,1,0,0,0,0,1,0,0,- ,- ,,,ALAMEDA,FREMONT,-121.9969864,37.55297852
9259469,2021,5/18/21,105,5/4/21,1520,14175,266,2,5,6,105,0,0,0,,0,0Z2,FREMONT BL,DARWIN DR,0,,Y,A,-,N,,,,,,,,,,N,4,0,2,2,A,-,12,21453,A,N,D,C,A,A,H,-,A,A,0,,,,,Y,,A,1,0,0,2,0,0,0,0,0,0,- ,- ,,,ALAMEDA,FREMONT,-122.0389633,37.57398987
9259470,2021,5/18/21,105,5/5/21,1224,2536,589,3,5,6,105,0,0,0,,0,1,MOWRY AV,FARWELL DR,235,W,N,A,-,N,,,,,,,,,,Y,3,0,1,2,A,-,9,21804,A,N,D,C,A,A,A,-,A,D,0,,,Y,,Y,,A,1,0,1,0,0,0,0,0,0,1,- ,- ,,,ALAMEDA,FREMONT,-122.0013275,37.53294754
9259573,2021,5/17/21,105,3/5/21,1900,16176,219,5,5,6,105,0,0,0,,0,0Z2,SIWARD DR,CREEKWOOD DR,0,,Y,A,-,N,,,,,,,,,,N,4,0,1,2,A,-,10,21950,A,N,G,B,B,A,H,-,C,A,0,Y,,,,Y,,A,1,0,0,1,0,1,0,0,0,0,- ,- ,,,ALAMEDA,FREMONT,-122.047081,37.56726074
9260047,2021,5/20/21,105,5/5/21,1831,14175,272,3,5,6,105,0,0,0,,0,0Z2,PASEO PADRE PKWY,DECOTO RD,33,N,N,A,-,N,,,,,,,,,,Y,3,0,2,2,A,-,8,22107,,N,E,I,A,A,H,-,A,D,0,,,,,Y,Y,A,1,0,1,1,0,0,0,0,0,0,- ,- ,,,ALAMEDA,FREMONT,-122.027153,37.57693481
9260048,2021,5/20/21,105,5/6/21,829,14306,266,4,5,6,105,0,0,0,,0,2,FREMONT BL,DARWIN ST,0,,Y,A,-,N,,,,,,,,,,Y,4,0,1,2,A,-,12,21453,A,N,D,C,A,A,H,-,A,A,0,,,,,Y,,A,7,0,0,1,0,0,0,0,0,0,- ,- ,,,ALAMEDA,FREMONT,-122.0389633,37.57398987
9260049,2021,5/20/21,105,5/9/21,1539,14997,977,7,5,6,105,0,0,0,,0,3,MISSION BL,STARR ST,11,N,N,A,-,N,,,,,,,,,,N,3,0,1,2,A,-,10,21950,A,N,G,B,B,A,H,-,A,D,0,Y,,,,Y,,A,7,0,1,0,0,1,0,0,0,0,- ,- ,,,ALAMEDA,FREMONT,-121.9222488,37.53766632
9260051,2021,5/20/21,105,5/10/21,1025,12745,1021,1,5,6,105,0,0,0,,0,3,FREMONT BL,MICHAEL AV,0,,Y,A,-,N,,,,,,,,,,Y,4,0,1,2,A,-,9,21802,A,N,D,C,A,A,H,-,A,A,0,,,,,Y,,A,1,0,0,1,0,0,0,0,0,0,- ,- ,,,ALAMEDA,FREMONT,-121.9565887,37.52103043
9260357,2021,6/30/21,105,6/4/21,641,14307,1187,5,5,6,105,0,0,0,,0,3,KATO RD,MILMONT DR,453,E,N,A,-,N,,,,,,,,,,Y,4,0,2,2,A,-,8,22107,,N,D,C,A,A,H,-,B,D,0,,,,,Y,,A,1,0,0,2,0,0,0,0,0,0,- ,- ,,,ALAMEDA,FREMONT,-121.9204788,37.46169662
9260358,2021,6/30/21,105,6/4/21,2349,15893,,5,5,6,105,0,0,0,,0,,DUSTERBERRY WY,HANSEN AV,100,N,N,A,-,N,,,,,,,,,,Y,3,0,1,3,A,-,7,21658,A,N,C,E,A,A,H,-,C,D,0,,,,,Y,,A,8,0,1,0,0,0,0,0,0,0,- ,- ,,,ALAMEDA,FREMONT,-122.0127411,37.55473709
9260539,2021,6/21/21,105,5/19/21,1023,12908,622,3,5,6,105,0,0,0,,0,1,MOWRY AV,PARKSIDE DR,0,,Y,A,-,N,,,,,,,,,,Y,3,0,2,2,A,-,12,21453,A,N,D,C,A,A,H,-,A,A,0,,,,,Y,,A,7,0,1,1,0,0,0,0,0,0,- ,- ,,,ALAMEDA,FREMONT,-121.9802322,37.55855179
9260541,2021,6/18/21,105,5/29/21,1725,16059,868,6,5,6,105,0,0,0,,0,1,SUNDALE DR,PORTER ST,0,,Y,A,-,N,,,,,,,,,,Y,3,0,2,2,A,-,12,22450,A,N,D,C,A,A,H,-,A,A,0,,,,,Y,,A,1,0,1,1,0,0,0,0,0,0,- ,- ,,,ALAMEDA,FREMONT,-121.9799881,37.52915955
9263115,2021,6/2/21,105,4/16/21,1648,14997,666,5,5,6,105,0,0,0,,0,2,FREMONT BL,PERALTA BL,0,,Y,A,-,N,,,,,,,,,,Y,3,0,2,2,A,-,12,21453,A,N,D,C,A,A,H,-,A,A,0,,,,,Y,,A,7,0,2,0,0,0,0,0,0,0,- ,- ,,,ALAMEDA,FREMONT,-122.0067902,37.55810928
9263195,2021,5/25/21,105,4/30/21,2022,14774,977,5,5,6,105,0,0,0,,0,3,MISSION BL,STARR ST,0,,Y,A,-,N,,,,,,,,,,N,4,0,1,2,A,-,12,22450,A,N,H,G,A,A,H,-,C,D,0,,Y,,,Y,,L,4,0,0,1,0,0,0,1,0,0,- ,- ,,,ALAMEDA,FREMONT,-121.9222336,37.53763962
9263910,2021,6/3/21,105,4/19/21,2117,16031,845,1,5,6,105,0,0,0,,0,1,GRIMMER BL,DAVIS ST,0,,Y,A,-,N,,,,,,,,,,N,3,0,3,2,A,-,12,21453,A,N,D,C,A,A,H,-,C,A,0,,,,,Y,,A,1,0,3,0,0,0,0,0,0,0,- ,- ,,,ALAMEDA,FREMONT,-121.9679871,37.53348923
9263911,2021,6/3/21,105,4/9/21,1621,14803,1177,5,5,6,105,0,0,0,,0,3,KATO RD,FREMONT BL,10,S,N,A,-,N,,,,,,,,,,N,3,0,1,2,A,-,12,22450,A,N,C,C,A,A,H,-,A,D,0,,,,,Y,,A,1,0,1,0,0,0,0,0,0,0,- ,- ,,,ALAMEDA,FREMONT,,
9264009,2021,6/8/21,105,4/16/21,2208,14177,488,5,5,6,105,0,0,0,,0,2,DECOTO RD,RT 880,41,E,N,A,-,Y,ALA,4,84,-,R,5.94,H,-,S,Y,4,0,3,2,A,-,3,22350,,N,C,C,A,A,H,-,D,A,0,,,,,Y,,A,1,0,0,3,0,0,0,0,0,0,- ,SF,,,ALAMEDA,FREMONT,-122.0393066,37.56264877
9264018,2021,5/26/21,105,5/9/21,1709,14997,1176,7,5,6,105,0,0,0,,0,3,WARREN AV,RT 880,0,,Y,A,-,Y,ALA,4,880,-,-,2.554,R,4,S,Y,3,0,2,2,A,-,12,21453,A,N,D,C,A,A,H,-,A,A,0,,,,,Y,,A,1,0,2,0,0,0,0,0,0,0,- ,SF,,,ALAMEDA,FREMONT,-121.9398346,37.48579025
9264579,2021,5/24/21,105,5/7/21,1739,15131,1255,5,5,6,105,0,0,0,,0,3,WARM SPRINGS BL,STARLITE WY,45,N,N,A,-,N,,,,,,,,,,N,4,0,1,2,A,-,5,21650,1,N,G,G,A,A,H,-,A,B,0,,Y,,,Y,,L,4,0,0,1,0,0,0,1,0,0,- ,- ,,,ALAMEDA,FREMONT,-121.919754,37.47275162
9268058,2021,5/26/21,105,3/17/21,718,16171,1265,3,5,6,105,0,0,0,,0,3,SCOTT CREEK RD,ZINFANDEL ST,155,W,N,B,-,N,,,,,,,,,,N,4,0,1,2,A,-,3,22350,,N,C,C,A,A,H,-,A,D,0,,,,,Y,,A,1,0,0,1,0,0,0,0,0,0,- ,- ,,,ALAMEDA,FREMONT,-121.9096909,37.46501923
9268428,2021,7/16/21,105,6/2/21,625,12745,927,3,5,6,105,0,0,0,,0,3,OSGOOD RD,AUTO MALL PKWY,108,S,N,A,B,N,,,,,,,,,,Y,4,0,2,2,A,-,3,22350,,N,C,C,A,A,H,-,A,D,0,,,,Y,Y,,A,1,0,0,2,0,0,0,0,0,0,- ,- ,,,ALAMEDA,FREMONT,-121.9424973,37.51360321
9268432,2021,7/19/21,105,6/2/21,1612,14175,1075,3,5,6,105,0,0,0,,0,0Z3,S GRIMMER BL,AUTO MALL PKWY,0,,Y,A,-,N,,,,,,,,,,Y,4,0,2,2,A,-,9,21453,C,N,D,C,A,A,H,-,A,A,0,,,,,Y,,D,22,0,0,2,0,0,0,0,0,0,- ,- ,,,ALAMEDA,FREMONT,-121.9630203,37.50928879
9268436,2021,7/2/21,105,6/5/21,1447,2536,1121,6,5,6,105,0,0,0,,0,3,CUSHING PKWY,AUTO MALL CIR,362,N,N,A,-,N,,,,,,,,,,Y,3,0,1,2,A,-,8,22107,,N,B,C,A,A,H,-,A,D,0,,,,Y,Y,,A,7,0,1,0,0,0,0,0,0,0,- ,- ,,,ALAMEDA,FREMONT,-121.9793625,37.50238037
9270408,2021,6/7/21,105,5/19/21,1708,2536,640,3,5,6,105,0,0,0,,0,1,PASEO PADRE PKWY,PARKSIDE DR,216,N,N,A,-,N,,,,,,,,,,Y,4,0,2,2,A,-,7,21658,A,N,B,C,A,A,H,-,A,D,0,,,,,Y,,A,1,0,0,2,0,0,0,0,0,0,- ,- ,,,ALAMEDA,FREMONT,-121.9903641,37.55817032
9270409,2021,6/7/21,105,5/20/21,1342,2536,646,4,5,6,105,0,0,0,,0,1,BEACON AV,CALIFORNIA ST,68,E,N,A,-,N,,,,,,,,,,N,3,0,1,1,C,-,18,,,N,E,J,A,A,C,-,A,D,0,,Y,,,Y,,-,- ,0,1,0,0,0,0,1,0,0,- ,- ,,,ALAMEDA,FREMONT,-121.9825821,37.54805374
9271429,2021,6/16/21,105,4/19/21,2125,6135,314,1,5,6,105,0,0,0,,0,1,RT 238,MAYHEWS RD,0,,Y,A,-,Y,ALA,4,238,-,-,4.03,I,5,S,N,3,0,1,1,A,-,3,22350,,N,E,I,A,A,H,-,C,D,0,,,,,Y,,A,1,0,1,0,0,0,0,0,0,0,- ,- ,,,ALAMEDA,FREMONT,-121.9781723,37.57876968
9271958,2021,6/10/21,105,5/28/21,1336,14175,829,5,5,6,105,0,0,0,,0,0Z1,FREMONT BL,EUGENE ST,0,,Y,A,-,N,,,,,,,,,,Y,4,0,1,2,A,-,12,21453,A,N,D,C,A,A,H,-,A,A,0,,,,,Y,,A,7,0,0,1,0,0,0,0,0,0,- ,- ,,,ALAMEDA,FREMONT,-121.9664993,37.53668976
9272149,2021,6/10/21,105,4/22/21,1621,15161,P2,4,5,6,105,0,0,0,,0,649,MOWRY AV,STATE ST,0,,Y,A,-,N,,,,,,,,,,Y,4,0,1,2,A,-,8,22107,,N,B,C,A,A,H,-,A,A,0,,,,,Y,,A,1,0,0,1,0,0,0,0,0,0,- ,- ,,,ALAMEDA,FREMONT,-121.9863968,37.55097961
9272437,2021,6/9/21,105,4/28/21,1655,16058,784,3,5,6,105,0,0,0,,0,1,PASEO PADRE PKWY,BAYLIS ST,50,N,N,A,-,N,,,,,,,,,,Y,4,0,1,3,A,-,3,22350,,N,C,C,A,A,H,-,A,A,0,,,,,Y,,A,1,0,0,1,0,0,0,0,0,0,- ,- ,,,ALAMEDA,FREMONT,-121.9631653,37.54358673
9272438,2021,6/9/21,105,4/20/21,1540,13144,246,2,5,6,105,0,0,0,,0,2,FREMONT BL,ENEA CT,0,,Y,A,-,N,,,,,,,,,,Y,4,0,2,2,A,-,12,21453,A,N,D,C,A,A,H,-,A,A,0,,,,,Y,,A,1,0,0,2,0,0,0,0,0,0,- ,- ,,,ALAMEDA,FREMONT,-122.0430374,37.57598877
9272439,2021,6/9/21,105,4/27/21,1350,2536,849,2,5,6,105,0,0,0,,0,1,BESCO DR,MARGERY DR,0,,Y,A,-,N,,,,,,,,,,N,4,0,1,2,A,-,10,21950,A,N,G,B,B,A,H,-,A,A,0,Y,,,,Y,,A,1,0,0,1,0,1,0,0,0,0,- ,- ,,,ALAMEDA,FREMONT,-121.9781723,37.53274918
9272440,2021,6/9/21,105,4/30/21,1708,14997,624,5,5,6,105,0,0,0,,0,1,PASO PADRE PKWY,CAPITOL AV,688,S,N,A,-,N,,,,,,,,,,Y,3,0,2,2,A,-,12,21453,A,N,D,C,A,A,H,-,A,A,0,,,,,Y,,A,1,0,1,1,0,0,0,0,0,0,- ,- ,,,ALAMEDA,FREMONT,-121.9797745,37.55286789
9273472,2021,7/1/21,105,6/9/21,644,2799,1176,3,5,6,105,0,0,0,,0,3,FREMONT BL,CUSHING PKWY,0,,Y,A,-,N,,,,,,,,,,Y,4,0,1,2,A,-,12,21453,A,N,D,C,A,A,H,-,A,A,0,,,,,Y,,D,22,0,0,1,0,0,0,0,0,0,- ,- ,,,ALAMEDA,FREMONT,-121.9485703,37.49058914
9274659,2021,6/28/21,105,5/7/21,853,15405,3,5,5,6,105,0,0,0,,0,1041,OMAR ST,HILO ST,1,E,N,A,-,N,,,,,,,,,,Y,4,0,1,1,A,-,8,22107,,N,E,I,A,A,H,-,A,A,0,,,,,Y,,A,1,0,0,1,0,0,0,0,0,0,- ,- ,,,ALAMEDA,FREMONT,-121.9807053,37.52398682
9274671,2021,6/29/21,105,6/10/21,1458,14563,582,4,5,6,105,0,0,0,,0,2,BLACOW RD,HANSEN AV,0,,Y,A,-,N,,,,,,,,,,N,4,0,1,2,A,-,9,21802,A,N,D,C,A,A,H,-,A,A,0,,,,,Y,,A,1,0,0,1,0,0,0,0,0,0,- ,- ,,,ALAMEDA,FREMONT,-122.0177078,37.54626083
9274672,2021,6/29/21,105,6/2/21,1653,14175,622,3,5,6,105,0,0,0,,0,0Z1,MOWRY AV,STIVERS ST,135,W,N,A,-,N,,,,,,,,,,N,3,0,1,2,A,-,9,21801,A,N,D,C,A,A,H,-,A,D,0,,,Y,,Y,,A,7,0,1,0,0,0,0,0,0,1,- ,- ,,,ALAMEDA,FREMONT,-121.982338,37.55598831
9274673,2021,6/29/21,105,6/5/21,909,14591,775,6,5,6,105,0,0,0,,0,1,PASEO PADRE PKWY,KEARNEY ST,553,N,N,A,-,N,,,,,,,,,,N,2,0,1,2,A,-,9,21801,A,N,D,G,A,A,H,-,A,A,0,,Y,,,Y,,A,1,1,0,0,0,0,0,1,0,0,- ,- ,,,ALAMEDA,FREMONT,-121.9757004,37.55077744
9274674,2021,6/29/21,105,6/11/21,1213,12745,679,5,5,6,105,0,0,0,,0,2,FREMONT BL,COUNTRY DR,55,S,N,A,-,N,,,,,,,,,,N,3,0,1,2,A,-,3,22350,,N,C,C,A,A,H,-,A,A,0,,,,,Y,,A,7,0,1,0,0,0,0,0,0,0,- ,- ,,,ALAMEDA,FREMONT,-121.9922714,37.55069733
9274866,2021,9/1/21,105,6/17/21,2259,16103,1070,4,5,6,105,0,0,0,,0,3,AUTO MALL PKWY,FREMONT BL,15,E,N,A,-,N,,,,,,,,,,N,4,0,1,2,A,-,4,21703,,N,C,C,A,A,H,-,C,A,0,,,,,Y,,D,22,0,0,1,0,0,0,0,0,0,- ,- ,,,ALAMEDA,FREMONT,-121.951149,37.51210785
9274870,2021,10/2/21,105,6/6/21,506,16190,1180,7,5,6,105,0,0,0,,0,3,KATO RD,KATO RD 46625,494,N,N,A,-,N,,,,,,,,,,Y,4,0,2,3,A,-,1,23152,A,N,B,C,A,A,H,-,B,D,0,,,,Y,Y,Y,A,1,0,0,2,0,0,0,0,0,0,- ,- ,,,ALAMEDA,FREMONT,-121.9477997,37.4952507
9275349,2021,7/20/21,105,5/6/21,2157,15154,326,4,5,6,105,0,0,0,,0,1,NILES BL,D ST,173,N,N,A,-,N,,,,,,,,,,N,3,0,1,2,A,-,4,21703,,N,B,G,A,A,H,-,C,D,0,,Y,,,Y,,L,4,0,1,0,0,0,0,1,0,0,- ,- ,,,ALAMEDA,FREMONT,-121.9864655,37.57862473
9275367,2021,7/15/21,105,6/10/21,2053,15776,125,4,5,6,105,0,0,0,,0,2,PASEO PADRE PKWY,COMMERCE DR,301,N,N,A,-,N,,,,,,,,,,Y,3,0,1,1,A,-,8,22107,,N,E,I,A,A,H,-,C,D,0,,,,,Y,,A,1,0,1,0,0,0,0,0,0,0,- ,- ,,,ALAMEDA,FREMONT,-122.0669632,37.55627441
9275368,2021,7/15/21,105,6/12/21,1809,14175,666,6,5,6,105,0,0,0,,0,0Z2,FREMONT BL,CENTRAL AV,110,N,N,A,-,N,,,,,,,,,,Y,3,0,1,2,A,-,1,23152,A,N,C,C,A,A,H,-,A,D,0,,,,,Y,Y,A,1,0,1,0,0,0,0,0,0,0,- ,- ,,,ALAMEDA,FREMONT,-122.0040894,37.55665207
9275369,2021,7/15/21,105,6/14/21,1427,14175,426,1,5,6,105,0,0,0,,0,0Z2,DECOTO RD,OZARK RIVER WY,0,,Y,A,-,N,,,,,,,,,,Y,3,0,2,2,A,-,12,21453,,N,A,C,A,A,H,-,A,A,0,,,Y,,Y,,C,2,0,1,1,0,0,0,0,0,1,- ,- ,,,ALAMEDA,FREMONT,-122.0344086,37.56874084
9275370,2021,7/15/21,105,6/15/21,1200,14175,1060,2,5,6,105,0,0,0,,0,0Z3,BOYCE RD,AUTO MALL PKWY,930,N,N,A,-,N,,,,,,,,,,N,4,0,1,2,A,-,5,21650,,N,A,G,A,A,H,-,A,D,0,,Y,,,Y,,L,4,0,0,1,0,0,0,1,0,0,- ,- ,,,ALAMEDA,FREMONT,-121.9817352,37.50408173
9275371,2021,7/15/21,105,6/14/21,1101,14591,1174,1,5,6,105,0,0,0,,0,3,FREMONT BL,S GRIMMER BL,0,,Y,A,-,N,,,,,,,,,,Y,3,0,3,2,A,-,12,21453,A,N,D,C,A,A,H,-,A,A,0,,,,,Y,,A,1,0,3,0,0,0,0,0,0,0,- ,- ,,,ALAMEDA,FREMONT,-121.9490814,37.50263977
9275570,2021,8/5/21,105,6/22/21,1824,14175,732,2,5,6,105,0,0,0,,0,0Z3,MISSION BL,WITHERLY LN,25,N,N,A,-,N,,,,,,,,,,Y,4,0,1,2,A,-,4,21703,,F,C,C,A,A,H,-,A,D,0,,,,,Y,,D,22,0,0,1,0,0,0,0,0,0,- ,- ,,,ALAMEDA,FREMONT,-121.9193192,37.53056717
9276454,2021,9/27/21,105,8/15/21,1910,15405,1,7,5,6,105,0,0,0,,0,589,MOWRY AV,RT 880,0,,Y,A,-,Y,ALA,4,880,-,-,7.017,R,4,N,N,3,0,1,2,A,-,8,22107,,F,H,G,A,A,H,-,B,A,0,,Y,,,Y,,A,1,0,1,0,0,0,0,1,0,0,- ,NF,,,ALAMEDA,FREMONT,-121.9995499,37.52851868
9276661,2021,8/2/21,105,7/13/21,748,14591,354,2,5,6,105,0,0,0,,0,2,ISHERWOOD WY,CHAPLIN DR,32,E,N,A,-,N,,,,,,,,,,N,4,0,1,2,A,-,3,22350,,N,C,C,A,A,H,-,A,A,0,,,,,Y,,A,1,0,0,1,0,0,0,0,0,0,- ,- ,,,ALAMEDA,FREMONT,-122.0115128,37.57490921
9280191,2021,6/24/21,105,6/6/21,1527,12223,367,7,5,6,105,0,0,0,,0,1,RT 238,NILES CANYON RD,95,N,N,A,-,Y,ALA,4,238,-,-,3.67,H,-,S,Y,4,0,2,3,A,-,3,22350,,N,C,C,A,A,H,-,A,A,0,,,,,Y,,A,1,0,0,2,0,0,0,0,0,0,- ,- ,,,ALAMEDA,FREMONT,-121.9720917,37.57672882
9281455,2021,8/26/21,105,7/6/21,1938,15405,3,2,5,6,105,0,0,0,,0,1162,PASEO PADRE PKWY,DURHAM RD,0,,Y,A,-,N,,,,,,,,,,Y,3,0,2,3,A,-,12,21453,A,N,D,C,A,A,H,-,A,A,0,,,,,Y,,-,- ,0,1,1,0,0,0,0,0,0,- ,- ,,,ALAMEDA,FREMONT,-121.9311371,37.51430893
9281457,2021,8/26/21,105,7/9/21,1023,12745,817,5,5,6,105,0,0,0,,0,1,WALNUT AVE,LIBERTY ST,0,,Y,A,-,N,,,,,,,,,,Y,3,0,2,2,A,-,12,21453,A,N,D,C,A,A,H,-,A,A,0,,,,,Y,,A,1,0,1,1,0,0,0,0,0,0,- ,- ,,,ALAMEDA,FREMONT,-121.9796295,37.54956055
9281574,2021,8/4/21,105,6/30/21,1707,2536,1157,3,5,6,105,0,0,0,,0,3,FREMONT BL,POLE #29522,345,N,N,A,-,N,,,,,,,,,,Y,2,0,2,2,A,-,5,21650,,N,G,B,F,A,H,-,A,D,0,Y,,,,Y,,A,7,1,1,0,0,1,0,0,0,0,- ,- ,,,ALAMEDA,FREMONT,,
9283731,2021,8/2/21,105,6/27/21,1034,14563,1178,7,5,6,105,0,0,0,,0,3,WARM SPRINGS BL,FULTON PL,330,N,N,A,-,N,,,,,,,,,,Y,3,0,1,2,A,-,9,21804,,N,F,C,A,A,H,-,A,D,0,,,,,Y,,A,7,0,1,0,0,0,0,0,0,0,- ,- ,,,ALAMEDA,FREMONT,-121.9315109,37.49346924
9283732,2021,8/2/21,105,6/27/21,1343,14563,411,7,5,6,105,0,0,0,,0,2,PASEO PADRE PKWY,SURRY PL,0,,Y,A,-,N,,,,,,,,,,Y,3,0,1,2,A,-,8,22100,,N,B,C,A,A,H,-,A,D,0,,,,,Y,,A,7,0,1,0,0,0,0,0,0,0,- ,- ,,,ALAMEDA,FREMONT,-122.0090332,37.56671906
9283828,2021,8/24/21,105,7/1/21,1230,14175,102,4,5,6,105,0,0,0,,0,0Z2,PASEO PADRE PKWY,ARDENWOOD BL,6,E,N,A,-,N,,,,,,,,,,N,3,0,1,2,A,-,12,21453,A,N,D,C,A,A,H,-,A,A,0,,,Y,,Y,,C,3,0,1,0,0,0,0,0,0,1,- ,- ,,,ALAMEDA,FREMONT,-122.064064,37.56044769